{
"type": "FeatureCollection",
"name": "linhas_metrotrem_sp",
"crs": { "type": "name", "properties": { "name": "urn:ogc:def:crs:OGC:1.3:CRS84" } },
"features": [
{ "type": "Feature", "properties": { "fid": 1, "Name": "Linha 1 - Azul > TUC", "description": "Jabaquara > Tucuruvi • 20.4km • 23 estações • 36min • 1 087mil pass/d (MDU 2025) • 1 175mil pass/d (Dez/2024) • CBTC GoA2+ • Headway: 132s • 58 trens", "Status_Obra": "Construído", "Modal": "Metrô", "N_Linha": 1, "data_abertura": "1975-09-26" }, "geometry": { "type": "MultiLineString", "coordinates": [ [ [ -46.63575015639875, -23.555081280736957 ], [ -46.6356814, -23.5549224 ], [ -46.6355977, -23.5547353 ], [ -46.6354883, -23.5545035 ], [ -46.635389, -23.5543045 ], [ -46.6350566, -23.5536319 ], [ -46.6350022, -23.5535237 ], [ -46.6349511, -23.5534238 ], [ -46.6349009, -23.55333 ], [ -46.6348517, -23.5532426 ], [ -46.6347764, -23.5531156 ], [ -46.6347282, -23.553041 ], [ -46.6346782, -23.5529685 ], [ -46.6346234, -23.5528939 ], [ -46.6345675, -23.5528226 ], [ -46.634513, -23.5527568 ], [ -46.6344574, -23.5526933 ], [ -46.634396, -23.5526262 ], [ -46.6343291, -23.5525588 ], [ -46.6342704, -23.5525029 ], [ -46.6338536, -23.5521189 ], [ -46.6337813, -23.5520513 ], [ -46.6337142, -23.5519861 ], [ -46.6336511, -23.5519222 ], [ -46.6335892, -23.5518575 ], [ -46.6335267, -23.5517886 ], [ -46.6334573, -23.5517068 ], [ -46.6334034, -23.551639 ], [ -46.6333487, -23.5515664 ], [ -46.6332947, -23.5514927 ], [ -46.6332398, -23.5514141 ], [ -46.6331897, -23.5513372 ], [ -46.6331377, -23.5512539 ], [ -46.6330931, -23.5511783 ], [ -46.6330472, -23.5510956 ], [ -46.632998, -23.5510032 ], [ -46.6329586, -23.550925 ], [ -46.6329209, -23.5508439 ], [ -46.6328791, -23.5507491 ], [ -46.6328426, -23.550658 ], [ -46.6328103, -23.5505701 ], [ -46.6327806, -23.5504819 ], [ -46.6327548, -23.5503976 ], [ -46.6327271, -23.5503008 ], [ -46.6327018, -23.5502004 ], [ -46.6326794, -23.5501023 ], [ -46.6326601, -23.5500064 ], [ -46.6326442, -23.5499127 ], [ -46.632632, -23.5498233 ], [ -46.6326227, -23.5497345 ], [ -46.632616, -23.5496421 ], [ -46.6326109, -23.5495482 ], [ -46.6326095, -23.5494569 ], [ -46.6326106, -23.5493649 ], [ -46.6326142, -23.5492703 ], [ -46.6326213, -23.5491796 ], [ -46.632631, -23.5490872 ], [ -46.6326449, -23.5489903 ], [ -46.6326634, -23.5488935 ], [ -46.6326838, -23.5488018 ], [ -46.632712, -23.5486984 ], [ -46.6327401, -23.5486067 ], [ -46.6327722, -23.5485132 ], [ -46.6328048, -23.5484233 ], [ -46.63283950000001, -23.5483334 ], [ -46.6328794, -23.5482351 ], [ -46.6330561, -23.5477982 ], [ -46.633097, -23.5476963 ], [ -46.6331339, -23.5476007 ], [ -46.633169, -23.5475043 ], [ -46.6332009, -23.5474113 ], [ -46.6332307, -23.5473202 ], [ -46.6332584, -23.5472265 ], [ -46.6332841, -23.5471217 ], [ -46.633308, -23.5470147 ], [ -46.6335511, -23.5457596 ], [ -46.633577, -23.5456216 ], [ -46.6336029, -23.5455075 ], [ -46.6336329, -23.5453946 ], [ -46.6336665, -23.5452875 ], [ -46.6337077, -23.5451735 ], [ -46.6337582, -23.545057 ], [ -46.633812, -23.5449482 ], [ -46.6338749, -23.5448345 ], [ -46.6340893, -23.5444725 ], [ -46.6341443, -23.5443732 ], [ -46.6341979, -23.5442671 ], [ -46.6342501, -23.5441503 ], [ -46.6342915, -23.5440474 ], [ -46.6343276, -23.5439447 ], [ -46.6343593, -23.5438421 ], [ -46.6343873, -23.5437421 ], [ -46.6344087, -23.5436536 ], [ -46.6344281, -23.5435584 ], [ -46.6344446, -23.5434615 ], [ -46.6344572, -23.5433653 ], [ -46.6344671, -23.5432648 ], [ -46.6344746, -23.5431532 ], [ -46.6344773, -23.5430509 ], [ -46.6344774, -23.5429432 ], [ -46.634475, -23.5428452 ], [ -46.6344705, -23.5427438 ], [ -46.634463, -23.5426433 ], [ -46.6344523, -23.5425433 ], [ -46.6344378, -23.5424312 ], [ -46.6344197, -23.542312 ], [ -46.6344017, -23.5422027 ], [ -46.634377, -23.542075 ], [ -46.6339157, -23.5398751 ], [ -46.6338795, -23.5396971 ], [ -46.6338474, -23.5395203 ], [ -46.6338169, -23.5393377 ], [ -46.6337898, -23.5391573 ], [ -46.6337599, -23.5389399 ], [ -46.6337345, -23.538736 ], [ -46.6337134, -23.5385493 ], [ -46.6336926, -23.5383497 ], [ -46.633472, -23.5360439 ], [ -46.6334603, -23.5359359 ], [ -46.6334456, -23.5358227 ], [ -46.633426, -23.535689 ], [ -46.6334094, -23.5355872 ], [ -46.6333885, -23.5354731 ], [ -46.6333684, -23.5353722 ], [ -46.6333474, -23.5352722 ], [ -46.6331694, -23.5344733 ], [ -46.6331509, -23.5343908 ], [ -46.633129, -23.5342986 ], [ -46.6331064, -23.5342075 ], [ -46.6330811, -23.5341129 ], [ -46.6330548, -23.5340165 ], [ -46.6330264, -23.5339136 ], [ -46.6329944, -23.5338028 ], [ -46.6329613, -23.5336904 ], [ -46.6319738, -23.5304264 ], [ -46.6319388, -23.5303006 ], [ -46.6319056, -23.5301719 ], [ -46.6318457, -23.5299203 ], [ -46.6318133, -23.5297898 ], [ -46.6317793, -23.5296646 ], [ -46.6317434, -23.5295405 ], [ -46.6317014, -23.5294095 ], [ -46.63166, -23.5292886 ], [ -46.6316141, -23.5291593 ], [ -46.631564, -23.5290271 ], [ -46.6315098, -23.5288913 ], [ -46.6314593, -23.528768 ], [ -46.6314081, -23.5286533 ], [ -46.6313414, -23.5285118 ], [ -46.6312791, -23.5283822 ], [ -46.6306355, -23.5270573 ], [ -46.6305531, -23.5269005 ], [ -46.6304726, -23.5267591 ], [ -46.6303935, -23.52663 ], [ -46.630307, -23.5264984 ], [ -46.6302131, -23.5263657 ], [ -46.6301259, -23.52625 ], [ -46.6300368, -23.5261387 ], [ -46.6299369, -23.5260241 ], [ -46.6298411, -23.5259221 ], [ -46.6297358, -23.5258179 ], [ -46.6296123, -23.5257023 ], [ -46.6294896, -23.5255953 ], [ -46.629373, -23.5254999 ], [ -46.6292453, -23.5254012 ], [ -46.6291252, -23.5253139 ], [ -46.6290101, -23.5252362 ], [ -46.6288901, -23.5251611 ], [ -46.6287714, -23.5250929 ], [ -46.6286303, -23.5250178 ], [ -46.6284891, -23.5249485 ], [ -46.628346, -23.5248832 ], [ -46.628202, -23.5248233 ], [ -46.6280617, -23.5247689 ], [ -46.6271966, -23.5244384 ], [ -46.6270609, -23.5243832 ], [ -46.6269345, -23.524325 ], [ -46.6268164, -23.524264 ], [ -46.6267048, -23.5242011 ], [ -46.6266076, -23.5241417 ], [ -46.6264986, -23.5240689 ], [ -46.6264088, -23.5240025 ], [ -46.6263056, -23.52392 ], [ -46.6262182, -23.5238466 ], [ -46.6261278, -23.5237644 ], [ -46.6260408, -23.5236781 ], [ -46.6259648, -23.5235955 ], [ -46.6258965, -23.5235148 ], [ -46.6258322, -23.5234336 ], [ -46.6257735, -23.5233531 ], [ -46.6257128, -23.523262 ], [ -46.6256608, -23.5231741 ], [ -46.6256078, -23.5230757 ], [ -46.6255592, -23.5229762 ], [ -46.625518, -23.5228802 ], [ -46.6254828, -23.5227898 ], [ -46.6254509, -23.5226957 ], [ -46.6254241, -23.5226047 ], [ -46.6254, -23.5225101 ], [ -46.6253785, -23.5224111 ], [ -46.6253596, -23.5223072 ], [ -46.6253436, -23.5221935 ], [ -46.6253295, -23.5220671 ], [ -46.6253199, -23.5219408 ], [ -46.6253121, -23.5218013 ], [ -46.6253047, -23.521645 ], [ -46.624718010910669, -23.502543055178585 ] ] ] } },
{ "type": "Feature", "properties": { "fid": 2, "Name": "Linha 1 - Azul > JAB", "description": "Tucuruvi > Jabaquara • 20.4km • 23 estações • 36min • 1 087mil pass/d (MDU 2025) • 1 175mil pass/d (Dez/2024) • CBTC GoA2+ • Headway: 132s • 58 trens", "Status_Obra": "Construído", "Modal": "Metrô", "N_Linha": 1, "data_abertura": "1975-09-26" }, "geometry": { "type": "MultiLineString", "coordinates": [ [ [ -46.624753428862576, -23.502541548031918 ], [ -46.6253405, -23.5216434 ], [ -46.6253468, -23.5217977 ], [ -46.6253549, -23.5219388 ], [ -46.6253646, -23.5220636 ], [ -46.6253787, -23.5221887 ], [ -46.6253948, -23.522301899999988 ], [ -46.6254143, -23.5224048 ], [ -46.625434, -23.5225029 ], [ -46.6254585, -23.5225978 ], [ -46.625484, -23.5226836 ], [ -46.62551650000001, -23.5227796 ], [ -46.6255509, -23.5228694 ], [ -46.6255909, -23.5229598 ], [ -46.6256405, -23.5230621 ], [ -46.6256922, -23.5231592 ], [ -46.6257438, -23.5232444 ], [ -46.6258042, -23.5233354 ], [ -46.6258622, -23.523414 ], [ -46.6259255, -23.5234947 ], [ -46.6259933, -23.5235765 ], [ -46.6260683, -23.5236575 ], [ -46.6261527, -23.5237414 ], [ -46.6262447, -23.5238239 ], [ -46.6263286, -23.5238958 ], [ -46.6264315, -23.5239779 ], [ -46.626521, -23.524043700000011 ], [ -46.626627, -23.524115 ], [ -46.6267255, -23.5241755 ], [ -46.6268362, -23.5242374 ], [ -46.6269525, -23.5242964 ], [ -46.6270796, -23.5243549 ], [ -46.6272121, -23.5244088 ], [ -46.6280787, -23.5247385 ], [ -46.6282176, -23.5247935 ], [ -46.6283633, -23.524854 ], [ -46.6285075, -23.5249188 ], [ -46.6286497, -23.5249893 ], [ -46.6287932, -23.5250664 ], [ -46.6289118, -23.5251349 ], [ -46.6290292, -23.5252081 ], [ -46.6291465, -23.5252874 ], [ -46.629269, -23.5253773 ], [ -46.6293937, -23.5254734 ], [ -46.6295103, -23.5255684 ], [ -46.6296354, -23.5256787 ], [ -46.6297614, -23.5257953 ], [ -46.6298684, -23.5259019 ], [ -46.6299653, -23.5260058 ], [ -46.6300634, -23.5261172 ], [ -46.6301547, -23.5262327 ], [ -46.6302429, -23.5263477 ], [ -46.630337, -23.5264811 ], [ -46.6304249, -23.5266145 ], [ -46.6305038, -23.5267439 ], [ -46.6305839, -23.5268832 ], [ -46.6306698, -23.5270439 ], [ -46.6314617, -23.5286794 ], [ -46.6315074, -23.52877650000001 ], [ -46.6315481, -23.5288678 ], [ -46.6316101, -23.5290152 ], [ -46.631654, -23.5291263 ], [ -46.6316936, -23.5292303 ], [ -46.6318793, -23.5297327 ], [ -46.6319282, -23.5298733 ], [ -46.631977, -23.5300184 ], [ -46.6320226, -23.5301613 ], [ -46.6320712, -23.53032 ], [ -46.6321195, -23.5304841 ], [ -46.6330821, -23.5336657 ], [ -46.6331159, -23.533779 ], [ -46.6331464, -23.5338858 ], [ -46.6331758, -23.5339922 ], [ -46.6332087, -23.5341137 ], [ -46.6332368, -23.534220399999988 ], [ -46.633264, -23.534328 ], [ -46.6332905, -23.5344372 ], [ -46.6334721, -23.5352193 ], [ -46.6334978, -23.5353366 ], [ -46.6335196, -23.5354478 ], [ -46.6335413, -23.5355683 ], [ -46.6335629, -23.5356992 ], [ -46.6335803, -23.535819 ], [ -46.6335943, -23.5359281 ], [ -46.6336061, -23.5360362 ], [ -46.633826, -23.5383453 ], [ -46.6338463, -23.5385389 ], [ -46.6338681, -23.538728 ], [ -46.6338917, -23.5389236 ], [ -46.6339203, -23.539137 ], [ -46.6339467, -23.539319 ], [ -46.6339752, -23.5394949 ], [ -46.6340051, -23.5396728 ], [ -46.634035, -23.539843 ], [ -46.6344129, -23.5418875 ], [ -46.6344363, -23.5420272 ], [ -46.6344557, -23.542162099999988 ], [ -46.6344726, -23.5422889 ], [ -46.6344861, -23.542415 ], [ -46.6344966, -23.5425336 ], [ -46.6345034, -23.5426485 ], [ -46.6345057, -23.5427641 ], [ -46.6345055, -23.5428855 ], [ -46.6345013, -23.5430001 ], [ -46.6344921, -23.5431296 ], [ -46.6344785, -23.5432553 ], [ -46.634461, -23.5433844 ], [ -46.6344402, -23.5435036 ], [ -46.6344134, -23.5436327 ], [ -46.6343873, -23.5437421 ], [ -46.6343593, -23.5438421 ], [ -46.6343276, -23.5439447 ], [ -46.6342915, -23.5440474 ], [ -46.6342501, -23.5441503 ], [ -46.6341979, -23.5442671 ], [ -46.6341443, -23.5443732 ], [ -46.6340893, -23.5444725 ], [ -46.6338749, -23.5448345 ], [ -46.633812, -23.5449482 ], [ -46.6337582, -23.545057 ], [ -46.6337077, -23.5451735 ], [ -46.6336665, -23.5452875 ], [ -46.6336329, -23.5453946 ], [ -46.6336029, -23.5455075 ], [ -46.633577, -23.5456216 ], [ -46.6335511, -23.5457596 ], [ -46.6335202, -23.54592430000001 ], [ -46.6333217, -23.5469889 ], [ -46.6333002, -23.5470918 ], [ -46.6332747, -23.5472015 ], [ -46.6332457, -23.5473183 ], [ -46.6332128, -23.5474443 ], [ -46.6331772, -23.5475672 ], [ -46.6329306, -23.5484078 ], [ -46.6329005, -23.5485177 ], [ -46.6328751, -23.5486166 ], [ -46.6328533, -23.5487092 ], [ -46.6328305, -23.5488132 ], [ -46.6328104, -23.548916 ], [ -46.6327938, -23.549017 ], [ -46.6327805, -23.5491217 ], [ -46.6327723, -23.5492131 ], [ -46.6327676, -23.5493132 ], [ -46.6327661, -23.5494102 ], [ -46.6327677, -23.5495162 ], [ -46.6327733, -23.5496131 ], [ -46.6327814, -23.5497076 ], [ -46.6327929, -23.549804 ], [ -46.6328063, -23.5498953 ], [ -46.6328211, -23.5499818 ], [ -46.632839, -23.5500753 ], [ -46.6328584, -23.5501607 ], [ -46.6328838, -23.5502605 ], [ -46.6329112, -23.5503591 ], [ -46.6329383, -23.5504459 ], [ -46.632968, -23.5505339 ], [ -46.6329962, -23.5506108 ], [ -46.6330292, -23.5506956 ], [ -46.6330636, -23.5507783 ], [ -46.633101, -23.5508619 ], [ -46.6331427, -23.5509492 ], [ -46.6331838, -23.551029 ], [ -46.6332254, -23.5511056 ], [ -46.633267, -23.5511782 ], [ -46.6333188, -23.551263 ], [ -46.6333686, -23.551341 ], [ -46.6334204, -23.5514178 ], [ -46.6334697, -23.5514887 ], [ -46.633519, -23.5515561 ], [ -46.6335711, -23.5516239 ], [ -46.6336304, -23.5516967 ], [ -46.6336968, -23.5517747 ], [ -46.6337649, -23.5518517 ], [ -46.6338323, -23.5519247 ], [ -46.6342391, -23.5523453 ], [ -46.6343027, -23.5524113 ], [ -46.6343648, -23.5524767 ], [ -46.6344266, -23.5525442 ], [ -46.6344878, -23.5526141 ], [ -46.6345488, -23.5526872 ], [ -46.6346072, -23.5527614 ], [ -46.6346625, -23.5528349 ], [ -46.6347178, -23.5529142 ], [ -46.6347677, -23.5529919 ], [ -46.6348204, -23.5530812 ], [ -46.6348681, -23.5531659 ], [ -46.6349216, -23.5532664 ], [ -46.6349749, -23.5533687 ], [ -46.6354314, -23.5542898 ], [ -46.6355299, -23.5544888 ], [ -46.6356398, -23.5547217 ], [ -46.6357237, -23.5549093 ], [ -46.635790365975417, -23.555063330033448 ] ] ] } },
{ "type": "Feature", "properties": { "fid": 3, "Name": "Linha 2 - Verde > VMD", "description": "Vila Formosa/Vila Prudente > Vila Madalena • 14.9/19.1kmkm • 14/18 estações • 21min • 695mil pass/d (MDU 2025) • 753mil pass/d (Nov/2024) • CBTC GoA2+ • Headway: 133s • 27 trens", "Status_Obra": "Em Obras", "Modal": "Metrô", "N_Linha": 2, "data_abertura": null }, "geometry": { "type": "MultiLineString", "coordinates": [ [ [ -46.581993344916185, -23.584399222783265 ], [ -46.5819646, -23.5843429 ], [ -46.581899, -23.5842184 ], [ -46.5818236, -23.5840823 ], [ -46.5817442, -23.5839471 ], [ -46.5816614, -23.5838119 ], [ -46.581575, -23.583674899999988 ], [ -46.5814757, -23.583522899999988 ], [ -46.5813802, -23.5833792 ], [ -46.5812921, -23.5832487 ], [ -46.5807587, -23.5824757 ], [ -46.580702, -23.5823946 ], [ -46.5806449, -23.5823131 ], [ -46.5801085, -23.5815565 ], [ -46.5799952, -23.5814031 ], [ -46.5798793, -23.5812498 ], [ -46.5797633, -23.5811028 ], [ -46.5788536, -23.5799843 ], [ -46.5787672, -23.5798804 ], [ -46.5786901, -23.5797902 ], [ -46.5786176, -23.579709 ], [ -46.5785437, -23.5796293 ], [ -46.5784598, -23.5795436 ], [ -46.5783796, -23.5794658 ], [ -46.5782975, -23.5793893 ], [ -46.5782088, -23.579311 ], [ -46.5781201, -23.5792382 ], [ -46.57803, -23.5791688 ], [ -46.5779402, -23.5791043 ], [ -46.5778432, -23.5790392 ], [ -46.5777347, -23.5789708 ], [ -46.577634, -23.5789127 ], [ -46.5775306, -23.5788564 ], [ -46.5774317, -23.5788061 ], [ -46.5773331, -23.5787589 ], [ -46.5772237, -23.5787087 ], [ -46.577118, -23.5786631 ], [ -46.5687463, -23.5750893 ], [ -46.5686153, -23.5750305 ], [ -46.568493, -23.5749731 ], [ -46.5683698, -23.5749132 ], [ -46.5682647, -23.5748591 ], [ -46.568149, -23.5747956 ], [ -46.5680407, -23.5747333 ], [ -46.56793, -23.5746639 ], [ -46.5677066, -23.5745186 ], [ -46.5657495, -23.5732067 ], [ -46.5656092, -23.5731107 ], [ -46.5654796, -23.573019 ], [ -46.565349, -23.5729229 ], [ -46.5652404, -23.5728409 ], [ -46.5651263, -23.5727505 ], [ -46.5650249, -23.5726687 ], [ -46.5649375, -23.572592 ], [ -46.564845, -23.5725089 ], [ -46.5647466, -23.5724149 ], [ -46.5646546, -23.5723249 ], [ -46.5645709, -23.572236299999989 ], [ -46.5644876, -23.5721441 ], [ -46.564412, -23.5720535 ], [ -46.5643323, -23.5719538 ], [ -46.5642582, -23.5718547 ], [ -46.564186, -23.5717532 ], [ -46.5641105, -23.5716425 ], [ -46.5640404, -23.5715342 ], [ -46.5639723, -23.5714224 ], [ -46.5638961, -23.5712909 ], [ -46.5638225, -23.571156 ], [ -46.5637589, -23.5710371 ], [ -46.5637008, -23.570923 ], [ -46.5636478, -23.5708126 ], [ -46.563595, -23.5707011 ], [ -46.5635427, -23.5705844 ], [ -46.5634912, -23.5704665 ], [ -46.5623423, -23.5678409 ], [ -46.56229, -23.5677262 ], [ -46.562239, -23.5676188 ], [ -46.561409, -23.565859 ], [ -46.5613614, -23.5657589 ], [ -46.5613225, -23.5656817 ], [ -46.5612818, -23.5656061 ], [ -46.561241, -23.5655354 ], [ -46.5611964, -23.5654638 ], [ -46.5611455, -23.565388 ], [ -46.5610851, -23.5653047 ], [ -46.5610224, -23.5652237 ], [ -46.5609676, -23.5651565 ], [ -46.5608972, -23.565074 ], [ -46.5603106, -23.5644089 ], [ -46.560223, -23.5643118 ], [ -46.5601143, -23.5641911 ], [ -46.5600103, -23.5640775 ], [ -46.5598864, -23.5639455 ], [ -46.5597686, -23.5638236 ], [ -46.5596563, -23.5637119 ], [ -46.5595448, -23.5636052 ], [ -46.5594269, -23.5634964 ], [ -46.5592805, -23.5633658 ], [ -46.5591983, -23.5632941 ], [ -46.5591222, -23.5632302 ], [ -46.5590438, -23.5631679 ], [ -46.558968, -23.5631102 ], [ -46.5588878, -23.5630534 ], [ -46.5587957, -23.5629914 ], [ -46.5587055, -23.5629355 ], [ -46.5586137, -23.5628815 ], [ -46.5585103, -23.5628265 ], [ -46.5584096, -23.5627784 ], [ -46.5583036, -23.5627323 ], [ -46.5581876, -23.5626866 ], [ -46.5580715, -23.5626457 ], [ -46.5579581, -23.5626103 ], [ -46.5578383, -23.5625786 ], [ -46.5577216, -23.562553 ], [ -46.5576127, -23.5625325 ], [ -46.5575057, -23.5625163 ], [ -46.5573938, -23.5625025 ], [ -46.5572731, -23.5624905 ], [ -46.557145, -23.5624823 ], [ -46.5570083, -23.5624766 ], [ -46.5568811, -23.5624739 ], [ -46.5567585, -23.562473 ], [ -46.5566333, -23.562474 ], [ -46.5502661, -23.5625403 ], [ -46.5501269, -23.5625393 ], [ -46.5500052, -23.5625365 ], [ -46.549887, -23.5625315 ], [ -46.5497792, -23.5625239 ], [ -46.5496717, -23.5625143 ], [ -46.5495662, -23.5625021 ], [ -46.5494553, -23.5624862 ], [ -46.5493458, -23.5624671 ], [ -46.5492479, -23.5624479 ], [ -46.5491526, -23.5624269 ], [ -46.5490473, -23.5624002 ], [ -46.5489333, -23.5623675 ], [ -46.5488151, -23.5623302 ], [ -46.5487117, -23.5622948 ], [ -46.5485975, -23.5622517 ], [ -46.5484933, -23.5622092 ], [ -46.5483931, -23.5621649 ], [ -46.5482936, -23.5621163 ], [ -46.5481995, -23.5620645 ], [ -46.5481154, -23.5620145 ], [ -46.5480295, -23.5619569 ], [ -46.5479563, -23.5619043 ], [ -46.5478799, -23.5618456 ], [ -46.5478048, -23.5617829 ], [ -46.547739, -23.5617234 ], [ -46.5476746, -23.5616599 ], [ -46.5476171, -23.5615977 ], [ -46.5475582, -23.5615305 ], [ -46.5475064, -23.5614663 ], [ -46.5474586, -23.5614026 ], [ -46.5474084, -23.5613298 ], [ -46.5473595, -23.5612555 ], [ -46.5473125, -23.5611779 ], [ -46.5472674, -23.5610985 ], [ -46.5472286, -23.5610254 ], [ -46.5471884, -23.5609434 ], [ -46.5471444, -23.5608481 ], [ -46.5471039, -23.5607507 ], [ -46.5470719, -23.5606653 ], [ -46.5470419, -23.5605737 ], [ -46.5470112, -23.5604727 ], [ -46.5469851, -23.5603767 ], [ -46.5469636, -23.5602863 ], [ -46.5469445, -23.5601904 ], [ -46.5469302, -23.560105499999988 ], [ -46.5469169, -23.5600212 ], [ -46.5466908, -23.5585783 ] ] ] } },
{ "type": "Feature", "properties": { "fid": 4, "Name": "Linha 2 - Verde > VPT", "description": "Vila Madalena > Vila Prudente/Vila Formosa • 14.9/19.1kmkm • 14/18 estações • 21min • 695mil pass/d (MDU 2025) • 753mil pass/d (Nov/2024) • CBTC GoA2+ • Headway: 133s • 27 trens", "Status_Obra": "Em Obras", "Modal": "Metrô", "N_Linha": 2, "data_abertura": null }, "geometry": { "type": "MultiLineString", "coordinates": [ [ [ -46.581936865586187, -23.584427028004963 ], [ -46.5818905, -23.5843444 ], [ -46.5818117, -23.5842087 ], [ -46.581725, -23.5840617 ], [ -46.5816446, -23.5839296 ], [ -46.5815443, -23.5837651 ], [ -46.5814425, -23.5836027 ], [ -46.5813591, -23.5834724 ], [ -46.5812816, -23.5833545 ], [ -46.5802842, -23.5818753 ], [ -46.5801777, -23.58172 ], [ -46.5800739, -23.5815721 ], [ -46.5799618, -23.5814199 ], [ -46.5798457, -23.5812678 ], [ -46.5797291, -23.5811216 ], [ -46.5788218, -23.5800045 ], [ -46.5787334, -23.5798978 ], [ -46.578659, -23.5798102 ], [ -46.5785842, -23.5797262 ], [ -46.5785105, -23.5796474 ], [ -46.5784281, -23.5795633 ], [ -46.5783474, -23.5794856 ], [ -46.5782696, -23.5794129 ], [ -46.5781803, -23.579334 ], [ -46.5780925, -23.5792624 ], [ -46.5780026, -23.5791933 ], [ -46.5779119, -23.5791284 ], [ -46.5778172, -23.5790647 ], [ -46.5777131, -23.5789987 ], [ -46.5776123, -23.5789395 ], [ -46.5775044, -23.5788821 ], [ -46.5774092, -23.5788338 ], [ -46.5773125, -23.5787871 ], [ -46.5772043, -23.5787379 ], [ -46.5770989, -23.5786929 ], [ -46.5687268, -23.5751189 ], [ -46.5685967, -23.5750612 ], [ -46.5684668, -23.5750001 ], [ -46.5683493, -23.5749421 ], [ -46.5682419, -23.5748869 ], [ -46.5681258, -23.5748231 ], [ -46.5680183, -23.5747603 ], [ -46.5679047, -23.5746907 ], [ -46.5678, -23.5746231 ], [ -46.5676839, -23.5745457 ], [ -46.5657243, -23.5732326 ], [ -46.5655872, -23.5731393 ], [ -46.5654542, -23.5730458 ], [ -46.5653252, -23.572951 ], [ -46.5652123, -23.5728654 ], [ -46.5650989, -23.5727757 ], [ -46.5649997, -23.5726941 ], [ -46.5649112, -23.572618 ], [ -46.5648206, -23.5725364 ], [ -46.5647216, -23.5724432 ], [ -46.5646301, -23.5723526 ], [ -46.5645404, -23.5722588 ], [ -46.5644578, -23.5721659 ], [ -46.5643803, -23.5720735 ], [ -46.5643004, -23.5719734 ], [ -46.5642251, -23.5718739 ], [ -46.5641524, -23.5717714 ], [ -46.5640805, -23.571665 ], [ -46.5640069, -23.5715515 ], [ -46.5639381, -23.5714387 ], [ -46.563862, -23.5713067 ], [ -46.5637878, -23.5711719 ], [ -46.5637286, -23.571060299999989 ], [ -46.5636653, -23.5709376 ], [ -46.5636139, -23.5708304 ], [ -46.5635605, -23.5707166 ], [ -46.5635068, -23.570599 ], [ -46.5634545, -23.570480199999988 ], [ -46.5623079, -23.5678555 ], [ -46.5622554, -23.5677406 ], [ -46.5622043, -23.567633 ], [ -46.5613728, -23.5658726 ], [ -46.5613253, -23.5657721 ], [ -46.5612871, -23.565695 ], [ -46.561246, -23.5656182 ], [ -46.5612059, -23.5655495 ], [ -46.5611628, -23.5654806 ], [ -46.561112, -23.5654061 ], [ -46.5610528, -23.5653233 ], [ -46.5609916, -23.5652442 ], [ -46.5609334, -23.5651727 ], [ -46.5608665, -23.5650951 ], [ -46.5602807, -23.5644315 ], [ -46.5601897, -23.5643296 ], [ -46.560081, -23.5642081 ], [ -46.559974, -23.5640919 ], [ -46.5598525, -23.5639636 ], [ -46.5597395, -23.5638474 ], [ -46.5596265, -23.5637349 ], [ -46.5595156, -23.563628 ], [ -46.5593971, -23.5635185 ], [ -46.5592563, -23.563392 ], [ -46.5591703, -23.5633178 ], [ -46.559094, -23.5632537 ], [ -46.5590163, -23.563192 ], [ -46.5589419, -23.5631358 ], [ -46.5588632, -23.56308 ], [ -46.5587711, -23.5630174 ], [ -46.5586854, -23.5629637 ], [ -46.5585907, -23.562909 ], [ -46.5584896, -23.5628558 ], [ -46.5583859, -23.5628057 ], [ -46.558283, -23.5627608 ], [ -46.5581697, -23.5627162 ], [ -46.5580523, -23.5626753 ], [ -46.557944, -23.5626423 ], [ -46.5578153, -23.5626086 ], [ -46.5577041, -23.5625837 ], [ -46.5575984, -23.5625638 ], [ -46.5574944, -23.5625478 ], [ -46.5573838, -23.5625343 ], [ -46.5572659, -23.5625233 ], [ -46.5571374, -23.5625147 ], [ -46.5570028, -23.5625092 ], [ -46.5568778, -23.5625069 ], [ -46.5567548, -23.5625065 ], [ -46.5566305, -23.5625075 ], [ -46.5502611, -23.562573 ], [ -46.5501232, -23.5625723 ], [ -46.5500014, -23.5625692 ], [ -46.5498821, -23.5625641 ], [ -46.549773, -23.5625571 ], [ -46.5496654, -23.5625475 ], [ -46.5495572, -23.5625343 ], [ -46.5494404, -23.5625166 ], [ -46.5493355, -23.5624993 ], [ -46.5492341, -23.5624795 ], [ -46.5491395, -23.5624578 ], [ -46.5490331, -23.5624304 ], [ -46.5489173, -23.5623978 ], [ -46.5488016, -23.5623616 ], [ -46.5486933, -23.5623245 ], [ -46.548586, -23.5622839 ], [ -46.5484773, -23.56224 ], [ -46.548373, -23.5621931 ], [ -46.5482727, -23.5621442 ], [ -46.5481764, -23.5620916 ], [ -46.5480921, -23.5620405 ], [ -46.5480029, -23.561982 ], [ -46.5479304, -23.5619297 ], [ -46.5478543, -23.5618706 ], [ -46.5477795, -23.5618079 ], [ -46.5477131, -23.5617475 ], [ -46.5476451, -23.5616807 ], [ -46.5475905, -23.5616225 ], [ -46.5475272, -23.5615509 ], [ -46.5474765, -23.5614881 ], [ -46.5474258, -23.561421 ], [ -46.5473747, -23.5613477 ], [ -46.5473266, -23.5612752 ], [ -46.5472777, -23.5611947 ], [ -46.5472332, -23.5611167 ], [ -46.5471935, -23.5610418 ], [ -46.5471517, -23.5609565 ], [ -46.5471086, -23.5608616 ], [ -46.5470708, -23.5607691 ], [ -46.5470356, -23.5606761 ], [ -46.5470047, -23.5605834 ], [ -46.5469739, -23.5604815 ], [ -46.5469478, -23.5603851 ], [ -46.5469267, -23.5602942 ], [ -46.5469079, -23.5602011 ], [ -46.5468917, -23.5601099 ], [ -46.5468784, -23.5600245 ], [ -46.5466525, -23.558583 ] ] ] } },
{ "type": "Feature", "properties": { "fid": 5, "Name": "L2 via 3 [Anália Franco]\n", "description": null, "Status_Obra": "Em Obras", "Modal": "Metrô", "N_Linha": 2, "data_abertura": null }, "geometry": { "type": "MultiLineString", "coordinates": [ [ [ -46.5520513, -23.5625542 ], [ -46.5521686, -23.5625462 ], [ -46.5522839, -23.5625376 ], [ -46.5524181, -23.5625271 ], [ -46.5525247, -23.5625198 ], [ -46.5526239, -23.5625155 ], [ -46.5527057, -23.5625142 ], [ -46.5528264, -23.5625173 ], [ -46.5529123, -23.562521 ], [ -46.5530209, -23.5625308 ], [ -46.5531161, -23.5625382 ], [ -46.5532207, -23.5625419 ], [ -46.5541636, -23.562533 ], [ -46.5542619, -23.562533 ], [ -46.5543484, -23.5625346 ], [ -46.5544369, -23.5625376 ], [ -46.5545425, -23.5625432 ], [ -46.5554592, -23.5625976 ], [ -46.5555819, -23.5626034 ], [ -46.5557064, -23.5626086 ], [ -46.55693, -23.5626553 ], [ -46.5570336, -23.5626605 ], [ -46.5571383, -23.5626676 ], [ -46.5572378, -23.5626767 ], [ -46.55734540000001, -23.5626894 ], [ -46.5574681, -23.5627082 ], [ -46.5575825, -23.56273 ], [ -46.5577187, -23.5627597 ], [ -46.5578438, -23.5627909 ], [ -46.5579443, -23.5628187 ], [ -46.5580529, -23.5628539 ], [ -46.5581487, -23.5628892 ], [ -46.5582441, -23.5629282 ], [ -46.5583435, -23.5629734 ], [ -46.5584277, -23.5630149 ], [ -46.5585182, -23.563064 ], [ -46.5586054, -23.563116 ], [ -46.5586879, -23.5631685 ], [ -46.5587742, -23.5632272 ], [ -46.5588555, -23.5632868 ], [ -46.5589443, -23.5633569 ], [ -46.5590303, -23.5634287 ], [ -46.5591133, -23.5635021 ], [ -46.5592568, -23.5636324 ], [ -46.5593722, -23.5637393 ], [ -46.559485, -23.5638475 ], [ -46.5595924, -23.5639526 ], [ -46.5597081, -23.5640685 ], [ -46.5598335, -23.5641991 ], [ -46.5599334, -23.5643063 ], [ -46.5600316, -23.5644145 ], [ -46.5601263, -23.5645205 ], [ -46.5606945, -23.565168 ], [ -46.5607813, -23.5652708 ], [ -46.56086, -23.5653678 ], [ -46.5609281, -23.5654544 ], [ -46.5610017, -23.5655516 ], [ -46.5610713, -23.5656477 ], [ -46.5611476, -23.5657587 ], [ -46.5612345, -23.5658908 ], [ -46.5613217, -23.5660273 ], [ -46.561779, -23.56677 ], [ -46.5618114, -23.5668252 ], [ -46.5618391, -23.5668746 ], [ -46.5618716, -23.5669357 ], [ -46.5619109, -23.5670119 ], [ -46.5616516, -23.566462 ], [ -46.5616875, -23.5665274 ], [ -46.561723, -23.566584299999988 ], [ -46.5617743, -23.5666602 ], [ -46.5618088, -23.5667143 ], [ -46.5618356, -23.5667625 ] ] ] } },
{ "type": "Feature", "properties": { "fid": 6, "Name": "Linha 3 - Vermelha > BFU", "description": "Itaquera > Barra Funda • 22.2km • 18 estações • 37min • 1 043mil pass/d (MDU 2025) • 1 145mil pass/d (Set/2024) • ATO GoA2+ • Headway: 134s  • 57 trens", "Status_Obra": "Construído", "Modal": "Metrô", "N_Linha": 3, "data_abertura": "1988-09-17" }, "geometry": { "type": "MultiLineString", "coordinates": [ [ [ -46.484225610096374, -23.540555991886137 ], [ -46.485094, -23.5397511 ], [ -46.4852153, -23.5396325 ], [ -46.4853354, -23.5395064 ], [ -46.4854145, -23.5394179 ], [ -46.4855043, -23.5393106 ], [ -46.4855855, -23.5392089 ], [ -46.4856558, -23.5391117 ], [ -46.4857376, -23.5389925 ], [ -46.4858221, -23.5388604 ], [ -46.4858784, -23.5387657 ], [ -46.4859381, -23.538658699999988 ], [ -46.4859938, -23.5385512 ], [ -46.4860508, -23.5384307 ], [ -46.4861155, -23.538281499999989 ], [ -46.4863311, -23.5377463 ], [ -46.4863991, -23.5375836 ], [ -46.4864635, -23.5374355 ], [ -46.4865212, -23.537313799999989 ], [ -46.4866, -23.537165 ], [ -46.486666, -23.5370537 ], [ -46.4867526, -23.536921 ], [ -46.486829, -23.5368152 ], [ -46.4869014, -23.5367255 ], [ -46.4869933, -23.5366207 ], [ -46.4870677, -23.5365429 ], [ -46.4871609, -23.536455 ], [ -46.4872498, -23.5363772 ], [ -46.487356, -23.5362933 ], [ -46.4874626, -23.5362158 ], [ -46.4875709, -23.536142 ], [ -46.4877027, -23.5360633 ], [ -46.4878247, -23.5359982 ], [ -46.4879569, -23.5359349 ], [ -46.4881024, -23.5358743 ], [ -46.4882258, -23.5358291 ], [ -46.4883582, -23.5357895 ], [ -46.4884806, -23.535757199999988 ], [ -46.488606, -23.5357301 ], [ -46.488726, -23.5357087 ], [ -46.4888819, -23.5356862 ], [ -46.4890263, -23.5356712 ], [ -46.4891565, -23.5356631 ], [ -46.4892983, -23.5356604 ], [ -46.4894535, -23.5356632 ], [ -46.48960970000001, -23.5356724 ], [ -46.4901381, -23.5357129 ], [ -46.4903457, -23.5357228 ], [ -46.490515, -23.5357271 ], [ -46.4907008, -23.5357271 ], [ -46.4908804, -23.5357228 ], [ -46.4910481, -23.5357148 ], [ -46.4912181, -23.5357022 ], [ -46.4913787, -23.5356865 ], [ -46.491997, -23.5356229 ], [ -46.4925709, -23.5355642 ], [ -46.4938678, -23.5354418 ], [ -46.4941109, -23.5354145 ], [ -46.4942842, -23.535392 ], [ -46.4944371, -23.5353687 ], [ -46.4946041, -23.5353392 ], [ -46.4947804, -23.5353004 ], [ -46.4949608, -23.5352546 ], [ -46.4951156, -23.5352101 ], [ -46.4952585, -23.5351651 ], [ -46.4954067, -23.5351123 ], [ -46.4955448, -23.5350576 ], [ -46.4956903, -23.5349949 ], [ -46.4958432, -23.5349242 ], [ -46.495992, -23.5348486 ], [ -46.4961624, -23.5347558 ], [ -46.4963126, -23.5346648 ], [ -46.4964547, -23.5345707 ], [ -46.4965928, -23.5344724 ], [ -46.4967063, -23.5343881 ], [ -46.4968243, -23.5342937 ], [ -46.4969664, -23.5341747 ], [ -46.4974284, -23.5337684 ], [ -46.4975981, -23.5336263 ], [ -46.4977355, -23.5335127 ], [ -46.4978663, -23.5334125 ], [ -46.4979772, -23.5333307 ], [ -46.4981029, -23.5332427 ], [ -46.4982169, -23.5331683 ], [ -46.5055381, -23.5284345 ], [ -46.5057345, -23.5283085 ], [ -46.5059122, -23.5282015 ], [ -46.5060806, -23.528108 ], [ -46.5062107, -23.5280397 ], [ -46.5063401, -23.527977 ], [ -46.5064721, -23.527918 ], [ -46.5066043, -23.5278627 ], [ -46.5067598, -23.5278043 ], [ -46.5069016, -23.5277551 ], [ -46.5070716, -23.527701 ], [ -46.5072252, -23.527658 ], [ -46.5073861, -23.5276174 ], [ -46.5075637, -23.5275762 ], [ -46.5077261, -23.5275448 ], [ -46.5079099, -23.5275122 ], [ -46.5080889, -23.5274864 ], [ -46.5082564, -23.5274674 ], [ -46.5084348, -23.527452 ], [ -46.5086133, -23.5274415 ], [ -46.5087762, -23.5274354 ], [ -46.5089733, -23.5274342 ], [ -46.5091577, -23.5274391 ], [ -46.5093335, -23.5274471 ], [ -46.5094991, -23.52746 ], [ -46.5096714, -23.5274785 ], [ -46.5098376, -23.5274997 ], [ -46.5100361, -23.527527 ], [ -46.5133473, -23.528033 ], [ -46.5135622, -23.5280668 ], [ -46.5137891, -23.528108 ], [ -46.5139702, -23.5281461 ], [ -46.514152, -23.5281892 ], [ -46.5143304, -23.5282371 ], [ -46.5144866, -23.5282838 ], [ -46.5146656, -23.5283441 ], [ -46.514844600000011, -23.5284093 ], [ -46.5150665, -23.5285003 ], [ -46.5152918, -23.5286012 ], [ -46.5155299, -23.5287142 ], [ -46.517017398918277, -23.529429107184807 ] ] ] } },
{ "type": "Feature", "properties": { "fid": 7, "Name": "Linha 3 - Vermelha > ITQ", "description": "Barra Funda > Itaquera • 22.2km • 18 estações • 37min • 1 043mil pass/d (MDU 2025) • 1 145mil pass/d (Set/2024) • ATO GoA2+ • Headway: 134s • 57 trens", "Status_Obra": "Construído", "Modal": "Metrô", "N_Linha": 3, "data_abertura": "1988-09-17" }, "geometry": { "type": "MultiLineString", "coordinates": [ [ [ -46.516948068630484, -23.529552911335287 ], [ -46.5152268, -23.528725 ], [ -46.5149877, -23.5286119 ], [ -46.5147467, -23.5285043 ], [ -46.5146159, -23.5284496 ], [ -46.5144792, -23.5283967 ], [ -46.5143537, -23.5283494 ], [ -46.5142186, -23.5283024 ], [ -46.5140896, -23.5282614 ], [ -46.5139601, -23.5282233 ], [ -46.5137997, -23.5281801 ], [ -46.51364, -23.5281419 ], [ -46.5134967, -23.5281115 ], [ -46.5133324, -23.5280808 ], [ -46.5131628, -23.5280517 ], [ -46.5129556, -23.5280185 ], [ -46.5101091, -23.5275845 ], [ -46.5098684, -23.527549799999989 ], [ -46.5096833, -23.5275261 ], [ -46.509511, -23.5275071 ], [ -46.5093655, -23.5274954 ], [ -46.5092052, -23.5274862 ], [ -46.5090711, -23.5274812 ], [ -46.5089243, -23.5274801 ], [ -46.5087691, -23.5274819 ], [ -46.5086313, -23.5274863 ], [ -46.5084763, -23.5274948 ], [ -46.5083282, -23.5275065 ], [ -46.5081612, -23.5275237 ], [ -46.5079889, -23.5275464 ], [ -46.5078366, -23.5275698 ], [ -46.5076965, -23.5275956 ], [ -46.5075403, -23.5276282 ], [ -46.5073948, -23.5276611 ], [ -46.5072456, -23.5277 ], [ -46.507087, -23.527745 ], [ -46.5069415, -23.5277911 ], [ -46.5067792, -23.527847 ], [ -46.5066304, -23.5279036 ], [ -46.5064768, -23.527967 ], [ -46.5063098, -23.5280438 ], [ -46.506167, -23.5281145 ], [ -46.5060332, -23.5281857 ], [ -46.5059007, -23.528262 ], [ -46.505776, -23.5283377 ], [ -46.5056238, -23.5284336 ], [ -46.5041969, -23.529359 ], [ -46.5040098, -23.5294847 ], [ -46.5038509, -23.5295938 ], [ -46.5036661, -23.5297247 ], [ -46.5030321, -23.5301957 ], [ -46.5028417, -23.5303332 ], [ -46.5026989, -23.5304341 ], [ -46.5025195, -23.5305564 ], [ -46.5023428, -23.5306739 ], [ -46.4996458, -23.5324144 ], [ -46.4994695, -23.5325238 ], [ -46.499322, -23.5326099 ], [ -46.4991617, -23.5326969 ], [ -46.4987338, -23.5329234 ], [ -46.4985609, -23.5330187 ], [ -46.4984026, -23.5331103 ], [ -46.4982638, -23.5331977 ], [ -46.4981217, -23.5332914 ], [ -46.4979795, -23.5333919 ], [ -46.497842, -23.533493 ], [ -46.4977089, -23.5335968 ], [ -46.4975711, -23.5337097 ], [ -46.4974447, -23.5338192 ], [ -46.4970254, -23.5341861 ], [ -46.4969114, -23.5342827 ], [ -46.4967832, -23.5343866 ], [ -46.4966571, -23.5344837 ], [ -46.4965144, -23.5345858 ], [ -46.4963659, -23.5346845 ], [ -46.4962274, -23.5347702 ], [ -46.4960725, -23.5348582 ], [ -46.4959316, -23.5349325 ], [ -46.4957861, -23.5350026 ], [ -46.4956316, -23.5350718 ], [ -46.4954616, -23.5351403 ], [ -46.4952946, -23.5352005 ], [ -46.4951297, -23.5352547 ], [ -46.4949486, -23.5353054 ], [ -46.4947468, -23.5353561 ], [ -46.4945611, -23.5353929 ], [ -46.4943746, -23.535424899999988 ], [ -46.4941808, -23.5354526 ], [ -46.4939656, -23.5354766 ], [ -46.4926081, -23.5356075 ], [ -46.4922478, -23.5356423 ], [ -46.4913873, -23.5357311 ], [ -46.4911791, -23.5357495 ], [ -46.490959, -23.5357631 ], [ -46.4907476, -23.5357716 ], [ -46.490533, -23.535773 ], [ -46.4903412, -23.5357692 ], [ -46.4901411, -23.5357582 ], [ -46.4896197, -23.5357189 ], [ -46.4894662, -23.535709 ], [ -46.4893421, -23.5357047 ], [ -46.4892194, -23.5357034 ], [ -46.4890987, -23.5357071 ], [ -46.4889707, -23.5357176 ], [ -46.4888507, -23.5357305 ], [ -46.4887313, -23.535748 ], [ -46.4885999, -23.5357728 ], [ -46.4884785, -23.5358012 ], [ -46.4883658, -23.5358319 ], [ -46.4882572, -23.5358658 ], [ -46.4881483, -23.5359029 ], [ -46.4880346, -23.5359487 ], [ -46.4879226, -23.5359979 ], [ -46.487818, -23.5360502 ], [ -46.4877167, -23.5361056 ], [ -46.4876208, -23.5361627 ], [ -46.4875242, -23.536226 ], [ -46.4874216, -23.5362998 ], [ -46.4873331, -23.5363692 ], [ -46.4872493, -23.53644 ], [ -46.4871614, -23.5365212 ], [ -46.4870877, -23.536593 ], [ -46.4870133, -23.5366704 ], [ -46.4869322, -23.5367633 ], [ -46.4868651, -23.5368469 ], [ -46.4868041, -23.5369317 ], [ -46.4867371, -23.5370307 ], [ -46.4866848, -23.5371162 ], [ -46.4866331, -23.5372059 ], [ -46.4865828, -23.5373012 ], [ -46.4865332, -23.5374014 ], [ -46.4864843, -23.5375096 ], [ -46.4864413, -23.5376061 ], [ -46.4864031, -23.5376971 ], [ -46.4862066, -23.5381883 ], [ -46.4861479, -23.5383306 ], [ -46.4861013, -23.5384349 ], [ -46.4860557, -23.5385314 ], [ -46.4860069, -23.5386315 ], [ -46.4859495, -23.5387422 ], [ -46.4858851, -23.5388581 ], [ -46.4858298, -23.5389537 ], [ -46.485759, -23.5390724 ], [ -46.4856963, -23.5391701 ], [ -46.4856205, -23.5392819 ], [ -46.485532, -23.5394049 ], [ -46.4854503, -23.539515 ], [ -46.4853497, -23.5396416 ], [ -46.4852334, -23.5397775 ], [ -46.4851244, -23.5398974 ], [ -46.4849966, -23.5400312 ], [ -46.4848925, -23.5401364 ], [ -46.4847898, -23.5402357 ], [ -46.4846852, -23.5403342 ], [ -46.4845634, -23.5404486 ], [ -46.4844437, -23.5405586 ], [ -46.484332213268608, -23.54066058373823 ] ] ] } },
{ "type": "Feature", "properties": { "fid": 8, "Name": "L3 via 3 [Itaquera]", "description": null, "Status_Obra": "Construído", "Modal": "Metrô", "N_Linha": 3, "data_abertura": "1988-10-01" }, "geometry": { "type": "MultiLineString", "coordinates": [ [ [ -46.4688715, -23.542008 ], [ -46.4687582, -23.5419797 ], [ -46.4686649, -23.5419569 ], [ -46.4684819, -23.5419078 ], [ -46.4683526, -23.5418806 ], [ -46.4682043, -23.5418553 ], [ -46.4680869, -23.5418412 ], [ -46.4679836, -23.5418344 ], [ -46.46782, -23.5418234 ], [ -46.4677228, -23.5418148 ], [ -46.4676383, -23.5418043 ], [ -46.4677228, -23.5418148 ], [ -46.46782, -23.5418234 ], [ -46.4679836, -23.5418344 ], [ -46.4680869, -23.5418412 ], [ -46.4682043, -23.5418553 ], [ -46.4683526, -23.5418806 ], [ -46.4721163, -23.5425075 ], [ -46.4723114, -23.5425432 ], [ -46.4725199, -23.542585 ], [ -46.4727064, -23.542628 ], [ -46.4732575, -23.5427731 ], [ -46.473397, -23.5428075 ], [ -46.4735452, -23.54284 ], [ -46.4737115, -23.5428689 ], [ -46.4735452, -23.54284 ], [ -46.473397, -23.5428075 ], [ -46.4732575, -23.5427731 ], [ -46.4727064, -23.542628 ], [ -46.4725199, -23.542585 ], [ -46.4723114, -23.5425432 ], [ -46.4721163, -23.5425075 ], [ -46.4722967, -23.5425339 ], [ -46.4725046, -23.5425604 ], [ -46.4729068, -23.542609 ], [ -46.4730389, -23.542624899999989 ], [ -46.4731576, -23.542642099999988 ], [ -46.4732897, -23.542663 ], [ -46.4737622, -23.5427401 ] ] ] } },
{ "type": "Feature", "properties": { "fid": 9, "Name": "Linha 4 - Amarela > LUZ", "description": "Vila Sônia > Luz • 12.9km • 11 estações • 21min • 669mil pass/d (MDU 2024) • 758mil/d (Mai/2025) • CBTC GoA4 • Headway: 115s • 29 trens", "Status_Obra": "Construído", "Modal": "Metrô", "N_Linha": 4, "data_abertura": "2018-10-27" }, "geometry": { "type": "MultiLineString", "coordinates": [ [ [ -46.708225896565061, -23.571984396253754 ], [ -46.7082809, -23.5720522 ], [ -46.7083658, -23.5721585 ], [ -46.7084553, -23.572276299999988 ], [ -46.7085485, -23.5724027 ], [ -46.708639, -23.5725282 ], [ -46.7087174, -23.5726414 ], [ -46.708795, -23.5727528 ], [ -46.70887, -23.5728642 ], [ -46.708956, -23.5730012 ], [ -46.7090325, -23.5731277 ], [ -46.7091036, -23.5732502 ], [ -46.709172, -23.5733727 ], [ -46.7092413, -23.5735062 ], [ -46.709302, -23.5736317 ], [ -46.7093642, -23.5737612 ], [ -46.709423, -23.5738912 ], [ -46.7094784, -23.5740222 ], [ -46.7095311, -23.5741532 ], [ -46.70958, -23.5742848 ], [ -46.7096221, -23.5744072 ], [ -46.7096662, -23.5745411 ], [ -46.7097083, -23.5746821 ], [ -46.709743, -23.5748141 ], [ -46.7097758, -23.5749539 ], [ -46.7098057, -23.5750882 ], [ -46.7098343, -23.5752379 ], [ -46.7098574, -23.5753708 ], [ -46.7098793, -23.5755005 ], [ -46.7098994, -23.5756392 ], [ -46.7099202, -23.5757895 ], [ -46.7101529, -23.5774929 ], [ -46.7101689, -23.5776014 ], [ -46.7101863, -23.5777116 ], [ -46.7102071, -23.5778256 ], [ -46.7102325, -23.5779593 ], [ -46.710261, -23.5780921 ], [ -46.7102861, -23.5782033 ], [ -46.7103162, -23.5783219 ], [ -46.7103496, -23.5784461 ], [ -46.7103852, -23.5785684 ], [ -46.7104222, -23.5786861 ], [ -46.7104606, -23.5788023 ], [ -46.7105051, -23.5789299 ], [ -46.7105566, -23.5790646 ], [ -46.7106074, -23.5791956 ], [ -46.7106532, -23.5793076 ], [ -46.7107036, -23.579427 ], [ -46.7107504, -23.579531 ], [ -46.7108106, -23.579659 ], [ -46.7108671, -23.5797739 ], [ -46.7109256, -23.5798889 ], [ -46.7109913, -23.5800096 ], [ -46.7110563, -23.5801248 ], [ -46.7115028, -23.5808825 ], [ -46.7115539, -23.580968 ], [ -46.7116163, -23.5810664 ], [ -46.7116797, -23.5811631 ], [ -46.7117403, -23.5812521 ], [ -46.7118039, -23.5813403 ], [ -46.7118697, -23.5814245 ], [ -46.7119331, -23.5815038 ], [ -46.7119924, -23.5815738 ], [ -46.7120515, -23.5816415 ], [ -46.7121111, -23.5817067 ], [ -46.7121753, -23.5817729 ], [ -46.7122405, -23.5818376 ], [ -46.7123072, -23.5819017 ], [ -46.712374, -23.5819606 ], [ -46.7124486, -23.5820246 ], [ -46.7125079, -23.5820739 ], [ -46.7125735, -23.5821263 ], [ -46.7126479, -23.5821811 ], [ -46.7127263, -23.5822343 ], [ -46.7128072, -23.582287 ], [ -46.7128951, -23.5823405 ], [ -46.712982, -23.5823898 ], [ -46.7130802, -23.5824421 ], [ -46.7131824, -23.5824923 ], [ -46.7132795, -23.5825375 ], [ -46.7133951, -23.5825892 ], [ -46.7175563, -23.5844447 ], [ -46.7176901, -23.5845013 ], [ -46.7178163, -23.5845527 ], [ -46.7179519, -23.584606 ], [ -46.718082, -23.5846533 ], [ -46.7182158, -23.5846979 ], [ -46.71834040000001, -23.584735399999989 ], [ -46.7184625, -23.5847695 ], [ -46.7185886, -23.5848018 ], [ -46.7187276, -23.5848328 ], [ -46.7188415, -23.5848547 ], [ -46.7189682, -23.5848765 ], [ -46.7197323, -23.5850083 ], [ -46.7198942, -23.5850386 ], [ -46.7200607, -23.5850731 ], [ -46.7202343, -23.5851114 ], [ -46.7203904, -23.5851498 ], [ -46.7205435, -23.5851913 ], [ -46.7207006, -23.5852394 ], [ -46.7208373, -23.5852828 ], [ -46.7209572, -23.5853237 ], [ -46.721079, -23.5853678 ], [ -46.7212129, -23.585418 ], [ -46.7243227945957, -23.586598890657893 ] ] ] } },
{ "type": "Feature", "properties": { "fid": 10, "Name": "Linha 4 - Amarela > VSO", "description": "Luz > Vila Sônia • 12.9km • 11 estações • 21min • 669mil pass/d (MDU 2024) • 758mil/d (Mai/2025) • CBTC GoA4 • Headway: 115s • 29 trens", "Status_Obra": "Construído", "Modal": "Metrô", "N_Linha": 4, "data_abertura": "2018-10-27" }, "geometry": { "type": "MultiLineString", "coordinates": [ [ [ -46.708259404203496, -23.57197314550767 ], [ -46.7083079, -23.5720315 ], [ -46.708391, -23.5721382 ], [ -46.7084828, -23.5722592 ], [ -46.7085771, -23.5723862 ], [ -46.708667, -23.5725113 ], [ -46.7087452, -23.5726236 ], [ -46.7088225, -23.5727352 ], [ -46.7088974, -23.572847 ], [ -46.7089841, -23.5729845 ], [ -46.709061, -23.5731114 ], [ -46.7091316, -23.573234 ], [ -46.7092008, -23.5733581 ], [ -46.7092692, -23.5734888 ], [ -46.7093336, -23.573619 ], [ -46.7093943, -23.5737481 ], [ -46.7094535, -23.5738799 ], [ -46.7095095, -23.5740106 ], [ -46.7095618, -23.5741418 ], [ -46.7096111, -23.5742757 ], [ -46.7096539, -23.5743974 ], [ -46.7096985, -23.574533 ], [ -46.7097407, -23.5746744 ], [ -46.7097761, -23.5748089 ], [ -46.7098091, -23.5749468 ], [ -46.7098379, -23.5750823 ], [ -46.7098666, -23.5752326 ], [ -46.7098899, -23.5753655 ], [ -46.7099119, -23.5754996 ], [ -46.7099326, -23.5756358 ], [ -46.7099538, -23.5757854 ], [ -46.7101857, -23.5774895 ], [ -46.7102013, -23.5775944 ], [ -46.7102197, -23.5777066 ], [ -46.7102397, -23.5778195 ], [ -46.710265, -23.5779521 ], [ -46.7102926, -23.5780845 ], [ -46.710318, -23.5781957 ], [ -46.7103468, -23.5783098 ], [ -46.7103814, -23.5784374 ], [ -46.7104177, -23.5785628 ], [ -46.710452, -23.5786728 ], [ -46.7104925, -23.5787924 ], [ -46.7105377, -23.5789204 ], [ -46.7105864, -23.5790499 ], [ -46.7106381, -23.5791833 ], [ -46.7106822, -23.5792923 ], [ -46.7107343, -23.5794148 ], [ -46.7107807, -23.5795178 ], [ -46.710841, -23.5796465 ], [ -46.7108975, -23.5797613 ], [ -46.7109549, -23.5798743 ], [ -46.7110202, -23.5799941 ], [ -46.7110849, -23.5801088 ], [ -46.7115318, -23.5808646 ], [ -46.711585, -23.5809533 ], [ -46.7116457, -23.5810489 ], [ -46.7117092, -23.5811465 ], [ -46.7117702, -23.5812353 ], [ -46.711834, -23.5813226 ], [ -46.7118957, -23.5814031 ], [ -46.7119613, -23.5814852 ], [ -46.7120248, -23.5815601 ], [ -46.7120848, -23.5816277 ], [ -46.7121418, -23.5816901 ], [ -46.7122024, -23.5817534 ], [ -46.7122665, -23.5818169 ], [ -46.7123307, -23.5818778 ], [ -46.712398, -23.5819385 ], [ -46.7124661, -23.5819967 ], [ -46.7125314, -23.5820499 ], [ -46.7125993, -23.5821033 ], [ -46.7126713, -23.582156 ], [ -46.7127479, -23.5822096 ], [ -46.712829, -23.5822621 ], [ -46.7129132, -23.5823139 ], [ -46.712998, -23.5823623 ], [ -46.713094, -23.582413 ], [ -46.713198, -23.5824643 ], [ -46.7132967, -23.5825094 ], [ -46.7134056, -23.5825586 ], [ -46.7175745, -23.584418 ], [ -46.717702, -23.5844709 ], [ -46.7178285, -23.5845229 ], [ -46.717959, -23.5845736 ], [ -46.7180964, -23.584624 ], [ -46.7182252, -23.5846669 ], [ -46.718354, -23.5847058 ], [ -46.7184656, -23.5847372 ], [ -46.7186017, -23.5847716 ], [ -46.7187294, -23.5847999 ], [ -46.7188522, -23.5848244 ], [ -46.7190112, -23.5848532 ], [ -46.7197402, -23.5849778 ], [ -46.7199001, -23.5850075 ], [ -46.7200686, -23.5850411 ], [ -46.7202437, -23.5850807 ], [ -46.7204006, -23.5851192 ], [ -46.7205546, -23.5851615 ], [ -46.7207124, -23.5852089 ], [ -46.72085, -23.5852532 ], [ -46.7209723, -23.5852947 ], [ -46.7210936, -23.5853386 ], [ -46.7212275, -23.5853889 ], [ -46.724334511049896, -23.586569599514306 ] ] ] } },
{ "type": "Feature", "properties": { "fid": 11, "Name": "Linha 5 - Lilás > CKL", "description": "Capão Redondo > Chácara Klabin • 20.0km • 17 estações • 30min • 556mil pass/d (MDU 2024) • 623mil pass/d (Dez/2024) • CBTC GoA2+ • Headway: 176s • 26 trens", "Status_Obra": "Construído", "Modal": "Metrô", "N_Linha": 5, "data_abertura": "2018-09-28" }, "geometry": { "type": "MultiLineString", "coordinates": [ [ [ -46.650861712000768, -23.597930880733646 ], [ -46.6507328, -23.5979355 ], [ -46.6505838, -23.5979368 ], [ -46.6504355, -23.5979356 ], [ -46.650288, -23.5979319 ], [ -46.6493976, -23.5979005 ], [ -46.6492962, -23.5978978 ], [ -46.6491887, -23.597896 ], [ -46.6490754, -23.5978957 ], [ -46.6489634, -23.597898 ], [ -46.6488471, -23.5979029 ], [ -46.6487416, -23.597909 ], [ -46.6486045, -23.5979188 ], [ -46.6484701, -23.5979311 ], [ -46.6424998, -23.5984842 ], [ -46.6423516, -23.5984956 ], [ -46.6421975, -23.5985051 ], [ -46.6420381, -23.5985113 ], [ -46.6418838, -23.5985153 ], [ -46.6417087, -23.5985172 ], [ -46.6415426, -23.5985175 ], [ -46.6366194, -23.5984975 ], [ -46.6364848, -23.598496 ], [ -46.636377, -23.5984939 ], [ -46.6362758, -23.598489 ], [ -46.6361716, -23.598481 ], [ -46.6360783, -23.5984714 ], [ -46.6359903, -23.5984604 ], [ -46.6359035, -23.5984478 ], [ -46.6358177, -23.5984334 ], [ -46.6357378, -23.5984179 ], [ -46.6356569, -23.5984005 ], [ -46.6355868, -23.5983832 ], [ -46.6355114, -23.5983626 ], [ -46.6354385, -23.5983413 ], [ -46.6353662, -23.5983182 ], [ -46.6352992, -23.5982943 ], [ -46.6352355, -23.5982704 ], [ -46.6351668, -23.5982433 ], [ -46.635096, -23.5982131 ], [ -46.6350233, -23.59818 ], [ -46.634954, -23.5981468 ], [ -46.6348828, -23.5981116 ], [ -46.634821, -23.5980793 ], [ -46.6347592, -23.5980455 ], [ -46.6346964, -23.5980091 ], [ -46.6346381, -23.597974 ], [ -46.6345811, -23.5979383 ], [ -46.6345224, -23.5979004 ], [ -46.6344694, -23.5978637 ], [ -46.6344127, -23.5978226 ], [ -46.6343569, -23.5977793 ], [ -46.6343046, -23.5977364 ], [ -46.6342533, -23.5976933 ], [ -46.6342026, -23.5976481 ], [ -46.6341536, -23.597602 ], [ -46.6341054, -23.5975548 ], [ -46.6340589, -23.5975062 ], [ -46.6340132, -23.5974561 ], [ -46.6339676, -23.5974033 ], [ -46.633927, -23.5973533 ], [ -46.6338834, -23.5972985 ], [ -46.6338376, -23.5972379 ], [ -46.6337919, -23.5971739 ], [ -46.6337512, -23.5971151 ], [ -46.6337115, -23.5970548 ], [ -46.6336677, -23.596986 ], [ -46.6336273, -23.5969187 ], [ -46.6335859, -23.5968482 ], [ -46.6335512, -23.5967869 ], [ -46.633514, -23.5967186 ], [ -46.6334801, -23.5966537 ], [ -46.6334473, -23.5965897 ], [ -46.6334165, -23.5965279 ], [ -46.6333837, -23.59646 ], [ -46.6330029, -23.5956485 ], [ -46.6329557, -23.5955463 ], [ -46.6329058, -23.5954442 ], [ -46.6328546, -23.5953446 ], [ -46.6328013, -23.5952486 ], [ -46.6327497, -23.5951602 ], [ -46.6326947, -23.5950732 ], [ -46.6326327, -23.5949799 ], [ -46.6325734, -23.5948952 ], [ -46.6325035, -23.5948038 ], [ -46.6324401, -23.5947266 ], [ -46.6323709, -23.5946443 ], [ -46.6322933, -23.5945531 ], [ -46.6313493, -23.5934689 ], [ -46.6312857, -23.5933966 ], [ -46.6312295, -23.593335 ], [ -46.6311719, -23.5932742 ], [ -46.6311195, -23.5932201 ], [ -46.6310698, -23.593171 ], [ -46.6310167, -23.5931189 ], [ -46.6292348, -23.5913944 ], [ -46.629133, -23.5912983 ], [ -46.6290406, -23.5912145 ], [ -46.6289366, -23.591125399999989 ], [ -46.6288361, -23.5910424 ], [ -46.6287349, -23.5909641 ], [ -46.6286398, -23.5908958 ], [ -46.628544, -23.5908294 ], [ -46.6284427, -23.5907635 ], [ -46.6283442, -23.5907031 ], [ -46.6282363, -23.5906393 ], [ -46.62771, -23.5903351 ] ] ] } },
{ "type": "Feature", "properties": { "fid": 12, "Name": "Linha 5 - Lilás > CPR", "description": "Chácara Klabin > Capão Redondo • 20.0km • 17 estações • 30min • 556mil pass/d (MDU 2024) • 623mil pass/d (Dez/2024) • CBTC GoA2+ • Headway: 176s • 26 trens", "Status_Obra": "Construído", "Modal": "Metrô", "N_Linha": 5, "data_abertura": "2018-09-28" }, "geometry": { "type": "MultiLineString", "coordinates": [ [ [ -46.62773, -23.5903084 ], [ -46.6282571, -23.5906136 ], [ -46.6283619, -23.5906744 ], [ -46.6284634, -23.5907371 ], [ -46.6285653, -23.5908033 ], [ -46.6286586, -23.590868 ], [ -46.6287568, -23.5909396 ], [ -46.6288577, -23.591017 ], [ -46.6289607, -23.5911026 ], [ -46.6290638, -23.5911906 ], [ -46.6291584, -23.5912755 ], [ -46.6292606, -23.5913719 ], [ -46.6310424, -23.5930969 ], [ -46.6310983, -23.5931517 ], [ -46.6311475, -23.5932017 ], [ -46.6312007, -23.5932566 ], [ -46.6312588, -23.5933179 ], [ -46.6313148, -23.5933789 ], [ -46.6313782, -23.5934505 ], [ -46.6323212, -23.5945346 ], [ -46.6324001, -23.5946278 ], [ -46.6324692, -23.5947103 ], [ -46.6325335, -23.5947898 ], [ -46.6326019, -23.5948775 ], [ -46.6326649, -23.5949659 ], [ -46.6327282, -23.5950621 ], [ -46.632784, -23.5951508 ], [ -46.63283770000001, -23.5952429 ], [ -46.6328853, -23.5953294 ], [ -46.6329375, -23.5954318 ], [ -46.6329874, -23.595535 ], [ -46.6330343, -23.5956365 ], [ -46.6334153, -23.5964472 ], [ -46.633448, -23.5965151 ], [ -46.6334795, -23.5965783 ], [ -46.6335158, -23.5966495 ], [ -46.6335502, -23.5967142 ], [ -46.6335833, -23.5967751 ], [ -46.6336198, -23.59684 ], [ -46.6336577, -23.5969042 ], [ -46.633698, -23.5969694 ], [ -46.6337397, -23.5970355 ], [ -46.6337806, -23.5970974 ], [ -46.6338237, -23.5971604 ], [ -46.6338681, -23.597222 ], [ -46.6339095, -23.5972771 ], [ -46.6339552, -23.5973351 ], [ -46.6339989, -23.5973885 ], [ -46.6340457, -23.5974422 ], [ -46.6340882, -23.5974892 ], [ -46.6341318, -23.5975347 ], [ -46.6341766, -23.5975788 ], [ -46.6342244, -23.5976241 ], [ -46.6342764, -23.5976702 ], [ -46.6343277, -23.5977131 ], [ -46.634382, -23.5977569 ], [ -46.6344377, -23.5977996 ], [ -46.6344883, -23.597836699999988 ], [ -46.6345414, -23.5978734 ], [ -46.6345995, -23.5979117 ], [ -46.6346586, -23.5979486 ], [ -46.6347193, -23.5979852 ], [ -46.6347766, -23.5980179 ], [ -46.6348346, -23.5980497 ], [ -46.634903, -23.5980849 ], [ -46.6349721, -23.5981197 ], [ -46.6350428, -23.5981538 ], [ -46.6351179, -23.5981876 ], [ -46.6351856, -23.5982162 ], [ -46.6352513, -23.5982426 ], [ -46.6353164, -23.5982672 ], [ -46.6353825, -23.59829 ], [ -46.635451, -23.5983121 ], [ -46.6355265, -23.5983342 ], [ -46.635597, -23.5983532 ], [ -46.6356697, -23.5983709 ], [ -46.6357444, -23.5983874 ], [ -46.6358293, -23.5984034 ], [ -46.6359092, -23.5984167 ], [ -46.6359955, -23.5984291 ], [ -46.6360812, -23.5984395 ], [ -46.6361795, -23.5984498 ], [ -46.6362758, -23.5984571 ], [ -46.6363774, -23.5984618 ], [ -46.6364844, -23.5984648 ], [ -46.6366189, -23.598466 ], [ -46.6415398, -23.5984859 ], [ -46.6417086, -23.5984857 ], [ -46.6418798, -23.5984838 ], [ -46.6420389, -23.5984795 ], [ -46.6421919, -23.598473 ], [ -46.6423422, -23.5984645 ], [ -46.6424964, -23.5984525 ], [ -46.6484594, -23.5978993 ], [ -46.6486051, -23.5978867 ], [ -46.6487415, -23.597877 ], [ -46.6488459, -23.5978712 ], [ -46.6489631, -23.5978664 ], [ -46.6490769, -23.597864099999988 ], [ -46.6491893, -23.597864 ], [ -46.6492976, -23.597866 ], [ -46.6494005, -23.5978688 ], [ -46.6502894, -23.5979002 ], [ -46.6504414, -23.5979044 ], [ -46.6505841, -23.5979054 ], [ -46.6507345, -23.5979041 ], [ -46.650859427277211, -23.597899873781969 ] ] ] } },
{ "type": "Feature", "properties": { "fid": 13, "Name": "Linha 6 - Laranja > BRA", "description": "São Joaquim > Brasilândia • 13.5km • 15 estações • 22min • 633mil pass/d (projeto) • CBTC GoA4 • Headway: 135s • 22 trens", "Status_Obra": "Construído", "Modal": "Metrô", "N_Linha": 6, "data_abertura": "2026-07-03" }, "geometry": { "type": "MultiLineString", "coordinates": [ [ [ -46.7045008, -23.4645168 ], [ -46.7040777, -23.4645714 ], [ -46.7039617, -23.4645819 ], [ -46.7038283, -23.4645881 ], [ -46.7036945, -23.4645897 ], [ -46.7035727, -23.4645834 ], [ -46.703454, -23.4645723 ], [ -46.7033299, -23.4645551 ], [ -46.7020309, -23.4643194 ], [ -46.7019356, -23.4642992 ], [ -46.70181190000001, -23.4642679 ], [ -46.7016945, -23.464234 ], [ -46.7015735, -23.4641928 ], [ -46.7014539, -23.4641474 ], [ -46.70128, -23.4640762 ], [ -46.70118320000001, -23.4640405 ], [ -46.7010933, -23.4640145 ], [ -46.7010101, -23.4639976 ], [ -46.7009208, -23.4639869 ], [ -46.70083, -23.4639829 ], [ -46.7007505, -23.4639858 ], [ -46.7006589, -23.4639948 ], [ -46.7005741, -23.46401 ], [ -46.7004925, -23.4640316 ], [ -46.7004116, -23.4640593 ], [ -46.7003334, -23.4640925 ], [ -46.7002518, -23.4641354 ], [ -46.7001796, -23.464181299999989 ], [ -46.7001182, -23.4642291 ], [ -46.7000642, -23.4642797 ], [ -46.7000101, -23.4643388 ], [ -46.69996, -23.464401699999989 ], [ -46.6999184, -23.4644648 ], [ -46.6998722, -23.4645542 ], [ -46.699846, -23.4646229 ], [ -46.6998238, -23.4646995 ], [ -46.6998063, -23.4647847 ], [ -46.6997954, -23.464863 ], [ -46.6997877, -23.4649486 ], [ -46.6997807, -23.4650372 ], [ -46.6997686, -23.4651361 ], [ -46.6997487, -23.4652536 ], [ -46.6997225, -23.4653621 ], [ -46.6996903, -23.4654669 ], [ -46.6996521, -23.4655675 ], [ -46.6996063, -23.4656669 ], [ -46.69956, -23.4657524 ], [ -46.6995088, -23.4658348 ], [ -46.6994516, -23.4659144 ], [ -46.6993863, -23.4659934 ], [ -46.6993198, -23.466068499999988 ], [ -46.6999247, -23.4654463 ], [ -46.6993198, -23.466068499999988 ], [ -46.6988047, -23.4665971 ], [ -46.698736, -23.4666699 ], [ -46.6986671, -23.4667442 ], [ -46.698601, -23.4668178 ], [ -46.6985322, -23.4668969 ], [ -46.6984655, -23.4669784 ], [ -46.6984008, -23.467060499999988 ], [ -46.6983402, -23.467142 ], [ -46.6982828, -23.467225 ], [ -46.6982269, -23.4673112 ], [ -46.6981663, -23.4674121 ], [ -46.6981164, -23.4674983 ], [ -46.6980687, -23.4675883 ], [ -46.6980227, -23.4676808 ], [ -46.6979809, -23.4677731 ], [ -46.6979424, -23.4678635 ], [ -46.697909, -23.467951 ], [ -46.6978749, -23.4680478 ], [ -46.6978447, -23.4681397 ], [ -46.6978151, -23.4682385 ], [ -46.6977895, -23.4683361 ], [ -46.6977679, -23.4684301 ], [ -46.6977488, -23.4685256 ], [ -46.697733, -23.4686199 ], [ -46.6977204, -23.4687018 ], [ -46.6977104, -23.4687842 ], [ -46.6977023, -23.4688726 ], [ -46.6976969, -23.4689498 ], [ -46.697692, -23.4690343 ], [ -46.6976905, -23.4691114 ], [ -46.6976917, -23.4692068 ], [ -46.6976955, -23.4692942 ], [ -46.6977013, -23.469386799999988 ], [ -46.6977092, -23.4694794 ], [ -46.6981575, -23.4737624 ], [ -46.6981763, -23.4739208 ], [ -46.6981918, -23.4740436 ], [ -46.6982093, -23.4741723 ], [ -46.6982297, -23.4743005 ], [ -46.6982548, -23.4744398 ], [ -46.6982791, -23.4745668 ], [ -46.6983078, -23.4746984 ], [ -46.6983369, -23.4748214 ], [ -46.6983677, -23.4749377 ], [ -46.6984048, -23.4750653 ], [ -46.6984445, -23.4751908 ], [ -46.6984845, -23.4753113 ], [ -46.6985286, -23.4754376 ], [ -46.6985778, -23.4755633 ], [ -46.6986303, -23.4756896 ], [ -46.6986872, -23.4758164 ], [ -46.6987421, -23.4759345 ], [ -46.6994917, -23.4775424 ], [ -46.6995366, -23.4776453 ], [ -46.6995814, -23.4777556 ], [ -46.6996237, -23.4778678 ], [ -46.6996619, -23.4779825 ], [ -46.6996938, -23.4780893 ], [ -46.6997204, -23.4781937 ], [ -46.6997448, -23.4783018 ], [ -46.6997659, -23.4784141 ], [ -46.699784, -23.4785296 ], [ -46.6997986, -23.4786487 ], [ -46.6998089, -23.4787666 ], [ -46.6998151, -23.4788839 ], [ -46.6998168, -23.4789932 ], [ -46.6998124, -23.4791117 ], [ -46.6998047, -23.4792206 ], [ -46.6997916, -23.4793271 ], [ -46.6997728, -23.4794415 ], [ -46.69975, -23.4795497 ], [ -46.6997222, -23.4796644 ], [ -46.6996894, -23.4797805 ], [ -46.699654, -23.4798941 ], [ -46.6996179, -23.4799962 ], [ -46.6995772, -23.4800983 ], [ -46.6995334, -23.4801941 ], [ -46.6994855, -23.4802893 ], [ -46.6994256, -23.4803963 ], [ -46.6993667, -23.4804927 ], [ -46.6993016, -23.4805886 ], [ -46.699234, -23.480682 ], [ -46.6991651, -23.4807697 ], [ -46.6990847, -23.4808608 ], [ -46.6989962, -23.4809535 ], [ -46.6988984, -23.4810468 ], [ -46.6988052, -23.4811279 ], [ -46.6987041, -23.4812094 ], [ -46.6986098, -23.4812798 ], [ -46.6985098, -23.4813483 ], [ -46.6984045, -23.4814134 ], [ -46.6982925, -23.4814772 ], [ -46.6981866, -23.4815306 ], [ -46.6980773, -23.4815804 ], [ -46.6979668, -23.4816259 ], [ -46.6978469, -23.481672 ], [ -46.6977242, -23.4817151 ], [ -46.697601, -23.481755 ], [ -46.6974817, -23.4817906 ], [ -46.6973557, -23.4818249 ], [ -46.6966183, -23.482016 ], [ -46.6964918, -23.4820502 ], [ -46.6963636, -23.482088 ], [ -46.6962366, -23.4821279 ], [ -46.6961175, -23.4821681 ], [ -46.696, -23.4822126 ], [ -46.6958949, -23.4822561 ], [ -46.6957899, -23.4823037 ], [ -46.6957002, -23.4823485 ], [ -46.6956162, -23.482393 ], [ -46.6955348, -23.4824406 ], [ -46.6954519, -23.4824928 ], [ -46.6953759, -23.4825449 ], [ -46.6953013, -23.4826004 ], [ -46.6952323, -23.4826562 ], [ -46.6951547, -23.4827235 ], [ -46.6950785, -23.4827941 ], [ -46.6950086, -23.4828628 ], [ -46.6949406, -23.4829353 ], [ -46.6948778, -23.4830095 ], [ -46.6948226, -23.4830778 ], [ -46.6947638, -23.4831559 ], [ -46.6947104, -23.4832325 ], [ -46.6946596, -23.4833115 ], [ -46.6946074, -23.4833988 ], [ -46.6945566, -23.4834873 ], [ -46.6924889, -23.4872173 ], [ -46.6924355, -23.4873089 ], [ -46.6923787, -23.4874008 ], [ -46.6923254, -23.4874824 ], [ -46.6922673, -23.4875691 ], [ -46.6921971, -23.4876677 ], [ -46.6921169, -23.4877765 ], [ -46.6910439, -23.489195 ], [ -46.6909749, -23.4892874 ], [ -46.6909078, -23.4893816 ], [ -46.6908474, -23.4894722 ], [ -46.6907971, -23.4895559 ], [ -46.6907462, -23.4896481 ], [ -46.6906999, -23.4897434 ], [ -46.6906604, -23.4898337 ], [ -46.6906228, -23.4899301 ], [ -46.6905918, -23.4900183 ], [ -46.6905614, -23.4901109 ], [ -46.690534, -23.4902062 ], [ -46.6905119, -23.4902997 ], [ -46.6904935, -23.4903904 ], [ -46.6904798, -23.4904732 ], [ -46.6904675, -23.4905595 ], [ -46.6904586, -23.4906563 ], [ -46.6904534, -23.4907397 ], [ -46.6904509, -23.4908378 ], [ -46.6904514, -23.4909254 ], [ -46.6904549, -23.4910207 ], [ -46.6904608, -23.4911094 ], [ -46.6904726, -23.4912104 ], [ -46.6904857, -23.4913032 ], [ -46.6905029, -23.4913974 ], [ -46.6905221, -23.491493 ], [ -46.6905454, -23.4915877 ], [ -46.6905731, -23.4916795 ], [ -46.6906061, -23.4917731 ], [ -46.6906428, -23.491866 ], [ -46.6906782, -23.491948399999988 ], [ -46.6922558, -23.495503 ], [ -46.6923408, -23.495695 ], [ -46.6924178, -23.4958719 ], [ -46.6925067, -23.4960822 ], [ -46.6925923, -23.4962906 ], [ -46.6926747, -23.4964935 ], [ -46.6927504, -23.4966863 ], [ -46.6928221, -23.4968729 ], [ -46.6928939, -23.4970638 ], [ -46.6929717, -23.4972787 ], [ -46.6930385, -23.4974681 ], [ -46.6931026, -23.4976563 ], [ -46.6931605, -23.4978342 ], [ -46.6932224, -23.4980362 ], [ -46.6932803, -23.4982371 ], [ -46.6933275, -23.4984048 ], [ -46.693374, -23.4985821 ], [ -46.6934194, -23.4987652 ], [ -46.6934629, -23.498952 ], [ -46.6935007, -23.4991306 ], [ -46.69353730000001, -23.4993143 ], [ -46.69357, -23.4994989 ], [ -46.693598, -23.4996736 ], [ -46.6936234, -23.4998506 ], [ -46.6936518, -23.5000685 ], [ -46.6936742, -23.5002501 ], [ -46.6936948, -23.5004277 ], [ -46.6937147, -23.5006052 ], [ -46.6939566, -23.5030811 ], [ -46.6939772, -23.5033055 ], [ -46.6939942, -23.5035084 ], [ -46.6940099, -23.5037143 ], [ -46.6940237, -23.5039349 ], [ -46.6940333, -23.5041491 ], [ -46.6940404, -23.5043704 ], [ -46.6940424, -23.5045647 ], [ -46.6940405, -23.5047661 ], [ -46.6940331, -23.5049883 ], [ -46.6940223, -23.5051892 ], [ -46.6940096, -23.5053746 ], [ -46.693992, -23.5055667 ], [ -46.6939719, -23.5057628 ], [ -46.6939495, -23.5059545 ], [ -46.6933387, -23.5107787 ], [ -46.693324, -23.5108834 ], [ -46.6933059, -23.510998 ], [ -46.6932825, -23.5111199 ], [ -46.6932577, -23.5112234 ], [ -46.6932293, -23.511325 ], [ -46.6931954, -23.5114333 ], [ -46.6931573, -23.5115403 ], [ -46.6931185, -23.5116369 ], [ -46.6930777, -23.5117291 ], [ -46.6930335, -23.5118211 ], [ -46.6929838, -23.5119175 ], [ -46.69292810000001, -23.5120192 ], [ -46.6928743, -23.5121116 ], [ -46.6928219, -23.5121973 ], [ -46.6910308, -23.5150536 ], [ -46.6909779, -23.5151423 ], [ -46.6909351, -23.5152205 ], [ -46.6908926, -23.5153018 ], [ -46.69085, -23.5153868 ], [ -46.6908059, -23.5154802 ], [ -46.6907685, -23.515568 ], [ -46.6907289, -23.5156665 ], [ -46.6906933, -23.5157632 ], [ -46.6906631, -23.5158467 ], [ -46.6906322, -23.515937499999989 ], [ -46.6903829, -23.5167098 ], [ -46.6903523, -23.5168063 ], [ -46.6902898, -23.5169713 ], [ -46.6902219, -23.5171261 ], [ -46.69014, -23.5172842 ], [ -46.6900437, -23.5174482 ], [ -46.6899426, -23.5176035 ], [ -46.6898342, -23.5177526 ], [ -46.6897293, -23.5178837 ], [ -46.6892992, -23.5183929 ], [ -46.6892347, -23.5184702 ], [ -46.6891626, -23.5185596 ], [ -46.6891059, -23.518632 ], [ -46.6890482, -23.5187082 ], [ -46.6889911, -23.5187851 ], [ -46.6889421, -23.5188544 ], [ -46.6888819, -23.5189421 ], [ -46.6888311, -23.5190189 ], [ -46.688777, -23.5191057 ], [ -46.6887282, -23.5191883 ], [ -46.6886729, -23.5192852 ], [ -46.6886263, -23.5193728 ], [ -46.6856507, -23.5250832 ], [ -46.6856013, -23.5251744 ], [ -46.6855489, -23.5252699 ], [ -46.6854993, -23.5253564 ], [ -46.6854492, -23.5254391 ], [ -46.685398, -23.52552 ], [ -46.6853455, -23.525598 ], [ -46.6852882, -23.5256766 ], [ -46.6852285, -23.5257537 ], [ -46.6851703, -23.5258252 ], [ -46.6851074, -23.5258987 ], [ -46.6850452, -23.5259679 ], [ -46.6849819, -23.526035 ], [ -46.6849188, -23.5260983 ], [ -46.6848544, -23.52616 ], [ -46.6847877, -23.5262205 ], [ -46.684722, -23.5262778 ], [ -46.68465470000001, -23.5263332 ], [ -46.6845783, -23.5263933 ], [ -46.6845046, -23.5264491 ], [ -46.6844304, -23.526503 ], [ -46.6843453, -23.5265617 ], [ -46.6842596, -23.5266185 ], [ -46.6796315, -23.5296274 ], [ -46.6795243, -23.5296984 ], [ -46.6794172, -23.5297707 ], [ -46.6793007, -23.5298538 ], [ -46.6791769, -23.5299444 ], [ -46.6790563, -23.5300412 ], [ -46.6789497, -23.5301288 ], [ -46.6788491, -23.5302154 ], [ -46.6787457, -23.5303082 ], [ -46.6786514, -23.5303972 ], [ -46.6779457, -23.5310877 ], [ -46.6778607, -23.5311693 ], [ -46.6777728, -23.5312521 ], [ -46.6776854, -23.5313302 ], [ -46.6775829, -23.5314184 ], [ -46.6774874, -23.5314965 ], [ -46.6773972, -23.5315663 ], [ -46.6772937, -23.5316434 ], [ -46.6771809, -23.5317217 ], [ -46.6770872, -23.5317836 ], [ -46.6769868, -23.5318467 ], [ -46.676110831311846, -23.532377961595564 ] ] ] } },
{ "type": "Feature", "properties": { "fid": 14, "Name": "Linha 6 - Laranja > JQM", "description": "Brasilândia > São Joaquim • 13.5km • 15 estações • 22min • 633mil pass/d (projeto) • CBTC GoA4 • Headway: 135s • 22 trens", "Status_Obra": "Construído", "Modal": "Metrô", "N_Linha": 6, "data_abertura": "2026-07-03" }, "geometry": { "type": "MultiLineString", "coordinates": [ [ [ -46.7045073, -23.4645488 ], [ -46.7040844, -23.4646033 ], [ -46.7039639, -23.4646149 ], [ -46.7038291, -23.4646208 ], [ -46.7036951, -23.4646219 ], [ -46.7035682, -23.4646157 ], [ -46.7034469, -23.4646042 ], [ -46.7033221, -23.4645856 ], [ -46.7020188, -23.4643489 ], [ -46.701920200000011, -23.4643346 ], [ -46.7018286, -23.464327499999989 ], [ -46.7017317, -23.4643281 ], [ -46.7016408, -23.4643352 ], [ -46.701539, -23.46435 ], [ -46.7014435, -23.46437 ], [ -46.7013405, -23.4643983 ], [ -46.7012493, -23.4644305 ], [ -46.7011521, -23.4644714 ], [ -46.7010703, -23.4645142 ], [ -46.7009764, -23.4645708 ], [ -46.7008893, -23.4646336 ], [ -46.7008151, -23.4646954 ], [ -46.7007486, -23.4647626 ], [ -46.7006804, -23.4648451 ], [ -46.7003677, -23.4652683 ], [ -46.7002958, -23.4653587 ], [ -46.7002328, -23.4654286 ], [ -46.7001576, -23.4655021 ], [ -46.7000815, -23.4655685 ], [ -46.7000047, -23.4656269 ], [ -46.6999223, -23.4656829 ], [ -46.6996822, -23.4658306 ], [ -46.6995884, -23.465892 ], [ -46.6995026, -23.4659525 ], [ -46.6994188, -23.4660229 ], [ -46.6993439, -23.4660923 ], [ -46.6999467, -23.4654674 ], [ -46.6993439, -23.4660923 ], [ -46.6988313, -23.4666178 ], [ -46.6987628, -23.4666895 ], [ -46.6986957, -23.466763 ], [ -46.6986291, -23.4668374 ], [ -46.6985624, -23.4669149 ], [ -46.6984966, -23.4669942 ], [ -46.6984349, -23.4670723 ], [ -46.6983701, -23.4671589 ], [ -46.6983114, -23.4672431 ], [ -46.6982576, -23.467327 ], [ -46.6981984, -23.4674231 ], [ -46.6981479, -23.4675119 ], [ -46.6980997, -23.4676029 ], [ -46.6980544, -23.4676947 ], [ -46.6980141, -23.4677837 ], [ -46.6979741, -23.467878 ], [ -46.6979412, -23.4679634 ], [ -46.6979084, -23.4680571 ], [ -46.6978791, -23.468146 ], [ -46.6978492, -23.4682476 ], [ -46.6978241, -23.4683452 ], [ -46.6978039, -23.4684363 ], [ -46.6977847, -23.4685322 ], [ -46.6977689, -23.4686247 ], [ -46.697757, -23.4687026 ], [ -46.6977462, -23.468789 ], [ -46.6977374, -23.4688759 ], [ -46.6977317, -23.4689526 ], [ -46.697728, -23.4690355 ], [ -46.6977266, -23.4691127 ], [ -46.6977272, -23.4692056 ], [ -46.6977303, -23.4692941 ], [ -46.6977358, -23.4693825 ], [ -46.697744, -23.469477 ], [ -46.6981926, -23.4737611 ], [ -46.6982113, -23.4739173 ], [ -46.6982263, -23.4740365 ], [ -46.6982441, -23.474166600000011 ], [ -46.6982637, -23.474293 ], [ -46.698288, -23.4744333 ], [ -46.6983129, -23.4745597 ], [ -46.6983422, -23.4746946 ], [ -46.698371, -23.4748135 ], [ -46.6984018, -23.4749306 ], [ -46.6984389, -23.475057 ], [ -46.69847630000001, -23.4751791 ], [ -46.6985177, -23.4753017 ], [ -46.6985613, -23.4754248 ], [ -46.698611, -23.4755521 ], [ -46.6986633, -23.4756772 ], [ -46.6987177, -23.4757987 ], [ -46.6987747, -23.4759222 ], [ -46.6995237, -23.4775264 ], [ -46.6995696, -23.4776341 ], [ -46.6996138, -23.4777445 ], [ -46.6996571, -23.4778599 ], [ -46.6996952, -23.4779728 ], [ -46.6997291, -23.4780808 ], [ -46.6997559, -23.4781861 ], [ -46.6997794, -23.4782958 ], [ -46.6998004, -23.4784087 ], [ -46.6998177, -23.4785205 ], [ -46.6998335, -23.4786484 ], [ -46.699844, -23.4787646 ], [ -46.6998496, -23.4788828 ], [ -46.6998515, -23.4789899 ], [ -46.6998483, -23.4791098 ], [ -46.6998404, -23.4792174 ], [ -46.6998264, -23.4793324 ], [ -46.6998077, -23.479445500000011 ], [ -46.6997848, -23.4795551 ], [ -46.6997572, -23.4796709 ], [ -46.6997231, -23.4797907 ], [ -46.6996877, -23.479902 ], [ -46.6996508, -23.4800053 ], [ -46.69961, -23.4801087 ], [ -46.6995664, -23.4802052 ], [ -46.6995182, -23.4803006 ], [ -46.6994551, -23.4804126 ], [ -46.6993982, -23.4805055 ], [ -46.6993324, -23.4806043 ], [ -46.6992652, -23.4806972 ], [ -46.6991936, -23.4807879 ], [ -46.699113, -23.4808792 ], [ -46.6990223, -23.4809732 ], [ -46.6989255, -23.4810671 ], [ -46.6988295, -23.4811514 ], [ -46.6987291, -23.4812328 ], [ -46.6986331, -23.4813036 ], [ -46.6985343, -23.4813708 ], [ -46.698423, -23.4814406 ], [ -46.6983143, -23.4815019 ], [ -46.6982031, -23.4815584 ], [ -46.6980908, -23.4816096 ], [ -46.6979801, -23.4816556 ], [ -46.6978599, -23.4817016 ], [ -46.6977331, -23.481746 ], [ -46.697609300000011, -23.481786 ], [ -46.6974928, -23.4818201 ], [ -46.6973637, -23.4818554 ], [ -46.6966267, -23.4820471 ], [ -46.696502, -23.4820805 ], [ -46.6963743, -23.4821184 ], [ -46.6962486, -23.4821581 ], [ -46.6961272, -23.4821996 ], [ -46.6960144, -23.4822424 ], [ -46.6959089, -23.482285 ], [ -46.6958041, -23.4823331 ], [ -46.6957209, -23.4823743 ], [ -46.6956328, -23.4824214 ], [ -46.6955544, -23.4824669 ], [ -46.6954717, -23.4825189 ], [ -46.6953995, -23.4825678 ], [ -46.6953232, -23.4826246 ], [ -46.6952498, -23.4826835 ], [ -46.6951746, -23.4827495 ], [ -46.6951036, -23.4828149 ], [ -46.6950326, -23.4828854 ], [ -46.6949684, -23.4829548 ], [ -46.6949052, -23.4830284 ], [ -46.6948527, -23.4830943 ], [ -46.69479350000001, -23.4831726 ], [ -46.6947417, -23.483247 ], [ -46.6946889, -23.4833279 ], [ -46.6946383, -23.4834124 ], [ -46.6945893, -23.4835004 ], [ -46.6925217, -23.4872297 ], [ -46.6924663, -23.4873246 ], [ -46.6924098, -23.4874149 ], [ -46.6923564, -23.4874972 ], [ -46.6922987, -23.4875832 ], [ -46.6922282, -23.487683 ], [ -46.692148, -23.487791 ], [ -46.691075, -23.4892097 ], [ -46.6910044, -23.489305 ], [ -46.6909385, -23.4893979 ], [ -46.6908791, -23.4894882 ], [ -46.690827400000011, -23.4895726 ], [ -46.6907784, -23.4896619 ], [ -46.6907322, -23.4897553 ], [ -46.6906932, -23.489845 ], [ -46.6906567, -23.4899387 ], [ -46.6906255, -23.4900275 ], [ -46.6905942, -23.490123 ], [ -46.6905676, -23.4902174 ], [ -46.6905464, -23.4903068 ], [ -46.6905284, -23.4903932 ], [ -46.6905138, -23.490479 ], [ -46.6905023, -23.4905639 ], [ -46.6904937, -23.4906592 ], [ -46.6904891, -23.4907458 ], [ -46.6904859, -23.4908397 ], [ -46.6904865, -23.4909257 ], [ -46.6904897, -23.4910196 ], [ -46.6904963, -23.491111 ], [ -46.6905074, -23.4912078 ], [ -46.6905203, -23.4912989 ], [ -46.6905373, -23.4913943 ], [ -46.6905572, -23.4914873 ], [ -46.6905812, -23.4915821 ], [ -46.6906078, -23.4916715 ], [ -46.6906398, -23.4917646 ], [ -46.6906745, -23.4918537 ], [ -46.6907116, -23.4919403 ], [ -46.6922874, -23.4954884 ], [ -46.6923735, -23.4956826 ], [ -46.6924512, -23.4958611 ], [ -46.6925393, -23.496070199999988 ], [ -46.6926254, -23.49628 ], [ -46.6927065, -23.4964808 ], [ -46.6927836, -23.4966754 ], [ -46.6928545, -23.4968616 ], [ -46.6929265, -23.4970529 ], [ -46.6930047, -23.4972692 ], [ -46.6930722, -23.497459 ], [ -46.6931363, -23.4976486 ], [ -46.6931951, -23.497827199999985 ], [ -46.6932561, -23.4980267 ], [ -46.6933172, -23.4982324 ], [ -46.693362, -23.4983974 ], [ -46.6934089, -23.4985766 ], [ -46.6934534, -23.4987564 ], [ -46.6934979, -23.498946 ], [ -46.6935352, -23.4991246 ], [ -46.6935726, -23.4993099 ], [ -46.6936042, -23.4994911 ], [ -46.6936331, -23.4996684 ], [ -46.6936577, -23.4998474 ], [ -46.6936863, -23.5000633 ], [ -46.6937087, -23.500247300000012 ], [ -46.6937297, -23.5004263 ], [ -46.6937492, -23.5006028 ], [ -46.6939915, -23.5030772 ], [ -46.6940123, -23.5033044 ], [ -46.694029, -23.5035058 ], [ -46.6940443, -23.5037118 ], [ -46.6940588, -23.5039332 ], [ -46.694069, -23.5041484 ], [ -46.6940765, -23.5043691 ], [ -46.6940787, -23.5045652 ], [ -46.6940761, -23.5047696 ], [ -46.6940689, -23.5049897 ], [ -46.694058, -23.5051922 ], [ -46.6940451, -23.5053774 ], [ -46.6940279, -23.5055687 ], [ -46.6940066, -23.5057685 ], [ -46.6939847, -23.505959 ], [ -46.6933728, -23.5107816 ], [ -46.6933587, -23.5108858 ], [ -46.6933413, -23.5110011 ], [ -46.693317, -23.5111237 ], [ -46.6932915, -23.5112296 ], [ -46.6932628, -23.5113327 ], [ -46.6932294, -23.5114413 ], [ -46.6931903, -23.5115503 ], [ -46.6931519, -23.5116464 ], [ -46.693111, -23.51174 ], [ -46.6930661, -23.5118337 ], [ -46.6930171, -23.5119295 ], [ -46.6929621, -23.5120305 ], [ -46.6929056, -23.5121266 ], [ -46.6928558, -23.5122088 ], [ -46.6910618, -23.5150699 ], [ -46.6910088, -23.5151586 ], [ -46.6909662, -23.5152342 ], [ -46.6909249, -23.515313 ], [ -46.6908821, -23.5153994 ], [ -46.6908401, -23.5154889 ], [ -46.6908017, -23.5155788 ], [ -46.690763, -23.5156749 ], [ -46.6907257, -23.5157729 ], [ -46.6906946, -23.5158597 ], [ -46.6906656, -23.5159472 ], [ -46.6904173, -23.5167202 ], [ -46.6903863, -23.5168134 ], [ -46.6903546, -23.5169011 ], [ -46.6903228, -23.516982 ], [ -46.6902884, -23.5170628 ], [ -46.6902544, -23.5171381 ], [ -46.6902152, -23.5172165 ], [ -46.6901723, -23.5172976 ], [ -46.6901237, -23.5173828 ], [ -46.6900756, -23.5174633 ], [ -46.690027, -23.5175403 ], [ -46.6899739, -23.517619599999989 ], [ -46.6899183, -23.5176975 ], [ -46.6898636, -23.5177702 ], [ -46.689813, -23.5178351 ], [ -46.6897571, -23.5179037 ], [ -46.6893299, -23.5184093 ], [ -46.6892619, -23.5184919 ], [ -46.6891945, -23.5185751 ], [ -46.6891361, -23.5186489 ], [ -46.6890798, -23.5187228 ], [ -46.6890267, -23.5187947 ], [ -46.6889715, -23.5188721 ], [ -46.6889141, -23.5189554 ], [ -46.6888615, -23.5190353 ], [ -46.6888112, -23.5191158 ], [ -46.6887602, -23.5192027 ], [ -46.6887074, -23.5192958 ], [ -46.6886583, -23.5193864 ], [ -46.6856816, -23.5250963 ], [ -46.685633, -23.5251877 ], [ -46.6855825, -23.5252804 ], [ -46.6855314, -23.5253695 ], [ -46.685482, -23.525451 ], [ -46.6854267, -23.5255387 ], [ -46.6853743, -23.5256169 ], [ -46.6853181, -23.525695 ], [ -46.6852586, -23.5257719 ], [ -46.6851965, -23.5258471 ], [ -46.6851345, -23.5259187 ], [ -46.685074, -23.5259852 ], [ -46.6850084, -23.5260548 ], [ -46.684944, -23.5261197 ], [ -46.6848806, -23.5261806 ], [ -46.6848121, -23.5262432 ], [ -46.6847435, -23.5263029 ], [ -46.6846779, -23.5263567 ], [ -46.6845992, -23.5264197 ], [ -46.6845263, -23.526475 ], [ -46.6844518, -23.5265282 ], [ -46.6843646, -23.526588 ], [ -46.6842801, -23.5266441 ], [ -46.6796506, -23.5296538 ], [ -46.6795439, -23.5297238 ], [ -46.6794371, -23.529796699999988 ], [ -46.679323, -23.5298783 ], [ -46.6792008, -23.5299691 ], [ -46.6790819, -23.5300624 ], [ -46.6789725, -23.5301525 ], [ -46.67887180000001, -23.5302393 ], [ -46.6787716, -23.5303289 ], [ -46.6786767, -23.5304193 ], [ -46.6779716, -23.5311088 ], [ -46.677888, -23.5311895 ], [ -46.6777961, -23.5312754 ], [ -46.6777099, -23.5313533 ], [ -46.6776093, -23.5314394 ], [ -46.67751, -23.53152 ], [ -46.6774192, -23.5315908 ], [ -46.6773159, -23.5316684 ], [ -46.6772032, -23.5317473 ], [ -46.6771079, -23.5318106 ], [ -46.6770065, -23.5318745 ], [ -46.676130582816512, -23.532404684218257 ] ] ] } },
{ "type": "Feature", "properties": { "fid": 15, "Name": "Linha 15 - Prata > VPM", "description": "Jardim Colonial > Vila Prudente • 14.6km • 11 estações • 21min • 141mil pass/d (MDU 2025) • 154mil pass/d (Fev/2025) • CBTC GoA3+ • Headway: 179s • 25 trens", "Status_Obra": "Construído", "Modal": "Monotrilho e VLT", "N_Linha": 15, "data_abertura": "2021-12-29" }, "geometry": { "type": "MultiLineString", "coordinates": [ [ [ -46.477413708876028, -23.612151447495432 ], [ -46.47652570000001, -23.6119543 ], [ -46.476409, -23.6119273 ], [ -46.4763045, -23.6118984 ], [ -46.4762092, -23.611869 ], [ -46.476112, -23.6118327 ], [ -46.4760208, -23.6117934 ], [ -46.4759363, -23.6117503 ], [ -46.47585380000001, -23.6117037 ], [ -46.4757693, -23.6116495 ], [ -46.4756814, -23.6115857 ], [ -46.4756043, -23.6115205 ], [ -46.4755272, -23.6114468 ], [ -46.4754529, -23.6113651 ], [ -46.4753764, -23.6112686 ], [ -46.4753173, -23.611186899999986 ], [ -46.4750324, -23.6107777 ], [ -46.4749446, -23.6106591 ], [ -46.4748621, -23.6105547 ], [ -46.4747742, -23.6104552 ], [ -46.4746944, -23.6103741 ], [ -46.4746206, -23.6103028 ], [ -46.4745334, -23.6102235 ], [ -46.4744456, -23.6101485 ], [ -46.4743377, -23.6100668 ], [ -46.4742224, -23.6099888 ], [ -46.4740949, -23.6099089 ], [ -46.473649, -23.6096496 ], [ -46.4735381, -23.6095848 ], [ -46.4734358, -23.6095182 ], [ -46.4733372, -23.609445 ], [ -46.4732514, -23.609375 ], [ -46.4731702, -23.6093007 ], [ -46.4730885, -23.6092152 ], [ -46.4730193, -23.6091372 ], [ -46.4729516, -23.6090537 ], [ -46.4728839, -23.6089621 ], [ -46.4728223, -23.6088687 ], [ -46.4727645, -23.608771 ], [ -46.4727203, -23.6086838 ], [ -46.4726761, -23.6085836 ], [ -46.4726378, -23.6084844 ], [ -46.4726076, -23.608392 ], [ -46.4725815, -23.608298 ], [ -46.4724588, -23.6077652 ], [ -46.4724286, -23.6076373 ], [ -46.4723985, -23.6075256 ], [ -46.4723602, -23.6074162 ], [ -46.4723186, -23.6073142 ], [ -46.4722744, -23.607222 ], [ -46.4722268, -23.607133 ], [ -46.4721685, -23.6070322 ], [ -46.4721115, -23.6069461 ], [ -46.4720329, -23.6068368 ], [ -46.4719498, -23.606733 ], [ -46.4716032, -23.6063028 ], [ -46.4715355, -23.6062119 ], [ -46.4714711, -23.6061197 ], [ -46.4714161, -23.6060294 ], [ -46.4713611, -23.6059293 ], [ -46.4713081, -23.6058205 ], [ -46.4712659, -23.6057185 ], [ -46.4712236, -23.6056024 ], [ -46.4711908, -23.6054856 ], [ -46.4711606, -23.6053596 ], [ -46.4711364, -23.6052337 ], [ -46.4704089, -23.6010597 ], [ -46.470378, -23.6009024 ], [ -46.4703485, -23.600782 ], [ -46.470313, -23.6006665 ], [ -46.4702701, -23.6005497 ], [ -46.4702326, -23.6004631 ], [ -46.470187, -23.6003672 ], [ -46.4701313, -23.6002554 ], [ -46.4700723, -23.6001509 ], [ -46.4699938, -23.6000268 ], [ -46.4699134, -23.5999132 ], [ -46.4698316, -23.5998086 ], [ -46.469747, -23.599711 ], [ -46.4696613, -23.59962 ], [ -46.4695687, -23.5995291 ], [ -46.4684939, -23.5985331 ], [ -46.4684336, -23.5984799 ], [ -46.4683692, -23.5984282 ], [ -46.4683045, -23.598381499999988 ], [ -46.468225, -23.5983324 ], [ -46.4681539, -23.5982974 ], [ -46.4680594, -23.5982617 ], [ -46.4679669, -23.5982347 ], [ -46.4678777, -23.5982168 ], [ -46.4677898, -23.5982064 ], [ -46.4676972, -23.5982027 ], [ -46.4676041, -23.5982062 ], [ -46.46751290000001, -23.5982188 ], [ -46.4674311, -23.5982359 ], [ -46.4673466, -23.5982611 ], [ -46.4672494, -23.5982992 ], [ -46.4671485, -23.5983466 ], [ -46.467032, -23.5984067 ], [ -46.4668865, -23.5984842 ], [ -46.466792, -23.5985328 ], [ -46.4666942, -23.598576399999988 ], [ -46.4666026, -23.5986126 ], [ -46.4665177, -23.5986402 ], [ -46.4664025, -23.5986661 ], [ -46.4663132, -23.5986814 ], [ -46.466216, -23.5986918 ], [ -46.4661175, -23.5986937 ], [ -46.4660186, -23.5986912 ], [ -46.4659076, -23.5986845 ], [ -46.4641842, -23.5985425 ], [ -46.4640193, -23.5985235 ], [ -46.463851, -23.5985004 ], [ -46.4637182, -23.5984774 ], [ -46.4634714, -23.5984258 ] ] ] } },
{ "type": "Feature", "properties": { "fid": 16, "Name": "Linha 15 - Prata > IGT", "description": "Vila Prudente > Jardim Colonial • 14.6km • 11 estações • 21min • 141mil pass/d (MDU 2025) • 154mil pass/d (Fev/2025) • CBTC GoA3+ • Headway: 179s • 25 trens", "Status_Obra": "Construído", "Modal": "Monotrilho e VLT", "N_Linha": 15, "data_abertura": "2021-12-29" }, "geometry": { "type": "MultiLineString", "coordinates": [ [ [ -46.477350253455199, -23.612380384657353 ], [ -46.4766144, -23.6122138 ], [ -46.4765048, -23.6121865 ], [ -46.4764133, -23.6121604 ], [ -46.4763304, -23.6121336 ], [ -46.4762388, -23.6120988 ], [ -46.4761369, -23.612053 ], [ -46.4760446, -23.612005 ], [ -46.4759646, -23.6119577 ], [ -46.4758754, -23.611898 ], [ -46.4758023, -23.6118403 ], [ -46.4757266, -23.6117765 ], [ -46.4756521, -23.6117033 ], [ -46.4755857, -23.6116289 ], [ -46.4755308, -23.6115628 ], [ -46.475463, -23.6114728 ], [ -46.4750634, -23.6109002 ], [ -46.4749964, -23.610805 ], [ -46.4749166, -23.610698 ], [ -46.4748368, -23.6106012 ], [ -46.474753, -23.6105051 ], [ -46.4746598, -23.6104043 ], [ -46.4745766, -23.610322 ], [ -46.4744928, -23.6102495 ], [ -46.4744083, -23.6101795 ], [ -46.4743077, -23.6101057 ], [ -46.4742028, -23.6100333 ], [ -46.4740777, -23.6099552 ], [ -46.4735365, -23.6096363 ], [ -46.4734112, -23.6095553 ], [ -46.4732932, -23.6094667 ], [ -46.4731973, -23.6093857 ], [ -46.4731007, -23.6092935 ], [ -46.4730202, -23.6092041 ], [ -46.472923, -23.6090877 ], [ -46.4728452, -23.6089832 ], [ -46.4727845, -23.6088885 ], [ -46.4727282, -23.608789 ], [ -46.4726728, -23.6086778 ], [ -46.4726293, -23.6085789 ], [ -46.4725918, -23.60848 ], [ -46.4725623, -23.6083895 ], [ -46.4725274, -23.6082665 ], [ -46.4724952, -23.6081359 ], [ -46.472397, -23.6077111 ], [ -46.4723727, -23.607616 ], [ -46.4723431, -23.6075195 ], [ -46.4723058, -23.6074147 ], [ -46.4722652, -23.6073187 ], [ -46.4722206, -23.6072213 ], [ -46.4721679, -23.6071172 ], [ -46.4721143, -23.6070238 ], [ -46.4720479, -23.6069261 ], [ -46.4719715, -23.6068284 ], [ -46.4716041, -23.6063859 ], [ -46.4715175, -23.6062741 ], [ -46.4714424, -23.6061672 ], [ -46.4713874, -23.6060797 ], [ -46.4713358, -23.6059873 ], [ -46.4712868, -23.6058902 ], [ -46.4712406, -23.605785 ], [ -46.4711977, -23.6056745 ], [ -46.4711648, -23.6055738 ], [ -46.4711367, -23.6054607 ], [ -46.4711098, -23.6053336 ], [ -46.4703978, -23.6012774 ], [ -46.470371900000011, -23.6011498 ], [ -46.4703372, -23.6010096 ], [ -46.4703005, -23.6008798 ], [ -46.4702603, -23.6007588 ], [ -46.4702083, -23.6006248 ], [ -46.470153, -23.6005019 ], [ -46.4700842, -23.6003748 ], [ -46.4700142, -23.6002538 ], [ -46.4699471, -23.6001462 ], [ -46.4698626, -23.6000276 ], [ -46.46977, -23.599917 ], [ -46.4696842, -23.5998215 ], [ -46.469587, -23.5997228 ], [ -46.4683722, -23.5985896 ], [ -46.468289, -23.5985183 ], [ -46.4682152, -23.5984599 ], [ -46.4681314, -23.5984058 ], [ -46.4680504, -23.5983646 ], [ -46.4679709, -23.5983327 ], [ -46.4678982, -23.5983093 ], [ -46.4678207, -23.5982927 ], [ -46.4677418, -23.5982823 ], [ -46.467664, -23.5982767 ], [ -46.4675863, -23.5982762 ], [ -46.4675032, -23.5982841 ], [ -46.4674224, -23.5982977 ], [ -46.4673416, -23.5983186 ], [ -46.4672645, -23.5983456 ], [ -46.4671787, -23.5983831 ], [ -46.4669037, -23.598526 ], [ -46.4667883, -23.5985827 ], [ -46.4666604, -23.5986405 ], [ -46.4665711, -23.5986743 ], [ -46.4664766, -23.5987002 ], [ -46.466388, -23.5987198 ], [ -46.4662942, -23.5987327 ], [ -46.4661955, -23.5987413 ], [ -46.4660883, -23.5987444 ], [ -46.4659844, -23.5987414 ], [ -46.465879, -23.5987351 ], [ -46.4643241, -23.5986043 ], [ -46.4641618, -23.5985896 ], [ -46.464025, -23.5985739 ], [ -46.4639031, -23.5985545 ], [ -46.463459, -23.5984698 ] ] ] } },
{ "type": "Feature", "properties": { "fid": 17, "Name": "L15 via 3 [São Mateus]", "description": null, "Status_Obra": "Construído", "Modal": "Monotrilho e VLT", "N_Linha": 15, "data_abertura": "2019-12-16" }, "geometry": { "type": "MultiLineString", "coordinates": [ [ [ -46.477383027154872, -23.612262142404081 ], [ -46.4764926, -23.6120603 ], [ -46.4778015, -23.612357 ], [ -46.4778853, -23.6123768 ], [ -46.4779524, -23.6123976 ], [ -46.4780228, -23.6124253 ], [ -46.4781066, -23.6124609 ], [ -46.4784278, -23.6125986 ], [ -46.4785166, -23.612633 ], [ -46.4786021, -23.61266 ], [ -46.4786926, -23.6126837 ] ] ] } },
{ "type": "Feature", "properties": { "fid": 18, "Name": "Linha 17 - Ouro > Washington Luís", "description": "Morumbi > Washington Luís • 5.23km (6.7km Y total) • 7 Estações • 165mil pass/d (projeto) • CBTC GoA4 • Headway: 180s • 14 trens", "Status_Obra": "Construído", "Modal": "Monotrilho e VLT", "N_Linha": 17, "data_abertura": "2026-03-31" }, "geometry": { "type": "MultiLineString", "coordinates": [ [ [ -46.7106011, -23.6260589 ], [ -46.7104831, -23.625962699999988 ], [ -46.7103755, -23.6258823 ], [ -46.7102706, -23.6258113 ], [ -46.7101321, -23.6257216 ], [ -46.710005, -23.6256448 ], [ -46.7094284, -23.6253135 ], [ -46.7092338, -23.6252074 ], [ -46.7090716, -23.6251269 ], [ -46.7089198, -23.6250538 ], [ -46.7087285, -23.6249682 ], [ -46.7085727, -23.6249027 ], [ -46.708423, -23.6248424 ], [ -46.7082392, -23.6247733 ], [ -46.7080826, -23.6247181 ], [ -46.7076417, -23.624571599999989 ], [ -46.7074527, -23.624507 ], [ -46.7072554, -23.6244376 ], [ -46.7070946, -23.6243822 ], [ -46.7065264, -23.6241902 ], [ -46.7062316, -23.6240933 ], [ -46.7050014, -23.6236915 ], [ -46.7048737, -23.6236466 ], [ -46.704758, -23.6236042 ], [ -46.70462830000001, -23.6235544 ], [ -46.7045012, -23.6235033 ], [ -46.704366, -23.6234439 ], [ -46.7042313, -23.6233803 ], [ -46.7040865, -23.6233074 ], [ -46.703954, -23.6232384 ], [ -46.7038176, -23.6231613 ], [ -46.7036791, -23.6230792 ], [ -46.7035465, -23.6229978 ], [ -46.7034371, -23.6229277 ], [ -46.7033298, -23.622855 ], [ -46.703239, -23.6227909 ], [ -46.7031398, -23.622717 ], [ -46.7030539, -23.6226498 ], [ -46.7022258, -23.6219885 ], [ -46.7021323, -23.6219123 ], [ -46.7020531, -23.6218454 ], [ -46.70197, -23.6217704 ], [ -46.7018895, -23.6216896 ], [ -46.70181010000001, -23.6216057 ], [ -46.701736, -23.6215246 ], [ -46.7016549, -23.6214337 ], [ -46.7015747, -23.6213406 ], [ -46.7014884, -23.6212365 ], [ -46.7014221, -23.6211532 ], [ -46.7013614, -23.6210736 ], [ -46.70129, -23.6209739 ], [ -46.7012206, -23.6208731 ], [ -46.7011522, -23.6207708 ], [ -46.7010872, -23.6206717 ], [ -46.7010292, -23.6205748 ], [ -46.7009755, -23.6204798 ], [ -46.7009346, -23.6204006 ], [ -46.7008904, -23.6203078 ], [ -46.7008508, -23.6202156 ], [ -46.7008052, -23.620102599999989 ], [ -46.70077, -23.6200059 ], [ -46.7007384, -23.619908 ], [ -46.7007106, -23.6198075 ], [ -46.7006875, -23.6197021 ], [ -46.7006694, -23.619605 ], [ -46.7006507, -23.6194858 ], [ -46.7006339, -23.619365 ], [ -46.70062020000001, -23.6192481 ], [ -46.7005755, -23.6187833 ], [ -46.7005608, -23.618666 ], [ -46.700546, -23.6185704 ], [ -46.7005289, -23.6184749 ], [ -46.7005094, -23.6183791 ], [ -46.7004823, -23.6182602 ], [ -46.7004475, -23.6181262 ], [ -46.7004159, -23.618015 ], [ -46.700383, -23.6179117 ], [ -46.7003495, -23.6178135 ], [ -46.7003119, -23.617712 ], [ -46.7002764, -23.6176205 ], [ -46.7002328, -23.617516 ], [ -46.7001816, -23.617403 ], [ -46.7000136, -23.6170467 ], [ -46.6999659, -23.616938499999989 ], [ -46.6999237, -23.6168341 ], [ -46.6998875, -23.6167377 ], [ -46.6998538, -23.6166424 ], [ -46.6998189, -23.6165324 ], [ -46.6997856, -23.6164181 ], [ -46.6997491, -23.6162827 ], [ -46.6997214, -23.6161716 ], [ -46.699693, -23.6160526 ], [ -46.6993303, -23.6143863 ], [ -46.6993082, -23.6142946 ], [ -46.699284, -23.6142061 ], [ -46.6992596, -23.6141261 ], [ -46.6992334, -23.6140497 ], [ -46.6992022, -23.613977399999989 ], [ -46.6991664, -23.613908 ], [ -46.699132, -23.6138498 ], [ -46.6990942, -23.6137966 ], [ -46.6990473, -23.6137425 ], [ -46.6989974, -23.6136968 ], [ -46.6989441, -23.613658 ], [ -46.6988851, -23.6136226 ], [ -46.6988201, -23.6135913 ], [ -46.6987607, -23.6135683 ], [ -46.6986889, -23.6135471 ], [ -46.6986262, -23.6135335 ], [ -46.6985561, -23.613524399999989 ], [ -46.6984827, -23.6135188 ], [ -46.698401, -23.6135194 ], [ -46.6983171, -23.6135261 ], [ -46.6982249, -23.6135375 ], [ -46.6981193, -23.6135556 ], [ -46.6980274, -23.6135748 ], [ -46.6969391, -23.6138266 ], [ -46.6968224, -23.6138531 ], [ -46.6967064, -23.6138758 ], [ -46.6965616, -23.6139009 ], [ -46.6964067, -23.6139236 ], [ -46.6948584, -23.6141344 ], [ -46.6947356, -23.6141538 ], [ -46.694633, -23.6141713 ], [ -46.6945167, -23.6141942 ], [ -46.6944023, -23.6142195 ], [ -46.6942856, -23.6142475 ], [ -46.6941496, -23.6142837 ], [ -46.6940061, -23.6143244 ], [ -46.6925603, -23.6147476 ], [ -46.6924544, -23.6147764 ], [ -46.692337, -23.6148065 ], [ -46.6922063, -23.6148336 ], [ -46.692093, -23.6148533 ], [ -46.6919784, -23.6148693 ], [ -46.6918476, -23.6148822 ], [ -46.6917202, -23.6148902 ], [ -46.6915633, -23.614892 ], [ -46.6912073, -23.6148847 ], [ -46.6910866, -23.6148839 ], [ -46.6909671, -23.6148883 ], [ -46.6908619, -23.6148956 ], [ -46.6907589, -23.6149092 ], [ -46.6906547, -23.6149288 ], [ -46.6905454, -23.6149553 ], [ -46.6904294, -23.6149879 ], [ -46.6898117, -23.6151803 ], [ -46.6896713, -23.6152275 ], [ -46.6895161, -23.6152828 ], [ -46.6893535, -23.6153449 ], [ -46.6892224, -23.6153971 ], [ -46.6876151, -23.616044 ], [ -46.6873776, -23.6161411 ], [ -46.6872315, -23.6162044 ], [ -46.6870685, -23.6162799 ], [ -46.6864872, -23.6165705 ], [ -46.6863246, -23.6166549 ], [ -46.6861761, -23.616734900000012 ], [ -46.6859984, -23.6168346 ], [ -46.6858321, -23.6169305 ], [ -46.6856812, -23.6170207 ], [ -46.6855323, -23.6171115 ], [ -46.6853677, -23.617214 ], [ -46.6852232, -23.6173066 ], [ -46.6850703, -23.6174073 ], [ -46.6849477, -23.6174921 ], [ -46.6848278, -23.6175757 ], [ -46.6846592, -23.6176973 ], [ -46.6844947, -23.617819 ], [ -46.6843569, -23.6179246 ], [ -46.6818859, -23.6197807 ], [ -46.681743, -23.6198857 ], [ -46.6816337, -23.6199638 ], [ -46.6813575, -23.6201549 ], [ -46.6812261, -23.6202476 ], [ -46.6810866, -23.6203486 ], [ -46.68095120000001, -23.6204472 ], [ -46.6798775, -23.6212534 ], [ -46.6797682, -23.6213381 ], [ -46.679661, -23.6214235 ], [ -46.6795705, -23.6214991 ], [ -46.6794745, -23.6215813 ], [ -46.6793779, -23.6216683 ], [ -46.6792894, -23.6217516 ], [ -46.6784956, -23.6225239 ], [ -46.6783856, -23.6226363 ], [ -46.678277, -23.6227518 ], [ -46.678169, -23.6228672 ], [ -46.6780784, -23.6229683 ], [ -46.677992, -23.6230699 ], [ -46.6779102, -23.6231698 ], [ -46.6778324, -23.6232685 ], [ -46.6777325, -23.6234011 ], [ -46.6776453, -23.6235271 ], [ -46.67757120000001, -23.6236372 ], [ -46.6774937, -23.6237559 ], [ -46.677426, -23.6238681 ], [ -46.6773623, -23.6239762 ], [ -46.6772886, -23.6241046 ], [ -46.6772209, -23.6242293 ], [ -46.6762586, -23.6260484 ], [ -46.6760521, -23.6264391 ], [ -46.6759649, -23.6265952 ], [ -46.6759059, -23.6266947 ], [ -46.6758241, -23.6268237 ], [ -46.6757372, -23.6269567 ], [ -46.6756692, -23.6270578 ], [ -46.6754358, -23.6273871 ], [ -46.6746392, -23.628456 ], [ -46.6745, -23.6286406 ], [ -46.674413, -23.6287517 ], [ -46.6743073, -23.6288774 ], [ -46.6742127, -23.6289801 ], [ -46.6733188, -23.6299427 ], [ -46.6732391, -23.6300213 ], [ -46.6731764, -23.630077499999988 ], [ -46.6731123, -23.6301323 ], [ -46.6730405, -23.6301876 ], [ -46.6728799, -23.6303105 ], [ -46.6728113, -23.6303665 ], [ -46.6727321, -23.6304341 ], [ -46.6726651, -23.6304943 ], [ -46.670731720831853, -23.632300450324177 ] ] ] } },
{ "type": "Feature", "properties": { "fid": 19, "Name": "Linha 17 - Ouro > Morumbi", "description": "Washington Luís > Morumbi • 5.23km (6.7km Y total) • 7 Estações • 165mil pass/d (projeto) • CBTC GoA4 • Headway: 180s • 14 trens", "Status_Obra": "Construído", "Modal": "Monotrilho e VLT", "N_Linha": 17, "data_abertura": "2026-03-31" }, "geometry": { "type": "MultiLineString", "coordinates": [ [ [ -46.670601980652059, -23.632350941465827 ], [ -46.6726808, -23.6304146 ], [ -46.6727733, -23.6303249 ], [ -46.6728592, -23.6302389 ], [ -46.6729839, -23.6301124 ], [ -46.6731076, -23.6299809 ], [ -46.6732139, -23.6298691 ], [ -46.6740038, -23.6290188 ], [ -46.6741178, -23.6288984 ], [ -46.6742063, -23.628805 ], [ -46.6743573, -23.6286404 ], [ -46.674435, -23.6285526 ], [ -46.6745054, -23.6284659 ], [ -46.6745879, -23.6283597 ], [ -46.6753262, -23.6273712 ], [ -46.6754006, -23.6272692 ], [ -46.6754724, -23.6271691 ], [ -46.6755528, -23.6270517 ], [ -46.6757647, -23.6267354 ], [ -46.6758332, -23.6266291 ], [ -46.6759015, -23.6265209 ], [ -46.6759819, -23.6263937 ], [ -46.6760752, -23.6262415 ], [ -46.676165, -23.6260885 ], [ -46.6762556, -23.6259287 ], [ -46.6763106, -23.6258305 ], [ -46.6763937, -23.625678 ], [ -46.6770468, -23.6244457 ], [ -46.6771373, -23.6242761 ], [ -46.6772218, -23.6241188 ], [ -46.6773089, -23.6239641 ], [ -46.6773787, -23.623843 ], [ -46.6774518, -23.6237244 ], [ -46.6775235, -23.6236132 ], [ -46.6776001, -23.6234989 ], [ -46.6776898, -23.6233699 ], [ -46.6777717, -23.623255 ], [ -46.67807, -23.6228382 ], [ -46.6781552, -23.6227249 ], [ -46.6782296, -23.6226345 ], [ -46.6783, -23.6225547 ], [ -46.6783792, -23.6224693 ], [ -46.6784563, -23.6223919 ], [ -46.6791919, -23.6216675 ], [ -46.679269, -23.6215975 ], [ -46.6793488, -23.6215317 ], [ -46.6794272, -23.6214734 ], [ -46.6795104, -23.6214175 ], [ -46.67967190000001, -23.6213167 ], [ -46.6797632, -23.621259 ], [ -46.6798547, -23.6211978 ], [ -46.6799462, -23.6211336 ], [ -46.6810292, -23.6203257 ], [ -46.6811392, -23.6202397 ], [ -46.6812519, -23.6201452 ], [ -46.68155620000001, -23.6198895 ], [ -46.6816884, -23.6197827 ], [ -46.6818345, -23.6196696 ], [ -46.6819351, -23.6195934 ], [ -46.6839662, -23.6180685 ], [ -46.6841231, -23.6179561 ], [ -46.6842585, -23.6178633 ], [ -46.6844269, -23.6177521 ], [ -46.6848554, -23.6174836 ], [ -46.6850297, -23.6173742 ], [ -46.685308, -23.6171955 ], [ -46.6857573, -23.6169196 ], [ -46.6858867, -23.6168434 ], [ -46.6860416, -23.6167538 ], [ -46.6861972, -23.6166689 ], [ -46.6863547, -23.6165866 ], [ -46.6876267, -23.6159372 ], [ -46.6877609, -23.6158678 ], [ -46.6878889, -23.6158081 ], [ -46.6880143, -23.6157529 ], [ -46.6881491, -23.6156976 ], [ -46.6890846, -23.6153215 ], [ -46.6892053, -23.6152768 ], [ -46.6893132, -23.6152411 ], [ -46.6894386, -23.6152048 ], [ -46.6895693, -23.6151717 ], [ -46.6898189, -23.6151109 ], [ -46.6899295, -23.6150825 ], [ -46.6900361, -23.6150524 ], [ -46.6901614, -23.6150138 ], [ -46.6904747, -23.6149173 ], [ -46.6905819, -23.6148884 ], [ -46.6906905, -23.6148651 ], [ -46.6907978, -23.6148478 ], [ -46.6908951, -23.6148374 ], [ -46.6910091, -23.6148312 ], [ -46.6911237, -23.61483 ], [ -46.6914764, -23.6148368 ], [ -46.6916072, -23.6148374 ], [ -46.6917238, -23.6148344 ], [ -46.6918345, -23.6148282 ], [ -46.6919431, -23.6148178 ], [ -46.6920537, -23.6148048 ], [ -46.6921778, -23.6147846 ], [ -46.6922924, -23.6147625 ], [ -46.6924112, -23.6147342 ], [ -46.6925326, -23.6147011 ], [ -46.6926506, -23.6146654 ], [ -46.69474, -23.6140528 ], [ -46.6948372, -23.6140276 ], [ -46.6949412, -23.6140043 ], [ -46.6950696, -23.6139822 ], [ -46.6951892, -23.613965 ], [ -46.6966216, -23.6137696 ], [ -46.6972482, -23.6136854 ], [ -46.6973565, -23.6136694 ], [ -46.6974752, -23.613649699999989 ], [ -46.6976233, -23.613619 ], [ -46.6980954, -23.613514 ], [ -46.6981953, -23.6134931 ], [ -46.6982886, -23.6134778 ], [ -46.6983731, -23.6134692 ], [ -46.6984643, -23.6134649 ], [ -46.6985501, -23.6134679 ], [ -46.6986271, -23.6134778 ], [ -46.6986969, -23.6134913 ], [ -46.6987851, -23.613516799999989 ], [ -46.6988542, -23.6135431 ], [ -46.6989272, -23.6135801 ], [ -46.6989869, -23.6136187 ], [ -46.6990379, -23.613658 ], [ -46.6990908, -23.6137072 ], [ -46.6991412, -23.6137655 ], [ -46.6991874, -23.6138295 ], [ -46.6992276, -23.6138952 ], [ -46.6992645, -23.6139695 ], [ -46.6992927, -23.6140383 ], [ -46.6993135, -23.6141035 ], [ -46.699334, -23.6141812 ], [ -46.6993497, -23.6142485 ], [ -46.6997312, -23.6159952 ], [ -46.699762, -23.6161331 ], [ -46.6997929, -23.6162575 ], [ -46.6998204, -23.6163621 ], [ -46.6998519, -23.6164727 ], [ -46.6998835, -23.6165751 ], [ -46.6999143, -23.6166686 ], [ -46.6999566, -23.6167842 ], [ -46.7000008, -23.616894 ], [ -46.7000531, -23.6170133 ], [ -46.7002423, -23.6174132 ], [ -46.7002891, -23.6175183 ], [ -46.7003408, -23.6176406 ], [ -46.7003836, -23.6177542 ], [ -46.700424, -23.6178703 ], [ -46.7004595, -23.617984 ], [ -46.7004943, -23.6181062 ], [ -46.7005312, -23.6182491 ], [ -46.7005607, -23.6183705 ], [ -46.7005808, -23.6184675 ], [ -46.7005969, -23.6185628 ], [ -46.7006107, -23.6186614 ], [ -46.7006244, -23.6187809 ], [ -46.7006686, -23.6192429 ], [ -46.7006842, -23.619359 ], [ -46.7007032, -23.6194678 ], [ -46.7007236, -23.6195746 ], [ -46.7007498, -23.6196969 ], [ -46.7007739, -23.6197933 ], [ -46.7008007, -23.6198916 ], [ -46.7008316, -23.61999 ], [ -46.7008658, -23.6200843 ], [ -46.7009094, -23.6201921 ], [ -46.700951, -23.6202861 ], [ -46.7009932, -23.6203757 ], [ -46.7010368, -23.6204618 ], [ -46.7010864, -23.6205533 ], [ -46.7011381, -23.620643 ], [ -46.7012017, -23.6207475 ], [ -46.7012668, -23.6208489 ], [ -46.7013339, -23.6209502 ], [ -46.7014036, -23.6210473 ], [ -46.70146530000001, -23.621129 ], [ -46.7015316, -23.6212114 ], [ -46.7016155, -23.6213115 ], [ -46.7017006, -23.6214091 ], [ -46.7019289, -23.6216632 ], [ -46.7020082, -23.6217437 ], [ -46.7020827, -23.6218122 ], [ -46.7021634, -23.6218813 ], [ -46.7022538, -23.6219559 ], [ -46.7030797, -23.6226165 ], [ -46.7031692, -23.6226861 ], [ -46.7032647, -23.6227577 ], [ -46.7033551, -23.6228218 ], [ -46.7034632, -23.6228954 ], [ -46.7035698, -23.6229641 ], [ -46.7037024, -23.623045 ], [ -46.7038417, -23.623127 ], [ -46.70397710000001, -23.6232038 ], [ -46.7041086, -23.6232725 ], [ -46.7042584, -23.6233471 ], [ -46.7043923, -23.6234096 ], [ -46.7045213, -23.623466 ], [ -46.7046486, -23.6235179 ], [ -46.7047721, -23.6235656 ], [ -46.7048915, -23.6236092 ], [ -46.7050171, -23.6236522 ], [ -46.7062479, -23.6240547 ], [ -46.7065413, -23.624151 ], [ -46.7071096, -23.624343 ], [ -46.7072707, -23.6243986 ], [ -46.707474, -23.6244703 ], [ -46.7076547, -23.6245324 ], [ -46.7080991, -23.6246812 ], [ -46.7082573, -23.6247365 ], [ -46.7084405, -23.6248053 ], [ -46.7085886, -23.624865 ], [ -46.7087462, -23.6249313 ], [ -46.7089413, -23.6250185 ], [ -46.7090928, -23.625091 ], [ -46.7092559, -23.6251724 ], [ -46.7094512, -23.6252778 ], [ -46.71003, -23.6256106 ], [ -46.7101536, -23.6256847 ], [ -46.7102958, -23.6257767 ], [ -46.7104004, -23.6258491 ], [ -46.7105113, -23.6259315 ], [ -46.7106307, -23.6260276 ] ] ] } },
{ "type": "Feature", "properties": { "fid": 20, "Name": "Linha 17 - Ouro > Aeroporto de Congonhas", "description": "Morumbi > Aeroporto de Congonhas •  6.05km (1.46km exclusive - 6.7km Y total)• 7 Estações • 165mil pass/d (projeto) • CBTC GoA4 • Headway:: 360s • 14 trens", "Status_Obra": "Construído", "Modal": "Monotrilho e VLT", "N_Linha": 17, "data_abertura": "2026-03-31" }, "geometry": { "type": "MultiLineString", "coordinates": [ [ [ -46.6725182, -23.630632 ], [ -46.6724833, -23.6306683 ], [ -46.6724389, -23.6307193 ], [ -46.6723953, -23.6307776 ], [ -46.6723399, -23.6308544 ], [ -46.6723023, -23.6308979 ], [ -46.6722515, -23.6309483 ], [ -46.6711397, -23.6319852 ], [ -46.6710428, -23.6320737 ], [ -46.6709559, -23.6321511 ], [ -46.6708969, -23.632196 ], [ -46.6708318, -23.6322409 ], [ -46.6707741, -23.6322752 ], [ -46.6707078, -23.6323091 ], [ -46.6706572, -23.6323306 ], [ -46.6705885, -23.6323539 ], [ -46.6705197, -23.6323724 ], [ -46.6704557, -23.6323846 ], [ -46.6703879, -23.6323926 ], [ -46.6703216, -23.6323954 ], [ -46.6702573, -23.6323925 ], [ -46.6701924, -23.6323856 ], [ -46.6701273, -23.6323748 ], [ -46.6700621, -23.6323595 ], [ -46.6700024, -23.6323402 ], [ -46.6699356, -23.6323136 ], [ -46.6698817, -23.6322858 ], [ -46.6698233, -23.6322508 ], [ -46.6697669, -23.6322104 ], [ -46.6697072, -23.6321605 ], [ -46.6696563, -23.6321089 ], [ -46.6696017, -23.632044 ], [ -46.6695535, -23.6319752 ], [ -46.6695107, -23.6319047 ], [ -46.6694746, -23.6318373 ], [ -46.6694391, -23.6317636 ], [ -46.6692306, -23.6313219 ], [ -46.6691675, -23.6311953 ], [ -46.6691045, -23.631083499999988 ], [ -46.6690388, -23.6309717 ], [ -46.6689684, -23.6308565 ], [ -46.6687504, -23.6305148 ], [ -46.6686686, -23.6303967 ], [ -46.6685982, -23.6303 ], [ -46.6685245, -23.630205 ], [ -46.6684453, -23.6301091 ], [ -46.6683615, -23.6300195 ], [ -46.6682858, -23.629947 ], [ -46.6682039, -23.6298727 ], [ -46.6681298, -23.6298106 ], [ -46.6680389, -23.6297412 ], [ -46.6679444, -23.6296754 ], [ -46.6678566, -23.629619 ], [ -46.667768, -23.629568 ], [ -46.6676701, -23.6295151 ], [ -46.6675649, -23.6294641 ], [ -46.6674677, -23.6294229 ], [ -46.6673772, -23.629388 ], [ -46.6672631, -23.6293486 ], [ -46.6671491, -23.6293129 ], [ -46.6670237, -23.6292793 ], [ -46.6668983, -23.6292485 ], [ -46.6667791, -23.6292203 ], [ -46.6660837, -23.6290716 ], [ -46.6658879, -23.6290261 ], [ -46.6656854, -23.6289751 ], [ -46.6628006, -23.6282257 ], [ -46.6627121, -23.6282023 ], [ -46.6626316, -23.6281777 ], [ -46.6625562, -23.6281495 ], [ -46.6624902, -23.6281175 ], [ -46.662425, -23.6280788 ], [ -46.6623601, -23.6280376 ], [ -46.662297700000011, -23.6279904 ], [ -46.6622434, -23.6279412 ], [ -46.6621891, -23.627884 ], [ -46.6621443, -23.6278296 ], [ -46.6620931, -23.6277568 ], [ -46.6620606, -23.6277006 ], [ -46.6620305, -23.6276338 ], [ -46.6620047, -23.6275677 ], [ -46.6619798, -23.6274951 ], [ -46.661721, -23.6266616 ] ] ] } },
{ "type": "Feature", "properties": { "fid": 21, "Name": "Linha 17 - Ouro > Morumbi", "description": "Aeroporto de Congonhas > Morumbi • 6.05km (1.46km exclusive - 6.7km Y total) • 7 Estações • 165mil pass/d (projeto) • CBTC GoA4 • Headway:: 360s • 14 trens", "Status_Obra": "Construído", "Modal": "Monotrilho e VLT", "N_Linha": 17, "data_abertura": "2026-03-31" }, "geometry": { "type": "MultiLineString", "coordinates": [ [ [ -46.6618446, -23.6266264 ], [ -46.6621332, -23.6275507 ], [ -46.6621614, -23.6276318 ], [ -46.6621916, -23.6277031 ], [ -46.6622271, -23.6277712 ], [ -46.6622713, -23.6278382 ], [ -46.6623156, -23.6278947 ], [ -46.662372, -23.6279531 ], [ -46.6624303, -23.6280017 ], [ -46.6624906, -23.6280441 ], [ -46.6625503, -23.6280809 ], [ -46.6626214, -23.6281165 ], [ -46.6627005, -23.6281472 ], [ -46.6627743, -23.6281718 ], [ -46.6628588, -23.6281951 ], [ -46.6657072, -23.6289324 ], [ -46.6659131, -23.6289834 ], [ -46.6660983, -23.6290269 ], [ -46.6668144, -23.62918 ], [ -46.6669377, -23.6292076 ], [ -46.6670772, -23.6292402 ], [ -46.6671892, -23.6292697 ], [ -46.6673072, -23.6293059 ], [ -46.6674179, -23.6293452 ], [ -46.6675124, -23.6293815 ], [ -46.6676077, -23.6294238 ], [ -46.6677021, -23.6294699 ], [ -46.6677948, -23.6295203 ], [ -46.6678806, -23.6295706 ], [ -46.667969, -23.6296278 ], [ -46.6680475, -23.6296794 ], [ -46.6681279, -23.6297384 ], [ -46.6682011, -23.6297961 ], [ -46.6682729, -23.6298588 ], [ -46.6683419, -23.6299239 ], [ -46.6684117, -23.6299939 ], [ -46.668484, -23.6300714 ], [ -46.6685464, -23.6301438 ], [ -46.6686121, -23.6302274 ], [ -46.66866910000001, -23.6303035 ], [ -46.6687281, -23.6303871 ], [ -46.6687945, -23.6304884 ], [ -46.66901450000001, -23.6308349 ], [ -46.6690983, -23.6309729 ], [ -46.6691714, -23.6310985 ], [ -46.6692384, -23.6312226 ], [ -46.6692974, -23.631343 ], [ -46.6694745, -23.6317165 ], [ -46.669514, -23.6317947 ], [ -46.6695515, -23.6318599 ], [ -46.6695941, -23.6319256 ], [ -46.6696434, -23.631991700000011 ], [ -46.6696856, -23.6320365 ], [ -46.6697363, -23.6320786 ], [ -46.6697912, -23.6321185 ], [ -46.6698529, -23.6321566 ], [ -46.6699187, -23.6321896 ], [ -46.6699785, -23.6322136 ], [ -46.670042, -23.6322328 ], [ -46.6701067, -23.6322485 ], [ -46.670179, -23.63226 ], [ -46.6702538, -23.6322668 ], [ -46.670332, -23.6322669 ], [ -46.6704154, -23.6322578 ], [ -46.6704963, -23.6322417 ], [ -46.6705771, -23.6322172 ], [ -46.6706506, -23.6321849 ], [ -46.6707207, -23.6321472 ], [ -46.6707904, -23.6321023 ], [ -46.6708504, -23.632055 ], [ -46.6709094, -23.6320016 ], [ -46.6721499, -23.6308484 ], [ -46.6722035, -23.6308035 ], [ -46.6722508, -23.6307688 ], [ -46.6723142, -23.6307281 ], [ -46.6723766, -23.6306856 ], [ -46.6724302, -23.6306445 ], [ -46.6724826, -23.6306003 ] ] ] } },
{ "type": "Feature", "properties": { "fid": 22, "Name": "People Mover - GRU\n", "description": "Aeroporto-Guarulhos <> Terminal 3 • 2.67km • 4 estações • 6min • Headway: 6min", "Status_Obra": "Construído", "Modal": "Monotrilho e VLT", "N_Linha": 0, "data_abertura": "2026-02-20" }, "geometry": { "type": "MultiLineString", "coordinates": [ [ [ -46.4766755, -23.4227201 ], [ -46.4786384, -23.423241099999988 ], [ -46.4787142, -23.4232638 ], [ -46.4787826, -23.4232898 ], [ -46.4788464, -23.42332 ], [ -46.4789055, -23.4233538 ], [ -46.4789558, -23.4233904 ], [ -46.4790006, -23.4234338 ], [ -46.4790452, -23.423486 ], [ -46.4790824, -23.4235431 ], [ -46.4791113, -23.4236 ], [ -46.4791303, -23.4236578 ], [ -46.4791429, -23.423722 ], [ -46.4791489, -23.4237925 ], [ -46.4791488, -23.4238749 ], [ -46.4791441, -23.4239555 ], [ -46.4791279, -23.4241752 ], [ -46.4791248, -23.4242644 ], [ -46.4791269, -23.4243413 ], [ -46.4791347, -23.4244102 ], [ -46.4791498, -23.4244806 ], [ -46.47916870000001, -23.4245448 ], [ -46.4791937, -23.4246128 ], [ -46.4792266, -23.42468 ], [ -46.4792696, -23.4247516 ], [ -46.4793217, -23.4248219 ], [ -46.4793748, -23.4248835 ], [ -46.4794317, -23.4249369 ], [ -46.4794967, -23.4249899 ], [ -46.4795678, -23.4250379 ], [ -46.4796416, -23.4250773 ], [ -46.4797114, -23.4251089 ], [ -46.4797948, -23.4251394 ], [ -46.4801103, -23.4252366 ], [ -46.480202, -23.4252644 ], [ -46.4802843, -23.4252923 ], [ -46.4803913, -23.4253338 ], [ -46.4804884, -23.4253743 ], [ -46.4805994, -23.4254243 ], [ -46.4806956, -23.4254705 ], [ -46.4807874, -23.4255168 ], [ -46.4808817, -23.4255706 ], [ -46.4809559, -23.4256132 ], [ -46.4811761, -23.4257451 ], [ -46.4812321, -23.4257743 ], [ -46.4812916, -23.4257991 ], [ -46.4813611, -23.4258202 ], [ -46.481443400000011, -23.4258357 ], [ -46.4815426, -23.4258463 ], [ -46.4820442, -23.4258869 ], [ -46.4821317, -23.4258894 ], [ -46.4822151, -23.4258851 ], [ -46.4822969, -23.4258709 ], [ -46.4823835, -23.4258493 ], [ -46.4830835, -23.4256303 ], [ -46.4831774, -23.4256032 ], [ -46.4832579, -23.4255833 ], [ -46.4833524, -23.4255681 ], [ -46.4834363, -23.425556199999988 ], [ -46.4837929, -23.4255122 ], [ -46.4838949, -23.4254949 ], [ -46.4839801, -23.4254743 ], [ -46.484062, -23.4254488 ], [ -46.484137, -23.4254186 ], [ -46.4842054, -23.4253849 ], [ -46.4842798, -23.4253399 ], [ -46.4843409, -23.4252942 ], [ -46.4844007, -23.4252417 ], [ -46.4844635, -23.4251791 ], [ -46.4845158, -23.425121 ], [ -46.48464760000001, -23.4249512 ], [ -46.4847043, -23.4248878 ], [ -46.4847519, -23.4248416 ], [ -46.4848063, -23.4247979 ], [ -46.484869, -23.4247545 ], [ -46.4849437, -23.4247123 ], [ -46.4850101, -23.424681 ], [ -46.4850865, -23.4246515 ], [ -46.485163, -23.4246287 ], [ -46.4852441, -23.4246115 ], [ -46.4853252, -23.4245998 ], [ -46.4854164, -23.4245899 ], [ -46.4857356, -23.4245603 ], [ -46.488528, -23.4242999 ], [ -46.4885942, -23.4242951 ], [ -46.4886477, -23.4242965 ], [ -46.4886957, -23.4243053 ], [ -46.488746, -23.4243107 ], [ -46.4888105, -23.4243092 ], [ -46.488746, -23.4243107 ], [ -46.4886957, -23.4243053 ], [ -46.4886477, -23.4242965 ], [ -46.4885942, -23.4242951 ], [ -46.488528, -23.4242999 ], [ -46.4857356, -23.4245603 ], [ -46.4857994, -23.4245614 ], [ -46.4858512, -23.4245697 ], [ -46.4859009, -23.4245754 ], [ -46.4859602, -23.4245745 ], [ -46.4889086, -23.4243001 ], [ -46.4890105, -23.4242921 ], [ -46.4890935, -23.4242897 ], [ -46.4891739, -23.4242914 ], [ -46.4892438, -23.4243001 ], [ -46.4893083, -23.4243167 ], [ -46.489376, -23.4243404 ], [ -46.489441, -23.4243758 ], [ -46.4894994, -23.4244152 ], [ -46.4895483, -23.4244564 ], [ -46.4895945, -23.4245068 ], [ -46.4896312, -23.4245561 ], [ -46.4896637, -23.4246139 ], [ -46.4896898, -23.4246815 ], [ -46.4897086, -23.4247548 ], [ -46.4897207, -23.4248431 ], [ -46.4900079, -23.4275018 ], [ -46.4900244, -23.4276524 ], [ -46.4900387, -23.4277813 ], [ -46.490055, -23.427906 ], [ -46.4900931, -23.4281911 ], [ -46.4901136, -23.4283515 ], [ -46.4901301, -23.4284995 ], [ -46.4902522, -23.4296357 ], [ -46.4902599, -23.4297043 ], [ -46.490273, -23.4297846 ], [ -46.4902927, -23.4298569 ], [ -46.4903213, -23.429919 ], [ -46.4903544, -23.4299727 ], [ -46.4903973, -23.4300256 ], [ -46.4904427, -23.4300673 ], [ -46.4904982, -23.4301086 ], [ -46.4905502, -23.4301411 ], [ -46.4906096, -23.4301682 ], [ -46.490671, -23.4301898 ], [ -46.4907383, -23.4302061 ], [ -46.4908151, -23.4302139 ], [ -46.4908901, -23.4302141 ], [ -46.4909835, -23.4302064 ], [ -46.4913301, -23.4301759 ], [ -46.4914287, -23.4301664 ], [ -46.4915119, -23.4301626 ], [ -46.4915875, -23.4301637 ], [ -46.491673, -23.4301713 ], [ -46.4917398, -23.4301837 ], [ -46.4918116, -23.4302032 ], [ -46.4918756, -23.4302263 ], [ -46.4919403, -23.4302556 ], [ -46.4920014, -23.4302908 ], [ -46.4920596, -23.4303314 ], [ -46.4921167, -23.4303787 ], [ -46.4921672, -23.4304292 ], [ -46.4922146, -23.4304882 ], [ -46.4922522, -23.4305496 ], [ -46.4922863, -23.4306187 ], [ -46.4923118, -23.4306913 ], [ -46.4923326, -23.430767500000012 ], [ -46.4923473, -23.4308402 ], [ -46.4923594, -23.4309235 ], [ -46.4923708, -23.4310204 ], [ -46.4926457, -23.4335786 ] ] ] } },
{ "type": "Feature", "properties": { "fid": 23, "Name": "Linha 7 - Rubi > BFU", "description": "Francisco Morato > Palmeiras-Barra Funda • 35.6km • 13 estações • 50min • 487mil pass/d • ATP • Headway: 360s", "Status_Obra": "Construído", "Modal": "Trem", "N_Linha": 7, "data_abertura": "1867-02-16" }, "geometry": { "type": "MultiLineString", "coordinates": [ [ [ -46.7425935, -23.2808654 ], [ -46.7423897, -23.283291 ], [ -46.7423722, -23.2834647 ], [ -46.7423481, -23.2836421 ], [ -46.742214, -23.284412 ], [ -46.7421697, -23.2846091 ], [ -46.7421201, -23.2847939 ], [ -46.7420463, -23.2850206 ], [ -46.7419726, -23.2852238 ], [ -46.7418868, -23.2854234 ], [ -46.7417526, -23.285687 ], [ -46.7376073, -23.2936471 ], [ -46.7374826, -23.2938996 ], [ -46.7373417, -23.2942026 ], [ -46.7372233, -23.2944942 ], [ -46.737124, -23.2947689 ], [ -46.7369899, -23.295189 ], [ -46.7368062, -23.2957999 ], [ -46.7367069, -23.2961017 ], [ -46.7365768, -23.2964404 ], [ -46.7364521, -23.2967053 ], [ -46.7362952, -23.2969923 ], [ -46.7361396, -23.2972349 ], [ -46.7359626, -23.297475099999989 ], [ -46.7357655, -23.2977104 ], [ -46.7355536, -23.297928399999989 ], [ -46.7353323, -23.2981329 ], [ -46.7350185, -23.2983817 ], [ -46.7347248, -23.2985898 ], [ -46.73436, -23.2988276 ], [ -46.7336948, -23.299262399999989 ], [ -46.7334212, -23.299457 ], [ -46.7331718, -23.2996553 ], [ -46.7328955, -23.2999029 ], [ -46.7326796, -23.3001258 ], [ -46.7324771, -23.3003611 ], [ -46.7322853, -23.3006148 ], [ -46.73206, -23.3009301 ], [ -46.7306585, -23.3030191 ], [ -46.7304735, -23.3032926 ], [ -46.730275, -23.3035672 ], [ -46.7300953, -23.3037926 ], [ -46.7299169, -23.3039872 ], [ -46.7297104, -23.3041942 ], [ -46.7295039, -23.3043666 ], [ -46.729304, -23.3045255 ], [ -46.7283089, -23.3052805 ], [ -46.7280434, -23.3054936 ], [ -46.7278114, -23.3056993 ], [ -46.7276129, -23.3059013 ], [ -46.7273997, -23.3061452 ], [ -46.727228, -23.3063632 ], [ -46.7270537, -23.306607 ], [ -46.7268874, -23.3068632 ], [ -46.726654, -23.3072204 ], [ -46.7264877, -23.3074747 ], [ -46.7263375, -23.3076897 ], [ -46.72619, -23.307888 ], [ -46.72602830000001, -23.3080897 ], [ -46.725844, -23.3082858 ], [ -46.7256629, -23.3084558 ], [ -46.7254779, -23.3086159 ], [ -46.7252485, -23.3087945 ], [ -46.7249924, -23.3089817 ], [ -46.7215793, -23.3113243 ], [ -46.72117690000001, -23.3116098 ], [ -46.7209033, -23.3118204 ], [ -46.7206767, -23.3120224 ], [ -46.7204648, -23.3122441 ], [ -46.7203133, -23.3124227 ], [ -46.7201899, -23.3126025 ], [ -46.7200625, -23.3128217 ], [ -46.7199512, -23.3130397 ], [ -46.7198613, -23.3132516 ], [ -46.7197795, -23.3134967 ], [ -46.7197245, -23.3137122 ], [ -46.7196803, -23.3139462 ], [ -46.7196575, -23.3141568 ], [ -46.7196467, -23.314408 ], [ -46.7196575, -23.3146494 ], [ -46.7196829, -23.3148797 ], [ -46.7197259, -23.3151088 ], [ -46.7197889, -23.3153441 ], [ -46.719864, -23.3155707 ], [ -46.7199659, -23.3158059 ], [ -46.7200719, -23.3160066 ], [ -46.7202006, -23.3162172 ], [ -46.7203575, -23.3164328 ], [ -46.7205359, -23.3166458 ], [ -46.7207049, -23.3168195 ], [ -46.7209101, -23.3170067 ], [ -46.7213647, -23.3174008 ], [ -46.7215865, -23.3176051 ], [ -46.7217716, -23.3177923 ], [ -46.7219593, -23.3180029 ], [ -46.7221229, -23.3182147 ], [ -46.7222624, -23.3184253 ], [ -46.7223858, -23.3186384 ], [ -46.7224998, -23.318865 ], [ -46.7226017, -23.3190965 ], [ -46.7226808, -23.319317 ], [ -46.7227492, -23.3195288 ], [ -46.722819, -23.3197825 ], [ -46.7229008, -23.3200966 ], [ -46.723979, -23.3243737 ], [ -46.7240796, -23.3247308 ], [ -46.724203, -23.3251261 ], [ -46.7243438, -23.325514 ], [ -46.7244806, -23.3258588 ], [ -46.7246, -23.3261335 ], [ -46.7253496, -23.3276925 ], [ -46.7254435, -23.3278982 ], [ -46.725524, -23.3280928 ], [ -46.7256125, -23.3283243 ], [ -46.7257345, -23.3286358 ], [ -46.7258284, -23.3288563 ], [ -46.7259129, -23.3290274 ], [ -46.725992, -23.3291764 ], [ -46.7269348, -23.3308894 ], [ -46.7270475, -23.331084 ], [ -46.7271695, -23.3312675 ], [ -46.7273224, -23.3314682 ], [ -46.7274793, -23.3316504 ], [ -46.7276697, -23.3318585 ], [ -46.7278634, -23.3320489 ], [ -46.728064, -23.3322292 ], [ -46.7283202, -23.3324287 ], [ -46.7285669, -23.3325949 ], [ -46.728858, -23.3327649 ], [ -46.729149, -23.332909 ], [ -46.7323784, -23.3344236 ], [ -46.7325916, -23.3345283 ], [ -46.732833, -23.334649 ], [ -46.7330623, -23.3347746 ], [ -46.7332769, -23.3349039 ], [ -46.7335022, -23.3350553 ], [ -46.7337074, -23.335206799999987 ], [ -46.7338871, -23.3353496 ], [ -46.7340923, -23.3355306 ], [ -46.7342916, -23.3357263 ], [ -46.7344753, -23.3359233 ], [ -46.7346429, -23.3361265 ], [ -46.7347985, -23.3363359 ], [ -46.734938, -23.3365464 ], [ -46.7350949, -23.3367952 ], [ -46.735626, -23.3376855 ], [ -46.735756, -23.3379243 ], [ -46.7361141, -23.3386065 ], [ -46.7362402, -23.3388417 ], [ -46.7363542, -23.3390424 ], [ -46.7365111, -23.3393084 ], [ -46.7372701, -23.3405878 ], [ -46.7374083, -23.3408328 ], [ -46.7375303, -23.3410693 ], [ -46.7376497, -23.3413131 ], [ -46.7377596, -23.341581500000011 ], [ -46.7378401, -23.3418068 ], [ -46.7379179, -23.342067899999989 ], [ -46.7379796, -23.3423154 ], [ -46.7380332, -23.3425616 ], [ -46.7380976, -23.3428978 ], [ -46.7381861, -23.3433768 ], [ -46.7382559, -23.3437388 ], [ -46.7383149, -23.3440085 ], [ -46.7383846, -23.3442892 ], [ -46.7384678, -23.3445921 ], [ -46.7385657, -23.3449012 ], [ -46.7401187, -23.3495801 ], [ -46.7402072, -23.3498313 ], [ -46.7403024, -23.3500812 ], [ -46.7406068, -23.3508618 ], [ -46.7407221, -23.351182 ], [ -46.7408093, -23.3514418 ], [ -46.7411097, -23.3523381 ], [ -46.7412492, -23.3527149 ], [ -46.7413833, -23.3530485 ], [ -46.7415322, -23.3534093 ], [ -46.7432689, -23.3574428 ], [ -46.7434097, -23.3577419 ], [ -46.7435344, -23.3579857 ], [ -46.7436605, -23.3581987 ], [ -46.7438107, -23.3584228 ], [ -46.7439462, -23.3586062 ], [ -46.744154, -23.3588488 ], [ -46.7443163, -23.3590187 ], [ -46.744492, -23.3591787 ], [ -46.744705, -23.3593604 ], [ -46.7449144, -23.3595198 ], [ -46.7451438, -23.3596823 ], [ -46.7460115, -23.3602388 ], [ -46.7462676, -23.3604075 ], [ -46.7464969, -23.360572399999988 ], [ -46.7466981, -23.3607374 ], [ -46.746902, -23.3609159 ], [ -46.7470937, -23.3611043 ], [ -46.7472721, -23.3613038 ], [ -46.7474491, -23.3615327 ], [ -46.7475899, -23.361731 ], [ -46.7477495, -23.3619846 ], [ -46.7479185, -23.362269 ], [ -46.7483423, -23.3630175 ], [ -46.7485006, -23.363281 ], [ -46.7486628, -23.363526 ], [ -46.7488492, -23.3637698 ], [ -46.7490424, -23.3639938 ], [ -46.749265, -23.3642216 ], [ -46.7494903, -23.364432099999988 ], [ -46.7520813, -23.36661 ], [ -46.752379, -23.3668697 ], [ -46.7526741, -23.3671332 ], [ -46.7529718, -23.3674151 ], [ -46.7533205, -23.3677561 ], [ -46.7536491, -23.3680836 ], [ -46.7539065, -23.368352 ], [ -46.754164, -23.368629 ], [ -46.7543733, -23.3688617 ], [ -46.754557, -23.3690746 ], [ -46.7547206, -23.3692864 ], [ -46.7548909, -23.369536299999989 ], [ -46.7550465, -23.3697714 ], [ -46.7551725, -23.3699819 ], [ -46.7552879, -23.3702171 ], [ -46.7554106, -23.370492199999987 ], [ -46.7555192, -23.3707717 ], [ -46.7556359, -23.3711078 ], [ -46.7557579, -23.3714869 ], [ -46.7558518, -23.3718366 ], [ -46.7559216, -23.3721406 ], [ -46.7559672, -23.3724336 ], [ -46.755998, -23.3727242 ], [ -46.756006, -23.373023299999989 ], [ -46.7560007, -23.3733151 ], [ -46.7559792, -23.3736105 ], [ -46.755935, -23.3739134 ], [ -46.7558786, -23.374183 ], [ -46.7557915, -23.3745276 ], [ -46.7556305, -23.3750927 ], [ -46.7555581, -23.3753672 ], [ -46.7554951, -23.3756343 ], [ -46.7554361, -23.3759359 ], [ -46.7553985, -23.3761945 ], [ -46.7553717, -23.3764813 ], [ -46.7553583, -23.3767706 ], [ -46.7553556, -23.3770931 ], [ -46.7553623, -23.3773984 ], [ -46.7555393, -23.3824116 ], [ -46.7555452, -23.3828254 ], [ -46.7555385, -23.3831221 ], [ -46.7555116, -23.383410099999988 ], [ -46.755466, -23.3836797 ], [ -46.7553896, -23.3839887 ], [ -46.7553075, -23.3842576 ], [ -46.7550865, -23.3849156 ], [ -46.7550127, -23.385147 ], [ -46.7549457, -23.3853957 ], [ -46.7548967, -23.3856423 ], [ -46.7548612, -23.385888 ], [ -46.7548451, -23.3861207 ], [ -46.7548464, -23.3863373 ], [ -46.7548679, -23.386565 ], [ -46.7549001, -23.3867854 ], [ -46.7549551, -23.3870217 ], [ -46.7550221, -23.3872494 ], [ -46.7551093, -23.3874747 ], [ -46.7552233, -23.3877172 ], [ -46.7553614, -23.3879621 ], [ -46.7555022, -23.3881788 ], [ -46.7556511, -23.388393 ], [ -46.7560105, -23.3888841 ], [ -46.7562003, -23.3891574 ], [ -46.7563659, -23.3894097 ], [ -46.7565067, -23.389646 ], [ -46.7566529, -23.3899137 ], [ -46.756787, -23.3901741 ], [ -46.7573181, -23.391229 ], [ -46.7575045, -23.3916241 ], [ -46.7576453, -23.391949 ], [ -46.7577553, -23.3922407 ], [ -46.7578492, -23.3925472 ], [ -46.7579189, -23.3928291 ], [ -46.7579712, -23.3931245 ], [ -46.7580047, -23.3934187 ], [ -46.7580222, -23.3937215 ], [ -46.7580329, -23.3940477 ], [ -46.7580289, -23.3969746 ], [ -46.7580182, -23.3972429 ], [ -46.7579887, -23.3975396 ], [ -46.7579431, -23.3977931 ], [ -46.757884, -23.3980245 ], [ -46.7577942, -23.398283 ], [ -46.7576789, -23.3985439 ], [ -46.7575622, -23.3987618 ], [ -46.757424, -23.3989844 ], [ -46.7572819, -23.399171599999985 ], [ -46.7571116, -23.3993673 ], [ -46.7569211, -23.3995655 ], [ -46.7567079, -23.399771 ], [ -46.7564812, -23.399979 ], [ -46.7559864, -23.4004406 ], [ -46.7556887, -23.4007434 ], [ -46.755513, -23.400944 ], [ -46.7553453, -23.4011655 ], [ -46.7551817, -23.4014068 ], [ -46.7550248, -23.40168 ], [ -46.7548934, -23.4019545 ], [ -46.7547794, -23.4022412 ], [ -46.7546884, -23.4025145 ], [ -46.7544743, -23.4032819 ], [ -46.7544186, -23.4034714 ], [ -46.7543583, -23.4036554 ], [ -46.7542885, -23.4038449 ], [ -46.7542242, -23.404004 ], [ -46.7541571, -23.4041545 ], [ -46.7540918, -23.4042932 ], [ -46.754017, -23.4044363 ], [ -46.7539412, -23.4045717 ], [ -46.7538655, -23.4046997 ], [ -46.7537756, -23.4048387 ], [ -46.7536706, -23.4049874 ], [ -46.7535542, -23.4051428 ], [ -46.7534342, -23.4052957 ], [ -46.7533055, -23.4054553 ], [ -46.75293, -23.4059003 ], [ -46.7527342, -23.4061501 ], [ -46.7525418, -23.406427 ], [ -46.7523681, -23.4067028 ], [ -46.7518518, -23.4075532 ], [ -46.7516613, -23.40784 ], [ -46.7514816, -23.4080836 ], [ -46.751255, -23.408347 ], [ -46.7510069, -23.4086005 ], [ -46.7507641, -23.4088208 ], [ -46.7505455, -23.4089944 ], [ -46.7502907, -23.4091765 ], [ -46.7500439, -23.4093328 ], [ -46.7497985, -23.4094707 ], [ -46.7491253, -23.4098251 ], [ -46.7487726, -23.4100245 ], [ -46.748503, -23.4102017 ], [ -46.7482607, -23.4103851 ], [ -46.7480336, -23.4105808 ], [ -46.74780160000001, -23.4108146 ], [ -46.7475803, -23.411062 ], [ -46.747343, -23.4113438 ], [ -46.7460045, -23.4129523 ], [ -46.7457484, -23.413277199999989 ], [ -46.7455673, -23.4135258 ], [ -46.7454185, -23.4137535 ], [ -46.7452736, -23.4140082 ], [ -46.7451623, -23.4142433 ], [ -46.7450524, -23.414514 ], [ -46.7449759, -23.4147442 ], [ -46.7449115, -23.4149891 ], [ -46.7448606, -23.4152401 ], [ -46.7448244, -23.415501 ], [ -46.7448043, -23.4157718 ], [ -46.7448016, -23.4160548 ], [ -46.744823, -23.4163613 ], [ -46.7448592, -23.4167022 ], [ -46.7449558, -23.4174738 ], [ -46.7449773, -23.4177384 ], [ -46.744984, -23.4179882 ], [ -46.7449721, -23.4182472 ], [ -46.7449451, -23.4185075 ], [ -46.7448954, -23.4187709 ], [ -46.7448271, -23.4190318 ], [ -46.7447412, -23.4192902 ], [ -46.7446071, -23.4196532 ], [ -46.7439285, -23.421445 ], [ -46.7438252, -23.4217379 ], [ -46.7437354, -23.4220308 ], [ -46.7436777, -23.4222732 ], [ -46.7436375, -23.4225193 ], [ -46.743616, -23.4227482 ], [ -46.743612, -23.4229882 ], [ -46.7436254, -23.4232306 ], [ -46.743657, -23.4234905 ], [ -46.7437166, -23.4237524 ], [ -46.743781, -23.4239714 ], [ -46.7438682, -23.4242015 ], [ -46.7439728, -23.4244267 ], [ -46.7440921, -23.4246458 ], [ -46.7442383, -23.4248697 ], [ -46.7444113, -23.425106 ], [ -46.7447399, -23.4255256 ], [ -46.7449317, -23.425784 ], [ -46.7450765, -23.4260043 ], [ -46.7452119, -23.4262455 ], [ -46.7453447, -23.426515 ], [ -46.7454493, -23.4267685 ], [ -46.7455419, -23.4270466 ], [ -46.7456143, -23.4273284 ], [ -46.7456693, -23.4276028 ], [ -46.7457095, -23.4278748 ], [ -46.745794, -23.428442 ], [ -46.7458449, -23.4287287 ], [ -46.7458986, -23.428997 ], [ -46.745963, -23.4292776 ], [ -46.7460408, -23.429563 ], [ -46.7461387, -23.4298818 ], [ -46.7462419, -23.4301894 ], [ -46.7463787, -23.4305549 ], [ -46.746537, -23.4309326 ], [ -46.7472504, -23.4325286 ], [ -46.7473872, -23.4328633 ], [ -46.7475066, -23.4331894 ], [ -46.7475937, -23.4334982 ], [ -46.7476568, -23.4337652 ], [ -46.7477037, -23.4340458 ], [ -46.7477346, -23.4343337 ], [ -46.747748, -23.4346327 ], [ -46.7477453, -23.434997 ], [ -46.7477212, -23.4353759 ], [ -46.747689, -23.4356048 ], [ -46.7476474, -23.4358115 ], [ -46.747516, -23.4363234 ], [ -46.747473, -23.4364969 ], [ -46.7474409, -23.4366667 ], [ -46.7470211, -23.4390452 ], [ -46.7469742, -23.4392433 ], [ -46.7469044, -23.439466 ], [ -46.7468146, -23.4396961 ], [ -46.7466925, -23.4399495 ], [ -46.7465477, -23.4401944 ], [ -46.7463787, -23.440422 ], [ -46.7461722, -23.440657 ], [ -46.7459911, -23.4408268 ], [ -46.7457846, -23.440997899999989 ], [ -46.7455405, -23.4411714 ], [ -46.7453394, -23.4412969 ], [ -46.7451368, -23.4414051 ], [ -46.7445347, -23.4417189 ], [ -46.7442598, -23.4418788 ], [ -46.7440774, -23.4420031 ], [ -46.7438601, -23.442170499999989 ], [ -46.7436589, -23.442355 ], [ -46.7434886, -23.4425322 ], [ -46.7433492, -23.4426971 ], [ -46.7432043, -23.4428927 ], [ -46.7430876, -23.4430773 ], [ -46.7429803, -23.4432741 ], [ -46.7428623, -23.4435214 ], [ -46.7427457, -23.443802 ], [ -46.7424855, -23.4445205 ], [ -46.742397, -23.444774 ], [ -46.7423111, -23.445041 ], [ -46.742232, -23.4453104 ], [ -46.7421623, -23.4455799 ], [ -46.7421033, -23.4458592 ], [ -46.742055, -23.4461237 ], [ -46.7420161, -23.446403 ], [ -46.7419853, -23.4466934 ], [ -46.7419678, -23.4470108 ], [ -46.7419611, -23.447343 ], [ -46.7419705, -23.4476568 ], [ -46.7419853, -23.4479262 ], [ -46.7420188, -23.4482387 ], [ -46.7420724, -23.4486103 ], [ -46.7421529, -23.449036 ], [ -46.7423661, -23.4499735 ], [ -46.7424225, -23.4502553 ], [ -46.7424613, -23.4505444 ], [ -46.7424788, -23.4508163 ], [ -46.7424734, -23.4510808 ], [ -46.7424479, -23.4513355 ], [ -46.7423997, -23.4515914 ], [ -46.7423299, -23.4518498 ], [ -46.7422401, -23.4521032 ], [ -46.7421274, -23.4523505 ], [ -46.7419879, -23.4526039 ], [ -46.7418404, -23.4528266 ], [ -46.741662, -23.4530579 ], [ -46.741463, -23.4532728 ], [ -46.7412195, -23.4534984 ], [ -46.7409863, -23.4536779 ], [ -46.7407568, -23.4538281 ], [ -46.7405047, -23.4539745 ], [ -46.7402525, -23.4541062 ], [ -46.7397925, -23.4543424 ], [ -46.7396477, -23.4544242 ], [ -46.7394841, -23.4545269 ], [ -46.7393272, -23.4546352 ], [ -46.7391944, -23.4547401 ], [ -46.7390509, -23.4548621 ], [ -46.7389168, -23.4549907 ], [ -46.7388069, -23.4551051 ], [ -46.7387063, -23.4552183 ], [ -46.738607, -23.4553407 ], [ -46.7385172, -23.4554656 ], [ -46.7384326, -23.455593 ], [ -46.7383532, -23.4557243 ], [ -46.7382737, -23.4558722 ], [ -46.7382087, -23.4560107 ], [ -46.7381597, -23.4561248 ], [ -46.7381081, -23.4562623 ], [ -46.7380622, -23.4564022 ], [ -46.738019, -23.4565575 ], [ -46.7379847, -23.4567144 ], [ -46.7379472, -23.4569432 ], [ -46.7379257, -23.4571769 ], [ -46.7379177, -23.457455 ], [ -46.7379365, -23.4577158 ], [ -46.7379713, -23.4579828 ], [ -46.7380236, -23.4582362 ], [ -46.7381054, -23.4585155 ], [ -46.7382167, -23.4588046 ], [ -46.7383348, -23.4590519 ], [ -46.7384917, -23.4593201 ], [ -46.7386647, -23.4595637 ], [ -46.7388591, -23.4597974 ], [ -46.7390549, -23.459999 ], [ -46.7392722, -23.4601886 ], [ -46.7394881, -23.4603547 ], [ -46.7397141, -23.4605128 ], [ -46.7399347, -23.4606561 ], [ -46.740325, -23.4609083 ], [ -46.7405543, -23.4610719 ], [ -46.740785, -23.4612442 ], [ -46.7410277, -23.4614373 ], [ -46.7442598, -23.4640368 ], [ -46.7445642, -23.4642914 ], [ -46.7447761, -23.4644846 ], [ -46.7449585, -23.464674 ], [ -46.7451248, -23.4648721 ], [ -46.7452763, -23.4650788 ], [ -46.7454145, -23.4653063 ], [ -46.7455231, -23.465524099999989 ], [ -46.7456237, -23.4657603 ], [ -46.7457001, -23.4659842 ], [ -46.7457658, -23.4662327 ], [ -46.7458114, -23.4664836 ], [ -46.7458369, -23.4667334 ], [ -46.7458449, -23.4669954 ], [ -46.7458302, -23.4672697 ], [ -46.7458007, -23.4675207 ], [ -46.745739, -23.4677987 ], [ -46.7456572, -23.4680792 ], [ -46.745562, -23.4683277 ], [ -46.7454507, -23.4685589 ], [ -46.7452991, -23.4688259 ], [ -46.7451862, -23.4689929 ], [ -46.7450841, -23.469128 ], [ -46.7449873, -23.4692457 ], [ -46.7448864, -23.4693633 ], [ -46.7447808, -23.4694742 ], [ -46.7446638, -23.4695864 ], [ -46.7445461, -23.4696901 ], [ -46.7444247, -23.4697897 ], [ -46.7442866, -23.4698921 ], [ -46.7441545, -23.4699829 ], [ -46.7440036, -23.470077 ], [ -46.7438457, -23.4701643 ], [ -46.7436704, -23.4702529 ], [ -46.7434658, -23.4703458 ], [ -46.7431922, -23.4704595 ], [ -46.7423822, -23.4707781 ], [ -46.7420711, -23.470911 ], [ -46.7417371, -23.4710734 ], [ -46.7414287, -23.4712468 ], [ -46.7411377, -23.4714338 ], [ -46.7408078, -23.4716614 ], [ -46.7378104, -23.473783399999988 ], [ -46.7375046, -23.4740085 ], [ -46.7372377, -23.4742164 ], [ -46.7369816, -23.4744267 ], [ -46.7367241, -23.4746666 ], [ -46.7364961, -23.4749015 ], [ -46.736299, -23.4751316 ], [ -46.7361072, -23.475385 ], [ -46.7359328, -23.4756433 ], [ -46.7357531, -23.4759422 ], [ -46.7355815, -23.4762509 ], [ -46.7334102, -23.4802831 ], [ -46.7332842, -23.4805291 ], [ -46.7331903, -23.4807346 ], [ -46.7330884, -23.4809707 ], [ -46.7329797, -23.4812475 ], [ -46.7327598, -23.481849 ], [ -46.7326521, -23.4821217 ], [ -46.7325345, -23.4823853 ], [ -46.732387, -23.4826707 ], [ -46.7322341, -23.4829204 ], [ -46.7320517, -23.4831836 ], [ -46.7318591, -23.4834283 ], [ -46.7316534, -23.4836608 ], [ -46.731408, -23.4839044 ], [ -46.7311612, -23.4841319 ], [ -46.7298965, -23.4852266 ], [ -46.7295009, -23.4855797 ], [ -46.7291817, -23.4858785 ], [ -46.7274839, -23.4875095 ], [ -46.7272479, -23.4877235 ], [ -46.7269501, -23.4879646 ], [ -46.7267181, -23.4881356 ], [ -46.7265009, -23.4882807 ], [ -46.7262849, -23.488416 ], [ -46.7254751, -23.4889249 ], [ -46.7252241, -23.4890864 ], [ -46.7249747, -23.4892647 ], [ -46.7247604, -23.4894346 ], [ -46.7245442, -23.4896202 ], [ -46.7243564, -23.4898022 ], [ -46.7241662, -23.4899974 ], [ -46.7239313, -23.4902659 ], [ -46.7230059, -23.4914381 ], [ -46.7227641, -23.4917176 ], [ -46.7225615, -23.4919366 ], [ -46.7223415, -23.492149399999988 ], [ -46.7221283, -23.49234 ], [ -46.7218172, -23.4925934 ], [ -46.721046, -23.4932022 ], [ -46.7206035, -23.4935626 ], [ -46.7202427, -23.493881099999989 ], [ -46.7199155, -23.4941886 ], [ -46.7195628, -23.4945428 ], [ -46.7192583, -23.4948639 ], [ -46.7184537, -23.495774 ], [ -46.7182807, -23.4959474 ], [ -46.7178421, -23.4963791 ], [ -46.7176624, -23.4965784 ], [ -46.7173097, -23.4969867 ], [ -46.7170603, -23.4972954 ], [ -46.7167867, -23.4976508 ], [ -46.7165404, -23.497994 ], [ -46.7163535, -23.4982768 ], [ -46.7161188, -23.4986421 ], [ -46.7158318, -23.4991218 ], [ -46.7156293, -23.4994772 ], [ -46.7154182, -23.4998714 ], [ -46.7152726, -23.5001721 ], [ -46.715168, -23.5004218 ], [ -46.7150701, -23.5006936 ], [ -46.7149977, -23.5009494 ], [ -46.7149413, -23.501231 ], [ -46.7149024, -23.5015139 ], [ -46.714885, -23.5018078 ], [ -46.714881, -23.5021423 ], [ -46.7149695, -23.5045295 ], [ -46.7149722, -23.5048824 ], [ -46.7149614, -23.5051874 ], [ -46.7149279, -23.5055047 ], [ -46.714881, -23.5057851 ], [ -46.7148086, -23.5061135 ], [ -46.7147174, -23.5064381 ], [ -46.7135895, -23.5099135 ], [ -46.7134648, -23.5102653 ], [ -46.7133387, -23.5105838 ], [ -46.7132059, -23.5108826 ], [ -46.7130611, -23.5111827 ], [ -46.7129015, -23.5114815 ], [ -46.7127312, -23.511784 ], [ -46.7125381, -23.5120841 ], [ -46.7123637, -23.5123423 ], [ -46.712125, -23.5126695 ], [ -46.7119037, -23.5129486 ], [ -46.7116811, -23.5132093 ], [ -46.7114102, -23.5135045 ], [ -46.7111447, -23.5137738 ], [ -46.7108979, -23.5140074 ], [ -46.7106324, -23.5142411 ], [ -46.7103923, -23.5144354 ], [ -46.7100986, -23.5146555 ], [ -46.709758, -23.5148879 ], [ -46.7094562, -23.5150761 ], [ -46.7090727, -23.5152937 ], [ -46.7087186, -23.5154683 ], [ -46.7082693, -23.5156749 ], [ -46.7063448, -23.516513599999989 ], [ -46.7059613, -23.5166796 ], [ -46.7052827, -23.5169846 ], [ -46.7049415, -23.5171354 ], [ -46.7028996, -23.51802 ], [ -46.702503900000011, -23.518186 ], [ -46.7018508, -23.5184602 ], [ -46.7015102, -23.5186054 ], [ -46.6969625, -23.5205716 ], [ -46.6965749, -23.5207364 ], [ -46.6962115, -23.5208778 ], [ -46.6958361, -23.521007 ], [ -46.6954846, -23.521109 ], [ -46.6951131, -23.5211951 ], [ -46.69474970000001, -23.5212639 ], [ -46.6943554, -23.5213193 ], [ -46.6939758, -23.5213574 ], [ -46.6935695, -23.5213795 ], [ -46.6932128, -23.5213844 ], [ -46.6915645, -23.5213611 ], [ -46.6911542, -23.5213562 ], [ -46.6903777, -23.5213525 ], [ -46.6899834, -23.52135 ], [ -46.6870852, -23.5212959 ], [ -46.6867151, -23.5212996 ], [ -46.6863409, -23.5213156 ], [ -46.6859797, -23.5213521 ], [ -46.6856006, -23.5213992 ], [ -46.6852023, -23.5214705 ], [ -46.6848161, -23.5215615 ], [ -46.6844634, -23.5216611 ], [ -46.6841429, -23.5217693 ], [ -46.6837499, -23.5219218 ], [ -46.6834012, -23.5220718 ], [ -46.6827226, -23.522394 ], [ -46.6824839, -23.522517 ], [ -46.6821097, -23.5227211 ], [ -46.6818362, -23.522865 ], [ -46.68155860000001, -23.5230027 ], [ -46.6794477, -23.524011 ], [ -46.6791486, -23.5241475 ], [ -46.6788455, -23.5242668 ], [ -46.6785438, -23.5243725 ], [ -46.6782018, -23.5244709 ], [ -46.677896, -23.5245434 ], [ -46.6775607, -23.5246074 ], [ -46.6772348, -23.5246516 ], [ -46.6768124, -23.5246935 ], [ -46.6743776, -23.5248836 ], [ -46.6741999, -23.524901 ], [ -46.6740473, -23.5249202 ], [ -46.6735659, -23.5249882 ], [ -46.6733706, -23.5250142 ], [ -46.6732275, -23.5250304 ], [ -46.6730657, -23.5250468 ] ] ] } },
{ "type": "Feature", "properties": { "fid": 24, "Name": "Linha 7 - Rubi > FMO\n", "description": "Palmeiras-Barra Funda > Francisco Morato • 35.6km • 13 estações • 50min • 487mil pass/d • ATP • Headway: 360s", "Status_Obra": "Construído", "Modal": "Trem", "N_Linha": 7, "data_abertura": "1867-02-16" }, "geometry": { "type": "MultiLineString", "coordinates": [ [ [ -46.6665508, -23.5256183 ], [ -46.6688602, -23.5254412 ], [ -46.6691794, -23.5254105 ], [ -46.6694248, -23.5253785 ], [ -46.6698124, -23.525317 ], [ -46.6700913, -23.5252838 ], [ -46.6703529, -23.5252605 ], [ -46.6767982, -23.5247526 ], [ -46.6771523, -23.5247207 ], [ -46.6774916, -23.5246739 ], [ -46.677804, -23.5246162 ], [ -46.6781044, -23.5245473 ], [ -46.6783786, -23.5244702 ], [ -46.6786556, -23.5243825 ], [ -46.6789145, -23.5242878 ], [ -46.6791787, -23.5241772 ], [ -46.6794415, -23.5240579 ], [ -46.683198, -23.5222675 ], [ -46.6835855, -23.5220917 ], [ -46.6839248, -23.5219503 ], [ -46.684236, -23.5218334 ], [ -46.6845747, -23.52172 ], [ -46.6849561, -23.5216158 ], [ -46.685333, -23.5215309 ], [ -46.6856696, -23.5214707 ], [ -46.6859727, -23.5214289 ], [ -46.686316, -23.5213957 ], [ -46.6866379, -23.5213772 ], [ -46.6869812, -23.5213674 ], [ -46.6873259, -23.5213699 ], [ -46.6928646, -23.5214695 ], [ -46.6932576, -23.5214719 ], [ -46.6936291, -23.5214633 ], [ -46.693971, -23.5214461 ], [ -46.6942768, -23.5214203 ], [ -46.6946255, -23.521376 ], [ -46.695001, -23.5213096 ], [ -46.6953215, -23.5212395 ], [ -46.69563, -23.5211596 ], [ -46.695968, -23.5210575 ], [ -46.6962697, -23.5209518 ], [ -46.6965446, -23.520846 ], [ -46.6968209, -23.5207304 ], [ -46.7082096, -23.5158042 ], [ -46.7085556, -23.5156493 ], [ -46.7089445, -23.5154611 ], [ -46.7092918, -23.5152767 ], [ -46.7095681, -23.5151156 ], [ -46.7098444, -23.5149422 ], [ -46.710134, -23.5147417 ], [ -46.7103982, -23.5145462 ], [ -46.7106697, -23.5143261 ], [ -46.7109118, -23.5141157 ], [ -46.7111493, -23.5138957 ], [ -46.7113679, -23.5136756 ], [ -46.71160230000001, -23.5134265 ], [ -46.7118252, -23.5131751 ], [ -46.7120196, -23.5129439 ], [ -46.712226, -23.5126847 ], [ -46.7124059, -23.5124421 ], [ -46.7125909, -23.5121753 ], [ -46.7128015, -23.5118432 ], [ -46.7129825, -23.5115247 ], [ -46.7131609, -23.5111816 ], [ -46.7133098, -23.5108619 ], [ -46.71344520000001, -23.510552 ], [ -46.7135659, -23.5102347 ], [ -46.7136786, -23.5099014 ], [ -46.7147126, -23.5067224 ], [ -46.7148145, -23.5063916 ], [ -46.7148883, -23.5061272 ], [ -46.7149446, -23.5058873 ], [ -46.7149915, -23.5056266 ], [ -46.7150291, -23.5053647 ], [ -46.7150452, -23.5051076 ], [ -46.7150546, -23.5048285 ], [ -46.7150505, -23.5045075 ], [ -46.7149593, -23.5023282 ], [ -46.7149566, -23.5020466 ], [ -46.7149647, -23.5017563 ], [ -46.7149862, -23.5014981 ], [ -46.71502370000001, -23.5012558 ], [ -46.7150787, -23.5009975 ], [ -46.7151504, -23.5007496 ], [ -46.715241, -23.5004908 ], [ -46.7153415, -23.5002497 ], [ -46.7154596, -23.4999988 ], [ -46.7155923, -23.4997344 ], [ -46.7159477, -23.4990973 ], [ -46.7161958, -23.4986878 ], [ -46.7164895, -23.498234 ], [ -46.7168449, -23.4977273 ], [ -46.7171064, -23.4973816 ], [ -46.7173948, -23.4970348 ], [ -46.7176657, -23.4967224 ], [ -46.7191436, -23.4950522 ], [ -46.7193862, -23.4947901 ], [ -46.7196223, -23.4945368 ], [ -46.7198677, -23.4942908 ], [ -46.7201855, -23.493987 ], [ -46.7204859, -23.4937189 ], [ -46.7206884, -23.493543 ], [ -46.7209352, -23.4933388 ], [ -46.7220148, -23.4924828 ], [ -46.7222715, -23.4922639 ], [ -46.7224976, -23.4920547 ], [ -46.7227095, -23.491837 ], [ -46.7229442, -23.4915701 ], [ -46.723152, -23.491318 ], [ -46.7238387, -23.4904435 ], [ -46.7240693, -23.4901675 ], [ -46.7243014, -23.4899097 ], [ -46.7245146, -23.4896981 ], [ -46.7248056, -23.489446 ], [ -46.7250658, -23.4892453 ], [ -46.7253501, -23.4890475 ], [ -46.7256049, -23.4888851 ], [ -46.7262715, -23.4884694 ], [ -46.726541, -23.4883021 ], [ -46.7268186, -23.4881127 ], [ -46.727052, -23.4879356 ], [ -46.7273068, -23.487724 ], [ -46.7275509, -23.4874989 ], [ -46.7277842, -23.48728 ], [ -46.7283917, -23.4866896 ], [ -46.7286465, -23.4864461 ], [ -46.7293076, -23.4858145 ], [ -46.729588, -23.485558 ], [ -46.7298442, -23.4853268 ], [ -46.7301607, -23.4850512 ], [ -46.7311517, -23.4841915 ], [ -46.731377, -23.4839873 ], [ -46.7316292, -23.4837388 ], [ -46.7318397, -23.4835076 ], [ -46.7320342, -23.4832702 ], [ -46.7322219, -23.4830082 ], [ -46.7323842, -23.4827499 ], [ -46.7325237, -23.4824952 ], [ -46.7326538, -23.4822136 ], [ -46.7327718, -23.4819331 ], [ -46.7330239, -23.4812504 ], [ -46.7331352, -23.4809651 ], [ -46.7332519, -23.4806945 ], [ -46.7333713, -23.4804472 ], [ -46.7335081, -23.4801852 ], [ -46.7355653, -23.4763548 ], [ -46.7357799, -23.475971 ], [ -46.7360173, -23.4755847 ], [ -46.7362251, -23.4752883 ], [ -46.7364303, -23.4750349 ], [ -46.7366529, -23.4747888 ], [ -46.7368662, -23.4745797 ], [ -46.7371036, -23.4743694 ], [ -46.7373436, -23.4741762 ], [ -46.7376319, -23.4739597 ], [ -46.7399923, -23.4722978 ], [ -46.7404644, -23.4719596 ], [ -46.7408653, -23.4716643 ], [ -46.7411684, -23.4714577 ], [ -46.7414674, -23.4712674 ], [ -46.7417304, -23.4711181 ], [ -46.7419892, -23.4709865 ], [ -46.7422775, -23.4708586 ], [ -46.7425672, -23.4707405 ], [ -46.7432237, -23.4704883 ], [ -46.7434171, -23.4704084 ], [ -46.7435877, -23.4703333 ], [ -46.74374, -23.470262 ], [ -46.7438607, -23.4701998 ], [ -46.7439988, -23.470123 ], [ -46.7441309, -23.4700418 ], [ -46.7442509, -23.4699625 ], [ -46.744375, -23.4698733 ], [ -46.744483, -23.4697896 ], [ -46.7445876, -23.4697034 ], [ -46.7446922, -23.46961 ], [ -46.7447921, -23.4695153 ], [ -46.7448943, -23.4694095 ], [ -46.7449813, -23.4693132 ], [ -46.7450651, -23.4692144 ], [ -46.7451519, -23.4691065 ], [ -46.7452313, -23.4689967 ], [ -46.7453352, -23.468840499999988 ], [ -46.7454542, -23.4686391 ], [ -46.7455619, -23.468418 ], [ -46.7456491, -23.4682076 ], [ -46.7457362, -23.4679542 ], [ -46.7458006, -23.4677155 ], [ -46.7458449, -23.4674793 ], [ -46.7458784, -23.467221 ], [ -46.7458881, -23.466979699999985 ], [ -46.7458771, -23.4667228 ], [ -46.7458489, -23.4664583 ], [ -46.745806, -23.4662264 ], [ -46.7457376, -23.4659588 ], [ -46.7456464, -23.4656956 ], [ -46.7455337, -23.4654385 ], [ -46.745409, -23.4652146 ], [ -46.7452601, -23.4649845 ], [ -46.7450804, -23.4647508 ], [ -46.7448887, -23.4645404 ], [ -46.7446929, -23.4643485 ], [ -46.7444515, -23.4641443 ], [ -46.7442074, -23.463945 ], [ -46.7423486, -23.4624564 ], [ -46.7419262, -23.4621181 ], [ -46.7410799, -23.4614292 ], [ -46.7407795, -23.461193 ], [ -46.7405033, -23.46099 ], [ -46.7402511, -23.4608153 ], [ -46.7397925, -23.4605163 ], [ -46.7395229, -23.4603257 ], [ -46.7392694, -23.4601288 ], [ -46.7390334, -23.4599148 ], [ -46.7388376, -23.4597106 ], [ -46.7386874, -23.4595223 ], [ -46.7385385, -23.4593095 ], [ -46.7384031, -23.459088 ], [ -46.7382931, -23.4588715 ], [ -46.7382059, -23.458666 ], [ -46.7381281, -23.4584558 ], [ -46.7380759, -23.4582674 ], [ -46.7380276, -23.4580497 ], [ -46.7379927, -23.4578517 ], [ -46.7379699, -23.4576129 ], [ -46.7379632, -23.4573817 ], [ -46.7379712, -23.4571431 ], [ -46.7379927, -23.4569252 ], [ -46.738037, -23.4566792 ], [ -46.7380731, -23.4565219 ], [ -46.7381214, -23.4563551 ], [ -46.7381691, -23.4562178 ], [ -46.7382247, -23.456078099999988 ], [ -46.7382904, -23.4559345 ], [ -46.7383636, -23.4557927 ], [ -46.7384386, -23.4556604 ], [ -46.7385275, -23.4555233 ], [ -46.7386103, -23.4554046 ], [ -46.7387073, -23.4552785 ], [ -46.7387896, -23.4551798 ], [ -46.7388899, -23.4550705 ], [ -46.7389979, -23.4549632 ], [ -46.7391059, -23.4548651 ], [ -46.7392258, -23.454765 ], [ -46.7393509, -23.4546684 ], [ -46.7394813, -23.4545766 ], [ -46.7396107, -23.4544942 ], [ -46.7397445, -23.4544148 ], [ -46.7398964, -23.454333 ], [ -46.7404147, -23.454066 ], [ -46.7406722, -23.4539265 ], [ -46.7408828, -23.4537978 ], [ -46.7410826, -23.4536588 ], [ -46.7412596, -23.4535149 ], [ -46.7414206, -23.4533709 ], [ -46.7416097, -23.4531753 ], [ -46.7417545, -23.453003 ], [ -46.7418926, -23.4528173 ], [ -46.742024, -23.4526184 ], [ -46.7421488, -23.4523916 ], [ -46.7422507, -23.4521726 ], [ -46.7423406, -23.4519388 ], [ -46.7424036, -23.4517371 ], [ -46.7424586, -23.4515008 ], [ -46.7424893, -23.451286 ], [ -46.7425149, -23.4510567 ], [ -46.7425203, -23.4508069 ], [ -46.7425042, -23.4505572 ], [ -46.742472, -23.4503197 ], [ -46.7424291, -23.4500835 ], [ -46.7422346, -23.4492198 ], [ -46.7421582, -23.4488667 ], [ -46.7421032, -23.4485566 ], [ -46.742058900000011, -23.4482515 ], [ -46.7420294, -23.4479439 ], [ -46.7420107, -23.4476388 ], [ -46.7419952, -23.447318 ], [ -46.7420066, -23.4470347 ], [ -46.7420254, -23.4467258 ], [ -46.742058900000011, -23.4463924 ], [ -46.7421099, -23.4460405 ], [ -46.7421783, -23.445696 ], [ -46.7422547, -23.4453749 ], [ -46.7423339, -23.4450968 ], [ -46.7424358, -23.4447843 ], [ -46.7427107, -23.4440055 ], [ -46.7428314, -23.4436966 ], [ -46.7429561, -23.4434124 ], [ -46.7430876, -23.443159 ], [ -46.743227, -23.4429338 ], [ -46.7433853, -23.4427136 ], [ -46.7435502, -23.4425228 ], [ -46.7437434, -23.4423284 ], [ -46.7439526, -23.4421439 ], [ -46.7441524, -23.4419925 ], [ -46.7443589, -23.4418596 ], [ -46.744599, -23.4417231 ], [ -46.7451502, -23.4414413 ], [ -46.7454291, -23.4412875 ], [ -46.7456397, -23.4411534 ], [ -46.745814, -23.4410279 ], [ -46.7459763, -23.4408913 ], [ -46.7461318, -23.440749 ], [ -46.7462861, -23.4405923 ], [ -46.7464336, -23.4404213 ], [ -46.74656370000001, -23.440249 ], [ -46.7466884, -23.4400595 ], [ -46.7468185, -23.4398196 ], [ -46.7469218, -23.4395957 ], [ -46.7470009, -23.4393828 ], [ -46.7470814, -23.4391478 ], [ -46.7471538, -23.4388955 ], [ -46.7472182, -23.4386408 ], [ -46.7472651, -23.4384063 ], [ -46.7476768, -23.436036 ], [ -46.7477238, -23.4357357 ], [ -46.7477546, -23.435460100000011 ], [ -46.7477787, -23.4351869 ], [ -46.7477895, -23.4349064 ], [ -46.7477881, -23.434584 ], [ -46.7477687, -23.4342728 ], [ -46.7477291, -23.4339528 ], [ -46.7476741, -23.4336611 ], [ -46.7475883, -23.433324 ], [ -46.747473, -23.4329794 ], [ -46.7473415, -23.4326447 ], [ -46.7466817, -23.4311644 ], [ -46.7465181, -23.4307916 ], [ -46.746388, -23.4304667 ], [ -46.746274, -23.4301603 ], [ -46.7461701, -23.4298399 ], [ -46.7460782, -23.4295389 ], [ -46.7459964, -23.429235 ], [ -46.745928, -23.4289273 ], [ -46.7458895, -23.428735 ], [ -46.7458496, -23.4285206 ], [ -46.7458129, -23.4282949 ], [ -46.7457389, -23.4277866 ], [ -46.7456866, -23.4274827 ], [ -46.7456038, -23.4271247 ], [ -46.7455109, -23.4268268 ], [ -46.745401, -23.4265475 ], [ -46.7452856, -23.4263014 ], [ -46.7451327, -23.4260245 ], [ -46.7449772, -23.4257821 ], [ -46.744831, -23.4255766 ], [ -46.7443938, -23.4250179 ], [ -46.7442315, -23.4247915 ], [ -46.7440773, -23.4245392 ], [ -46.7439485, -23.4242906 ], [ -46.7438493, -23.4240408 ], [ -46.7437621, -23.4237664 ], [ -46.7437045, -23.4235178 ], [ -46.7436696, -23.4232618 ], [ -46.7436535, -23.4229886 ], [ -46.7436602, -23.4227388 ], [ -46.743687, -23.4224718 ], [ -46.743734, -23.4222183 ], [ -46.7437983, -23.4219611 ], [ -46.7438895, -23.4216744 ], [ -46.7439887, -23.4214007 ], [ -46.7446701, -23.4196045 ], [ -46.744776, -23.4193141 ], [ -46.7448659, -23.4190359 ], [ -46.7449343, -23.4187812 ], [ -46.7449879, -23.4185006 ], [ -46.7450161, -23.4182311 ], [ -46.7450241, -23.4179702 ], [ -46.7450147, -23.417697 ], [ -46.7449906, -23.4174115 ], [ -46.744953, -23.4170928 ], [ -46.7448994, -23.4166891 ], [ -46.7448699, -23.4164122 ], [ -46.7448498, -23.4161365 ], [ -46.7448431, -23.4158818 ], [ -46.7448538, -23.4156369 ], [ -46.7448779, -23.4154031 ], [ -46.7449168, -23.4151582 ], [ -46.7449691, -23.4149256 ], [ -46.7450442, -23.4146647 ], [ -46.7451287, -23.414421 ], [ -46.745236, -23.4141773 ], [ -46.7453607, -23.4139336 ], [ -46.7455002, -23.4136949 ], [ -46.7456531, -23.4134697 ], [ -46.7458194, -23.4132457 ], [ -46.7460004, -23.4130193 ], [ -46.7475816, -23.4111215 ], [ -46.7478324, -23.4108446 ], [ -46.7480309, -23.4106428 ], [ -46.7482226, -23.4104675 ], [ -46.7484111, -23.4103167 ], [ -46.7486077, -23.4101752 ], [ -46.7488297, -23.4100343 ], [ -46.7491024, -23.4098797 ], [ -46.7497904, -23.4095191 ], [ -46.7500626, -23.4093653 ], [ -46.7503054, -23.4092127 ], [ -46.7505387, -23.409049 ], [ -46.7507238, -23.4089026 ], [ -46.7508807, -23.4087672 ], [ -46.7510698, -23.4085936 ], [ -46.7512401, -23.4084201 ], [ -46.7514587, -23.4081752 ], [ -46.7516505, -23.4079254 ], [ -46.7518423, -23.4076472 ], [ -46.752026, -23.4073518 ], [ -46.7524203, -23.4066922 ], [ -46.7525973, -23.4064103 ], [ -46.7527891, -23.406142 ], [ -46.7530091, -23.4058663 ], [ -46.753394, -23.405406 ], [ -46.753518, -23.4052555 ], [ -46.7536206, -23.4051223 ], [ -46.7537104, -23.4049987 ], [ -46.7537976, -23.4048728 ], [ -46.7538795, -23.4047469 ], [ -46.7539586, -23.4046177 ], [ -46.7540417, -23.4044694 ], [ -46.7541155, -23.4043297 ], [ -46.7541832, -23.4041903 ], [ -46.7542496, -23.4040429 ], [ -46.7543091, -23.4039012 ], [ -46.7543672, -23.4037453 ], [ -46.7544214, -23.4035864 ], [ -46.7544796, -23.4034017 ], [ -46.7545272, -23.4032362 ], [ -46.7546834, -23.4026745 ], [ -46.7547766, -23.4023771 ], [ -46.7548786, -23.4020953 ], [ -46.7549912, -23.4018392 ], [ -46.7551307, -23.4015697 ], [ -46.7552862, -23.4013211 ], [ -46.7554485, -23.4010934 ], [ -46.7556349, -23.4008632 ], [ -46.7558589, -23.4006232 ], [ -46.7561016, -23.4003832 ], [ -46.7567802, -23.3997569 ], [ -46.7569908, -23.39955 ], [ -46.7572121, -23.3993136 ], [ -46.7574106, -23.3990687 ], [ -46.7575809, -23.3988213 ], [ -46.7577002, -23.398601 ], [ -46.7578081, -23.3983605 ], [ -46.7578987, -23.3981148 ], [ -46.7579738, -23.397849 ], [ -46.7580181, -23.397596699999987 ], [ -46.7580476, -23.3973554 ], [ -46.7580637, -23.3970896 ], [ -46.7580744, -23.3940592 ], [ -46.7580637, -23.3936973 ], [ -46.7580395, -23.3933416 ], [ -46.7579939, -23.3930142 ], [ -46.7579269, -23.3926905 ], [ -46.7578437, -23.3923865 ], [ -46.7577297, -23.392048 ], [ -46.7575849, -23.3917058 ], [ -46.7574266, -23.3913698 ], [ -46.7570431, -23.3905906 ], [ -46.7566689, -23.3898558 ], [ -46.7565026, -23.3895628 ], [ -46.7563229, -23.3892686 ], [ -46.7561459, -23.3890064 ], [ -46.7559407, -23.3887258 ], [ -46.7556242, -23.3882814 ], [ -46.7554287, -23.3879929 ], [ -46.7552715, -23.3877164 ], [ -46.7551575, -23.3874826 ], [ -46.7550663, -23.3872487 ], [ -46.7549993, -23.3870284 ], [ -46.7549496, -23.386808 ], [ -46.7549121, -23.3865951 ], [ -46.7548886, -23.386373 ], [ -46.7548853, -23.3861396 ], [ -46.7548987, -23.3859045 ], [ -46.7549281, -23.3856782 ], [ -46.7549791, -23.3854158 ], [ -46.7550448, -23.3851709 ], [ -46.7553251, -23.3843326 ], [ -46.7554029, -23.3840864 ], [ -46.7554767, -23.3837934 ], [ -46.7555276, -23.3835472 ], [ -46.7555625, -23.383272699999988 ], [ -46.7555813, -23.3829539 ], [ -46.755588, -23.3826277 ], [ -46.7555759, -23.3822486 ], [ -46.7554432, -23.3785778 ], [ -46.7554083, -23.3776287 ], [ -46.7553989, -23.3772409 ], [ -46.7554002, -23.3767288 ], [ -46.755419, -23.3764001 ], [ -46.7554552, -23.376069 ], [ -46.7555116, -23.3757378 ], [ -46.7555947, -23.3753734 ], [ -46.7556872, -23.3750337 ], [ -46.7558227, -23.3745671 ], [ -46.7559018, -23.3742618 ], [ -46.7559689, -23.3739516 ], [ -46.7560104, -23.3736746 ], [ -46.7560346, -23.3734062 ], [ -46.7560467, -23.3730923 ], [ -46.7560413, -23.3728375 ], [ -46.7560171, -23.3725223 ], [ -46.7559756, -23.3722244 ], [ -46.7559192, -23.3719339 ], [ -46.7558495, -23.371663 ], [ -46.7557409, -23.3712962 ], [ -46.7556242, -23.3709453 ], [ -46.755482, -23.3705662 ], [ -46.7553573, -23.3702719 ], [ -46.7552219, -23.3699949 ], [ -46.7551313, -23.3698306 ], [ -46.7550361, -23.3696748 ], [ -46.7549138, -23.3694922 ], [ -46.7547862, -23.3693139 ], [ -46.7546277, -23.3691049 ], [ -46.754436, -23.3688722 ], [ -46.7541423, -23.3685509 ], [ -46.7537815, -23.3681655 ], [ -46.7534208, -23.3677999 ], [ -46.7531606, -23.3675438 ], [ -46.7527449, -23.3671511 ], [ -46.7523465, -23.3667904 ], [ -46.7519563, -23.3664506 ], [ -46.7495839, -23.3644611 ], [ -46.749313, -23.3642136 ], [ -46.7490877, -23.3639834 ], [ -46.7488557, -23.363712599999989 ], [ -46.7485968, -23.3633543 ], [ -46.7483688, -23.3629911 ], [ -46.7481744, -23.3626366 ], [ -46.7478887, -23.3621367 ], [ -46.7476956, -23.3618191 ], [ -46.74747570000001, -23.3615051 ], [ -46.7472745, -23.361249 ], [ -46.7470921, -23.3610508 ], [ -46.7468614, -23.360828 ], [ -46.7466254, -23.3606285 ], [ -46.7463451, -23.3604155 ], [ -46.7459736, -23.3601693 ], [ -46.7452427, -23.3597015 ], [ -46.7449383, -23.3594897 ], [ -46.744654, -23.3592668 ], [ -46.7443334, -23.35898 ], [ -46.7440977, -23.3587326 ], [ -46.7438828, -23.358453 ], [ -46.7437138, -23.3582043 ], [ -46.7435864, -23.357995 ], [ -46.7434725, -23.3577808 ], [ -46.7433572, -23.3575407 ], [ -46.7432579, -23.3573203 ], [ -46.7431493, -23.3570741 ], [ -46.7415989, -23.3534642 ], [ -46.7414152, -23.3530258 ], [ -46.7412717, -23.3526552 ], [ -46.7411309, -23.35227230000001 ], [ -46.7410021, -23.3518968 ], [ -46.73868070000001, -23.3448822 ], [ -46.7385747, -23.3445423 ], [ -46.7384744, -23.3441595 ], [ -46.7383964, -23.343838 ], [ -46.7383266, -23.3434932 ], [ -46.7382542, -23.3431152 ], [ -46.7381456, -23.3425783 ], [ -46.7380691, -23.3422336 ], [ -46.737994, -23.3419565 ], [ -46.7379029, -23.341659799999988 ], [ -46.7378184, -23.3414184 ], [ -46.7376923, -23.3411451 ], [ -46.7375528, -23.3408705 ], [ -46.737408, -23.3406082 ], [ -46.736091, -23.3383893 ], [ -46.7359395, -23.3381418 ], [ -46.7357598, -23.337843800000012 ], [ -46.7355935, -23.3375544 ], [ -46.7350906, -23.336706 ], [ -46.7349001, -23.3364006 ], [ -46.7346547, -23.3360804 ], [ -46.7344343, -23.3358244 ], [ -46.7342148, -23.3355928 ], [ -46.7339855, -23.3353822 ], [ -46.7337293, -23.335179 ], [ -46.7334987, -23.335014 ], [ -46.7332023, -23.3348207 ], [ -46.732926, -23.3346655 ], [ -46.7325867, -23.3344931 ], [ -46.7321468, -23.3342813 ], [ -46.7292943, -23.332928 ], [ -46.7289242, -23.3327433 ], [ -46.7286452, -23.3325881 ], [ -46.7284132, -23.3324391 ], [ -46.7282263, -23.3323025 ], [ -46.7279991, -23.332103 ], [ -46.7277778, -23.3318863 ], [ -46.7275927, -23.3316782 ], [ -46.7274385, -23.331475 ], [ -46.7272883, -23.3312558 ], [ -46.7271434, -23.3310144 ], [ -46.7270308, -23.3308125 ], [ -46.7260317, -23.3289924 ], [ -46.7259069, -23.3287584 ], [ -46.7257956, -23.3285343 ], [ -46.7256535, -23.3282252 ], [ -46.7255207, -23.3279493 ], [ -46.7249239, -23.3267252 ], [ -46.7246932, -23.3262437 ], [ -46.7245404, -23.325899 ], [ -46.7244116, -23.325575 ], [ -46.7242788, -23.3252204 ], [ -46.7241756, -23.3249026 ], [ -46.7240776, -23.3245652 ], [ -46.72391, -23.3239458 ], [ -46.7229082, -23.3199642 ], [ -46.7228103, -23.3196009 ], [ -46.72271640000001, -23.3192955 ], [ -46.7226226, -23.319043 ], [ -46.7225193, -23.3188152 ], [ -46.7223879, -23.3185627 ], [ -46.7222524, -23.3183386 ], [ -46.7221022, -23.3181267 ], [ -46.7219399, -23.3179211 ], [ -46.7217415, -23.3177092 ], [ -46.7215524, -23.317522 ], [ -46.7213968, -23.3173804 ], [ -46.720969, -23.3170085 ], [ -46.7207692, -23.3168237 ], [ -46.720572, -23.316623 ], [ -46.7204044, -23.3164333 ], [ -46.7202676, -23.3162486 ], [ -46.7201429, -23.3160552 ], [ -46.7200329, -23.315853300000011 ], [ -46.7199364, -23.3156402 ], [ -46.7198545, -23.315421 ], [ -46.7197875, -23.3151944 ], [ -46.7197365, -23.3149542 ], [ -46.719703, -23.3147066 ], [ -46.7196896, -23.3144455 ], [ -46.7196936, -23.3142275 ], [ -46.7197164, -23.3139935 ], [ -46.7197553, -23.3137571 ], [ -46.7198089, -23.3135317 ], [ -46.7198854, -23.3133125 ], [ -46.7199766, -23.3130859 ], [ -46.7200812, -23.3128728 ], [ -46.7201871, -23.3126819 ], [ -46.7203011, -23.3125144 ], [ -46.7204701, -23.3122952 ], [ -46.7206431, -23.312114 ], [ -46.720851, -23.3119207 ], [ -46.7210857, -23.3117249 ], [ -46.7213338, -23.311545099999989 ], [ -46.72494, -23.3090646 ], [ -46.7252873, -23.3088146 ], [ -46.7255261, -23.3086261 ], [ -46.725738, -23.3084352 ], [ -46.7259163, -23.3082566 ], [ -46.726092, -23.3080682 ], [ -46.7262529, -23.3078686 ], [ -46.7264045, -23.3076642 ], [ -46.7265668, -23.3074289 ], [ -46.7267263, -23.3071851 ], [ -46.7270455, -23.3066912 ], [ -46.7272296, -23.3064248 ], [ -46.7274184, -23.306185 ], [ -46.7276155, -23.3059596 ], [ -46.7278167, -23.3057526 ], [ -46.7279964, -23.3055901 ], [ -46.7282565, -23.3053708 ], [ -46.7284765, -23.3052021 ], [ -46.7292771, -23.3045985 ], [ -46.7295668, -23.3043658 ], [ -46.7297693, -23.3041958 ], [ -46.7299758, -23.3039815 ], [ -46.7301649, -23.3037721 ], [ -46.7303393, -23.3035615 ], [ -46.7305016, -23.3033274 ], [ -46.7319017, -23.3012385 ], [ -46.73213770000001, -23.300896 ], [ -46.7323429, -23.3006066 ], [ -46.7325226, -23.3003713 ], [ -46.7326943, -23.3001681 ], [ -46.732875300000011, -23.2999784 ], [ -46.7330711, -23.2997899 ], [ -46.7332709, -23.2996212 ], [ -46.7335257, -23.2994253 ], [ -46.7337779, -23.2992504 ], [ -46.7340662, -23.2990595 ], [ -46.7345825, -23.2987294 ], [ -46.7349165, -23.298504 ], [ -46.7352102, -23.2982835 ], [ -46.735461, -23.298068 ], [ -46.7356393, -23.2978992 ], [ -46.73582170000001, -23.2977034 ], [ -46.7360054, -23.2974792 ], [ -46.736161, -23.2972686 ], [ -46.7363072, -23.2970419 ], [ -46.7364386, -23.2968103 ], [ -46.7365446, -23.2965997 ], [ -46.7366438, -23.2963718 ], [ -46.7367431, -23.2961156 ], [ -46.7368262, -23.2958668 ], [ -46.7370421, -23.2951585 ], [ -46.737136, -23.2948641 ], [ -46.7372178, -23.2946227 ], [ -46.7373036, -23.2944022 ], [ -46.737415, -23.2941374 ], [ -46.7375222, -23.2939058 ], [ -46.7376443, -23.2936595 ], [ -46.7377717, -23.2934168 ], [ -46.7417937, -23.2856883 ], [ -46.7419412, -23.2853951 ], [ -46.7420511, -23.285134 ], [ -46.742141, -23.2848925 ], [ -46.7422215, -23.2846326 ], [ -46.7422925, -23.2843566 ], [ -46.74234220000001, -23.2841078 ], [ -46.7423824, -23.2838417 ], [ -46.7424092, -23.2835436 ], [ -46.7426309, -23.2808674 ] ] ] } },
{ "type": "Feature", "properties": { "fid": 25, "Name": "L7 via 3 [Francisco Morato]\n", "description": null, "Status_Obra": "Construído", "Modal": "Trem", "N_Linha": 7, "data_abertura": null }, "geometry": { "type": "MultiLineString", "coordinates": [ [ [ -46.7422658, -23.2841133 ], [ -46.7422907, -23.283934699999989 ], [ -46.7423044, -23.2837961 ], [ -46.7423127, -23.2836747 ], [ -46.7423177, -23.2835687 ], [ -46.7423174, -23.2834518 ], [ -46.7423161, -23.2829793 ], [ -46.7423158, -23.2828419 ], [ -46.7423195, -23.2827088 ], [ -46.7423289, -23.2825623 ], [ -46.7424777, -23.2807982 ], [ -46.7424927, -23.280668 ], [ -46.7425104, -23.2805384 ], [ -46.7425322, -23.2804087 ], [ -46.7426254, -23.2798377 ], [ -46.7426496, -23.2796702 ], [ -46.7426683, -23.2794891 ], [ -46.7427012, -23.2790724 ] ] ] } },
{ "type": "Feature", "properties": { "fid": 26, "Name": "L7 via 3 [Pirituba]\n", "description": null, "Status_Obra": "Construído", "Modal": "Trem", "N_Linha": 7, "data_abertura": "1867-02-16" }, "geometry": { "type": "MultiLineString", "coordinates": [ [ [ -46.7177843, -23.4964442 ], [ -46.7189437, -23.4951319 ], [ -46.7191388, -23.494913 ], [ -46.7193675, -23.4946639 ], [ -46.7195506, -23.4944727 ], [ -46.7197276, -23.4942943 ], [ -46.7198939, -23.4941308 ], [ -46.7200796, -23.4939549 ], [ -46.7202727, -23.4937784 ], [ -46.720545, -23.4935392 ], [ -46.7207569, -23.4933602 ], [ -46.7209969, -23.4931671 ], [ -46.721245, -23.4929709 ], [ -46.7216816, -23.4926272 ], [ -46.7219022, -23.4924525 ], [ -46.7220598, -23.4923227 ], [ -46.7222287, -23.492175199999984 ], [ -46.7223649, -23.4920509 ], [ -46.722497, -23.491923 ], [ -46.7226143, -23.4918012 ], [ -46.7227303, -23.4916752 ], [ -46.7228557, -23.4915319 ], [ -46.7229851, -23.4913769 ], [ -46.7231139, -23.4912164 ], [ -46.7237516, -23.4904003 ], [ -46.7236631, -23.4905221 ], [ -46.7235913, -23.4906285 ], [ -46.7233325, -23.4910012 ], [ -46.7232614, -23.4911045 ], [ -46.7231742, -23.4912238 ], [ -46.7232614, -23.4911045 ], [ -46.7233325, -23.4910012 ], [ -46.7235913, -23.4906285 ], [ -46.7236631, -23.4905221 ], [ -46.7237516, -23.4904003 ], [ -46.7238881, -23.490227 ], [ -46.7239951, -23.490093 ], [ -46.7241232, -23.4899404 ], [ -46.724254, -23.4897928 ], [ -46.724376, -23.489668 ], [ -46.7245141, -23.4895321 ], [ -46.7246476, -23.4894091 ], [ -46.724781, -23.4892947 ], [ -46.7249225, -23.4891809 ], [ -46.7250593, -23.4890801 ], [ -46.7252048, -23.4889798 ], [ -46.725358, -23.4888796 ], [ -46.7255005, -23.4887898 ], [ -46.7263179, -23.4882818 ], [ -46.7264755, -23.4881825 ], [ -46.7266244, -23.4880832 ], [ -46.7267618, -23.487986 ], [ -46.7268933, -23.4878907 ], [ -46.7270683, -23.4877585 ], [ -46.7272534, -23.4876139 ], [ -46.7274156, -23.4874786 ], [ -46.7275752, -23.4873397 ], [ -46.7277315, -23.4871964 ], [ -46.7281418, -23.4868028 ], [ -46.7282538, -23.4867019 ], [ -46.7283752, -23.4866004 ], [ -46.7286461, -23.4863772 ], [ -46.7287507, -23.4862868 ], [ -46.7288429, -23.4862037 ] ] ] } },
{ "type": "Feature", "properties": { "fid": 27, "Name": "Linha 7 - Rubi > JUN Extensão\n", "description": "Francisco Morato > Jundiaí • 21.6km • 5 estações • 25min • ATP • Headway: 11min", "Status_Obra": "Construído", "Modal": "Trem", "N_Linha": 7, "data_abertura": null }, "geometry": { "type": "MultiLineString", "coordinates": [ [ [ -46.7425935, -23.2808654 ], [ -46.7428254, -23.2780998 ], [ -46.7428401, -23.2779289 ], [ -46.742863, -23.2777506 ], [ -46.7428911, -23.2775905 ], [ -46.74293, -23.277434 ], [ -46.7429823, -23.277262799999988 ], [ -46.7430494, -23.2770816 ], [ -46.7431138, -23.2769325 ], [ -46.7432022, -23.2767552 ], [ -46.7432813, -23.2766171 ], [ -46.7433833, -23.2764607 ], [ -46.7434859, -23.2763153 ], [ -46.7436033, -23.2761712 ], [ -46.7437266, -23.2760369 ], [ -46.7438501, -23.2759137 ], [ -46.7439708, -23.2758035 ], [ -46.7441263, -23.2756723 ], [ -46.744302, -23.2755441 ], [ -46.744436, -23.275455499999989 ], [ -46.7445889, -23.2753668 ], [ -46.7447727, -23.2752769 ], [ -46.7449443, -23.2752041 ], [ -46.74512, -23.2751376 ], [ -46.7453131, -23.2750771 ], [ -46.7455196, -23.2750279 ], [ -46.7457276, -23.2749885 ], [ -46.7459428, -23.2749596 ], [ -46.7461376, -23.2749414 ], [ -46.746331, -23.2749282 ], [ -46.7470096, -23.2749022 ], [ -46.7472055, -23.2748887 ], [ -46.7473784, -23.2748678 ], [ -46.7475407, -23.2748456 ], [ -46.747707, -23.274813 ], [ -46.7478719, -23.2747717 ], [ -46.7480543, -23.2747138 ], [ -46.7482093, -23.2746583 ], [ -46.7483682, -23.2745943 ], [ -46.7485371, -23.2745142 ], [ -46.7486968, -23.2744268 ], [ -46.7488402, -23.2743381 ], [ -46.7489884, -23.2742389 ], [ -46.7491273, -23.2741334 ], [ -46.7492613, -23.2740177 ], [ -46.7493794, -23.2739057 ], [ -46.7494907, -23.2737954 ], [ -46.749598, -23.2736741 ], [ -46.7496972, -23.2735508 ], [ -46.7498012, -23.2734103 ], [ -46.7498944, -23.2732662 ], [ -46.7499802, -23.2731171 ], [ -46.7500626, -23.2729619 ], [ -46.7501424, -23.2727981 ], [ -46.7505917, -23.2718741 ], [ -46.7506598, -23.2717318 ], [ -46.7507305, -23.2715747 ], [ -46.7507996, -23.2714047 ], [ -46.7508556, -23.2712532 ], [ -46.750909, -23.271089299999989 ], [ -46.7509522, -23.2709317 ], [ -46.7509967, -23.2707518 ], [ -46.7510303, -23.2705768 ], [ -46.7510584, -23.2703907 ], [ -46.7510839, -23.2701924 ], [ -46.7511081, -23.2699916 ], [ -46.7513589, -23.2675867 ], [ -46.751375, -23.2673871 ], [ -46.7513843, -23.2671764 ], [ -46.7513856, -23.2670002 ], [ -46.7513789, -23.2668105 ], [ -46.7513649, -23.2666232 ], [ -46.7513427, -23.2664396 ], [ -46.7513179, -23.2662758 ], [ -46.7512315, -23.2657829 ], [ -46.7512006, -23.2655975 ], [ -46.7511777, -23.2654183 ], [ -46.7511658, -23.2652495 ], [ -46.7511604, -23.2650789 ], [ -46.7511644, -23.2649057 ], [ -46.7511778, -23.2647382 ], [ -46.7511979, -23.2645891 ], [ -46.7512234, -23.2644413 ], [ -46.7512609, -23.2642799 ], [ -46.7513038, -23.2641308 ], [ -46.7513729, -23.2639318 ], [ -46.7514393, -23.2637661 ], [ -46.7515251, -23.2635856 ], [ -46.751611, -23.2634298 ], [ -46.7517062, -23.2632745 ], [ -46.7518095, -23.2631254 ], [ -46.7519235, -23.26298 ], [ -46.7520428, -23.2628445 ], [ -46.7521695, -23.2627102 ], [ -46.7522919, -23.2625926 ], [ -46.7524197, -23.2624799 ], [ -46.7525806, -23.2623517 ], [ -46.7527576, -23.2622211 ], [ -46.7529038, -23.2621213 ], [ -46.7530996, -23.2619994 ], [ -46.7532565, -23.2619155 ], [ -46.7534456, -23.261817 ], [ -46.7536146, -23.2617454 ], [ -46.753789, -23.2616758 ], [ -46.7539499, -23.2616235 ], [ -46.7541779, -23.2615613 ], [ -46.7543844, -23.2615151 ], [ -46.7545775, -23.2614831 ], [ -46.7547693, -23.2614597 ], [ -46.7549731, -23.2614425 ], [ -46.7551622, -23.2614363 ], [ -46.7553278, -23.2614394 ], [ -46.7555216, -23.2614499 ], [ -46.7557093, -23.2614708 ], [ -46.7559172, -23.261504 ], [ -46.7560889, -23.2615434 ], [ -46.7562726, -23.2615927 ], [ -46.7564587, -23.2616497 ], [ -46.75663, -23.2617103 ], [ -46.7567986, -23.2617785 ], [ -46.7569681, -23.261852 ], [ -46.7570934, -23.2619106 ], [ -46.7572335, -23.2619765 ], [ -46.7573737, -23.26204 ], [ -46.7575481, -23.2621089 ], [ -46.7577291, -23.2621706 ], [ -46.7578941, -23.262215 ], [ -46.7580589, -23.2622494 ], [ -46.7582575, -23.2622802 ], [ -46.7584345, -23.2622975 ], [ -46.758625, -23.2623086 ], [ -46.7588342, -23.2623097 ], [ -46.7590152, -23.2623012 ], [ -46.7591895, -23.2622864 ], [ -46.7593532, -23.262263 ], [ -46.7595261, -23.2622303 ], [ -46.7596998, -23.2621888 ], [ -46.7598709, -23.2621373 ], [ -46.7600425, -23.2620745 ], [ -46.7601928, -23.2620117 ], [ -46.7603537, -23.261934 ], [ -46.7605199, -23.2618477 ], [ -46.760689, -23.2617418 ], [ -46.7608833, -23.2615989 ], [ -46.7610617, -23.2614523 ], [ -46.7612066, -23.2613168 ], [ -46.7613287, -23.2611837 ], [ -46.7614359, -23.2610586 ], [ -46.7615459, -23.2609151 ], [ -46.7616317, -23.2607944 ], [ -46.7617175, -23.2606625 ], [ -46.7617967, -23.260522 ], [ -46.7618584, -23.2603939 ], [ -46.7619133, -23.2602608 ], [ -46.7619629, -23.2601222 ], [ -46.7620059, -23.2599774 ], [ -46.7620394, -23.2598308 ], [ -46.7620655, -23.2596891 ], [ -46.7620858, -23.2595397 ], [ -46.7620994, -23.2593805 ], [ -46.7621106, -23.2592097 ], [ -46.7621175, -23.2590245 ], [ -46.7621177, -23.2588652 ], [ -46.7620863, -23.2555511 ], [ -46.7620889, -23.2553423 ], [ -46.762097, -23.2551457 ], [ -46.7621117, -23.2549486 ], [ -46.7621318, -23.2547619 ], [ -46.7621586, -23.254576499999988 ], [ -46.7621935, -23.2543892 ], [ -46.76222640000001, -23.2542309 ], [ -46.762274, -23.2540282 ], [ -46.7626495, -23.2524756 ], [ -46.7627084, -23.2522637 ], [ -46.7627782, -23.2520419 ], [ -46.762852, -23.2518448 ], [ -46.7629231, -23.2516784 ], [ -46.7630048, -23.2515121 ], [ -46.763084, -23.2513593 ], [ -46.7632556, -23.2510586 ], [ -46.7633455, -23.2508959 ], [ -46.7634327, -23.2507172 ], [ -46.7635052, -23.2505546 ], [ -46.7635789, -23.2503476 ], [ -46.7636285, -23.2501665 ], [ -46.7636701, -23.2499793 ], [ -46.76369960000001, -23.2497822 ], [ -46.7637183, -23.2495936 ], [ -46.7637251, -23.2494113 ], [ -46.7637251, -23.2492437 ], [ -46.7637116, -23.2490711 ], [ -46.7636895, -23.2488666 ], [ -46.7636459, -23.2485167 ], [ -46.7636299, -23.2483584 ], [ -46.7636151, -23.2481877 ], [ -46.7636098, -23.2480164 ], [ -46.763615, -23.2478241 ], [ -46.7636325, -23.2476153 ], [ -46.7636566, -23.2474101 ], [ -46.7640603, -23.2443689 ], [ -46.7640885, -23.244173 ], [ -46.7641193, -23.2439771 ], [ -46.7641649, -23.2437639 ], [ -46.7642187, -23.2435791 ], [ -46.7642844, -23.2433856 ], [ -46.7643568, -23.243204499999987 ], [ -46.7644265, -23.2430529 ], [ -46.7645123, -23.2428729 ], [ -46.7647282, -23.2424343 ], [ -46.7647939, -23.2422963 ], [ -46.7648462, -23.2421706 ], [ -46.7648932, -23.2420473 ], [ -46.7649347, -23.241906899999989 ], [ -46.7649776, -23.2417393 ], [ -46.7650085, -23.2415889 ], [ -46.7650347, -23.2414268 ], [ -46.7650514, -23.241259899999989 ], [ -46.7650607, -23.2411108 ], [ -46.7650622, -23.2409482 ], [ -46.7650588, -23.2407867 ], [ -46.765046, -23.240606799999988 ], [ -46.7650085, -23.2401533 ], [ -46.7649965, -23.2399691 ], [ -46.7649897, -23.239789800000011 ], [ -46.7649898, -23.2396105 ], [ -46.7649992, -23.2394423 ], [ -46.7650192, -23.2392624 ], [ -46.765042, -23.2391195 ], [ -46.7650769, -23.2389581 ], [ -46.7651198, -23.2387991 ], [ -46.7651695, -23.2386438 ], [ -46.7652218, -23.2385002 ], [ -46.7652902, -23.2383381 ], [ -46.7653653, -23.2381878 ], [ -46.7654511, -23.2380276 ], [ -46.7655423, -23.2378774 ], [ -46.7656254, -23.2377516 ], [ -46.7657286, -23.2376161 ], [ -46.7658413, -23.2374818 ], [ -46.765954, -23.2373561 ], [ -46.7660854, -23.2372328 ], [ -46.7662316, -23.2371047 ], [ -46.7663912, -23.2369802 ], [ -46.7667935, -23.2366771 ], [ -46.766923, -23.2365754 ], [ -46.7670645, -23.2364539 ], [ -46.7671865, -23.2363418 ], [ -46.7672911, -23.2362377 ], [ -46.7673971, -23.2361249 ], [ -46.7674948, -23.2360129 ], [ -46.7675875, -23.2358958 ], [ -46.7676759, -23.2357701 ], [ -46.7677698, -23.2356234 ], [ -46.7678577, -23.2354681 ], [ -46.7679281, -23.2353202 ], [ -46.7679951, -23.2351625 ], [ -46.7680501, -23.2350146 ], [ -46.7680931, -23.2348594 ], [ -46.7681306, -23.2346967 ], [ -46.7681574, -23.2345279 ], [ -46.7681749, -23.234359 ], [ -46.7681849, -23.2341828 ], [ -46.7681829, -23.2340029 ], [ -46.7681694, -23.2338242 ], [ -46.7681467, -23.233648 ], [ -46.7681145, -23.2334742 ], [ -46.7680742, -23.2333066 ], [ -46.7680246, -23.2331354 ], [ -46.7679683, -23.2329703 ], [ -46.7678958, -23.2327854 ], [ -46.7678167, -23.232603 ], [ -46.767745, -23.2324359 ], [ -46.7676773, -23.2322677 ], [ -46.7676129, -23.2320866 ], [ -46.7675707, -23.2319387 ], [ -46.7675298, -23.2317834 ], [ -46.7674975, -23.2316269 ], [ -46.7674734, -23.2314569 ], [ -46.7674574, -23.2312831 ], [ -46.767448, -23.2311149 ], [ -46.7674479, -23.2309454 ], [ -46.7674574, -23.2307717 ], [ -46.7674788, -23.2305905 ], [ -46.7675057, -23.2304278 ], [ -46.7675432, -23.230257699999989 ], [ -46.7676009, -23.2300519 ], [ -46.7676692, -23.2298547 ], [ -46.767743, -23.2296711 ], [ -46.7678221, -23.2295084 ], [ -46.767912, -23.2293383 ], [ -46.7680065, -23.2291849 ], [ -46.7681118, -23.2290316 ], [ -46.7682232, -23.2288849 ], [ -46.7683626, -23.2287197 ], [ -46.7685182, -23.228557 ], [ -46.7686737, -23.2284103 ], [ -46.7688361, -23.2282674 ], [ -46.7700833, -23.2272692 ], [ -46.7702623, -23.227131199999988 ], [ -46.7704186, -23.2270179 ], [ -46.770621, -23.2268835 ], [ -46.7708127, -23.2267689 ], [ -46.7710301, -23.2266468 ], [ -46.7723818, -23.2259062 ], [ -46.772579, -23.2257928 ], [ -46.7727696, -23.2256782 ], [ -46.7729693, -23.2255413 ], [ -46.7731248, -23.225423 ], [ -46.7732671, -23.2253023 ], [ -46.7734052, -23.2251765 ], [ -46.7735312, -23.2250472 ], [ -46.7736613, -23.2248968 ], [ -46.7737793, -23.2247428 ], [ -46.7738826, -23.22459 ], [ -46.7739737, -23.2244446 ], [ -46.7740797, -23.2242609 ], [ -46.7742018, -23.2240378 ], [ -46.7758674, -23.2208802 ], [ -46.7759493, -23.2207286 ], [ -46.7760404, -23.220569 ], [ -46.7761638, -23.2203688 ], [ -46.7762765, -23.2201925 ], [ -46.7764038, -23.220005199999989 ], [ -46.7768021, -23.2194324 ], [ -46.7768973, -23.219286 ], [ -46.7769913, -23.2191326 ], [ -46.7770785, -23.2189755 ], [ -46.777163, -23.2188134 ], [ -46.7772487, -23.21863470000001 ], [ -46.7773265, -23.218451 ], [ -46.777399, -23.2182563 ], [ -46.777466, -23.2180529 ], [ -46.777519, -23.2178693 ], [ -46.7775746, -23.2176449 ], [ -46.7776411, -23.2173516 ], [ -46.7778308, -23.2165 ], [ -46.7778731, -23.2163145 ], [ -46.7779153, -23.2161451 ], [ -46.7779669, -23.2159676 ], [ -46.7780185, -23.2158012 ], [ -46.7780788, -23.2156298 ], [ -46.7781486, -23.2154505 ], [ -46.7782291, -23.2152662 ], [ -46.7783283, -23.2150642 ], [ -46.7784155, -23.2149051 ], [ -46.7785141, -23.2147399 ], [ -46.7786288, -23.21456 ], [ -46.7787602, -23.2143715 ], [ -46.7789372, -23.214136 ], [ -46.7834862, -23.2084084 ], [ -46.7836351, -23.2082297 ], [ -46.7837746, -23.2080732 ], [ -46.7839181, -23.2079215 ], [ -46.7840562, -23.2077859 ], [ -46.7842051, -23.2076491 ], [ -46.784362, -23.2075124 ], [ -46.7845443, -23.2073619 ], [ -46.7852363, -23.2068319 ], [ -46.7854201, -23.2066902 ], [ -46.7855917, -23.2065484 ], [ -46.7857473, -23.2064104 ], [ -46.7858875, -23.2062735 ], [ -46.7860304, -23.2061195 ], [ -46.7861658, -23.2059592 ], [ -46.7863119, -23.2057669 ], [ -46.7864353, -23.2055932 ], [ -46.7865707, -23.2053835 ], [ -46.7884967, -23.2024031 ], [ -46.7885989, -23.202249 ], [ -46.7887092, -23.20209 ], [ -46.7888208, -23.2019408 ], [ -46.7889593, -23.2017683 ], [ -46.7891041, -23.201613 ], [ -46.789261, -23.2014602 ], [ -46.7894072, -23.2013331 ], [ -46.789548, -23.2012211 ], [ -46.7897317, -23.2010904 ], [ -46.789933, -23.200967099999986 ], [ -46.7901287, -23.2008599 ], [ -46.7903219, -23.2007668 ], [ -46.7905364, -23.2006786 ], [ -46.7907483, -23.2006047 ], [ -46.790979, -23.2005394 ], [ -46.791215, -23.2004851 ], [ -46.7914136, -23.2004506 ], [ -46.7916335, -23.2004222 ], [ -46.7918373, -23.2004081 ], [ -46.7920519, -23.200405 ], [ -46.792249, -23.2004099 ], [ -46.7924689, -23.200426 ], [ -46.7926862, -23.2004519 ], [ -46.7929048, -23.20049 ], [ -46.7931147, -23.2005375 ], [ -46.7933299, -23.200601 ], [ -46.7935539, -23.2006798 ], [ -46.7937229, -23.2007477 ], [ -46.79392, -23.2008414 ], [ -46.7941205, -23.2009486 ], [ -46.7943211, -23.2010706 ], [ -46.794503400000011, -23.2011951 ], [ -46.7946616, -23.2013184 ], [ -46.7948099, -23.2014423 ], [ -46.7949756, -23.2015883 ], [ -46.7955347, -23.2021098 ], [ -46.795699, -23.2022522 ], [ -46.7958553, -23.2023797 ], [ -46.7960269, -23.2025104 ], [ -46.7961992, -23.2026287 ], [ -46.796381, -23.2027483 ], [ -46.7965916, -23.202874 ], [ -46.796782, -23.2029762 ], [ -46.796965, -23.2030656 ], [ -46.7971401, -23.2031476 ], [ -46.7973465, -23.2032333 ], [ -46.797541, -23.2033066 ], [ -46.7977737, -23.2033831 ], [ -46.7979877, -23.2034435 ], [ -46.798272, -23.2035149 ], [ -46.7987923, -23.2036345 ], [ -46.7990444, -23.2036999 ], [ -46.7992456, -23.203759 ], [ -46.7994354, -23.2038212 ], [ -46.7996761, -23.2039155 ], [ -46.7998692, -23.2040031 ], [ -46.8000704, -23.2041054 ], [ -46.8002568, -23.2042089 ], [ -46.8004258, -23.2043149 ], [ -46.8006041, -23.204437599999988 ], [ -46.8007878, -23.2045799 ], [ -46.8009575, -23.2047185 ], [ -46.8011368, -23.2048766 ], [ -46.8013336, -23.2050545 ], [ -46.8034567, -23.207007 ], [ -46.8035975, -23.2071339 ], [ -46.8037799, -23.2072854 ], [ -46.8039608, -23.2074285 ], [ -46.8041379, -23.2075505 ], [ -46.804311, -23.2076602 ], [ -46.8045081, -23.2077711 ], [ -46.8046844, -23.207862 ], [ -46.8048768, -23.2079566 ], [ -46.8050874, -23.208049699999986 ], [ -46.8060114, -23.2084441 ], [ -46.8062193, -23.2085304 ], [ -46.8064232, -23.2086094 ], [ -46.8066264, -23.208680199999989 ], [ -46.8068362, -23.2087461 ], [ -46.8070455, -23.2087991 ], [ -46.8072345, -23.2088373 ], [ -46.8074203, -23.2088663 ], [ -46.8076315, -23.2088927 ], [ -46.8078474, -23.2089064 ], [ -46.8080659, -23.2089088 ], [ -46.8082684, -23.2088989 ], [ -46.8084924, -23.2088817 ], [ -46.8087044, -23.2088533 ], [ -46.8089149, -23.2088152 ], [ -46.8091154, -23.2087689 ], [ -46.8092824, -23.2087214 ], [ -46.8094741, -23.2086573 ], [ -46.8096686, -23.2085822 ], [ -46.8098417, -23.2085058 ], [ -46.8100295, -23.2084121 ], [ -46.8102037, -23.2083147 ], [ -46.81037, -23.2082099 ], [ -46.8105336, -23.2080953 ], [ -46.8106932, -23.2079733 ], [ -46.810836, -23.2078506 ], [ -46.8109695, -23.2077218 ], [ -46.8110955, -23.20759 ], [ -46.8112203, -23.2074482 ], [ -46.8113376, -23.2073095 ], [ -46.8114563, -23.2071512 ], [ -46.8115851, -23.2069675 ], [ -46.8120237, -23.2063215 ], [ -46.8121437, -23.2061398 ], [ -46.8122556, -23.205958 ], [ -46.8123407, -23.2058064 ], [ -46.8124205, -23.2056499 ], [ -46.8124957, -23.2054785 ], [ -46.8125641, -23.2052936 ], [ -46.8126258, -23.205098799999988 ], [ -46.8126795, -23.2048906 ], [ -46.8127277, -23.204686 ], [ -46.8128203, -23.2042484 ], [ -46.8128699, -23.2040154 ], [ -46.8129195, -23.2038194 ], [ -46.8129812, -23.2036111 ], [ -46.8130469, -23.2034238 ], [ -46.8131165, -23.2032548 ], [ -46.8132011, -23.2030804 ], [ -46.8132963, -23.2029084 ], [ -46.8134003, -23.2027451 ], [ -46.8135283, -23.2025646 ], [ -46.8136544, -23.2024105 ], [ -46.8137939, -23.2022516 ], [ -46.8139494, -23.2020938 ], [ -46.8141024, -23.2019618 ], [ -46.8142673, -23.20183 ], [ -46.8144189, -23.2017202 ], [ -46.8145724, -23.2016216 ], [ -46.8147527, -23.2015156 ], [ -46.8149325, -23.2014207 ], [ -46.8151283, -23.2013319 ], [ -46.815296, -23.2012666 ], [ -46.8154689, -23.2012056 ], [ -46.8156567, -23.2011507 ], [ -46.815839, -23.2011051 ], [ -46.8160509, -23.2010619 ], [ -46.8162601, -23.2010311 ], [ -46.8164774, -23.2010102 ], [ -46.8166974, -23.2009992 ], [ -46.8168838, -23.2009991 ], [ -46.8170984, -23.201009 ], [ -46.8172982, -23.2010269 ], [ -46.8175208, -23.2010608 ], [ -46.8177032, -23.2010978 ], [ -46.8179058, -23.2011453 ], [ -46.8180908, -23.2012004 ], [ -46.8182758, -23.2012679 ], [ -46.8184502, -23.2013369 ], [ -46.8186419, -23.2014244 ], [ -46.8188258, -23.2015194 ], [ -46.8190021, -23.2016235 ], [ -46.819177, -23.2017387 ], [ -46.8193353, -23.2018545 ], [ -46.8194949, -23.2019815 ], [ -46.8196571, -23.2021283 ], [ -46.8198037, -23.2022719 ], [ -46.8199623, -23.2024389 ], [ -46.8201668, -23.2026694 ], [ -46.8220229, -23.2047488 ], [ -46.8222394, -23.2049763 ], [ -46.8224426, -23.2051791 ], [ -46.8226384, -23.2053565 ], [ -46.8228382, -23.2055254 ], [ -46.8230736, -23.2057046 ], [ -46.8232953, -23.205864 ], [ -46.8235464, -23.2060331 ], [ -46.8260394, -23.2076232 ], [ -46.8262728, -23.2077687 ], [ -46.8264754, -23.207887 ], [ -46.8266712, -23.2079918 ], [ -46.8268803, -23.2080953 ], [ -46.8271071, -23.2081939 ], [ -46.8273336, -23.2082814 ], [ -46.8276515, -23.2083899 ], [ -46.8321335, -23.2098739 ], [ -46.832411, -23.2099589 ], [ -46.8326444, -23.2100237 ], [ -46.8328564, -23.2100785 ], [ -46.833083, -23.2101241 ], [ -46.833327, -23.2101635 ], [ -46.833541, -23.2101906 ], [ -46.8337509, -23.2102066 ], [ -46.8339869, -23.2102166 ], [ -46.8342028, -23.2102165 ], [ -46.8344395, -23.2102049 ], [ -46.8346695, -23.2101858 ], [ -46.83490290000001, -23.2101563 ], [ -46.8351228, -23.2101204 ], [ -46.8353266, -23.2100773 ], [ -46.8355412, -23.2100255 ], [ -46.8357638, -23.2099577 ], [ -46.8359851, -23.2098825 ], [ -46.836189, -23.2098049 ], [ -46.8363942, -23.209715 ], [ -46.8365933, -23.2096182 ], [ -46.8368341, -23.2094918 ], [ -46.8370862, -23.2093488 ], [ -46.8394317, -23.2079584 ], [ -46.8396946, -23.2077961 ], [ -46.8399307, -23.2076386 ], [ -46.8401305, -23.2074996 ], [ -46.8403035, -23.2073668 ], [ -46.8404711, -23.2072276 ], [ -46.8406293, -23.2070857 ], [ -46.8407743, -23.2069441 ], [ -46.8409084, -23.2068073 ], [ -46.8410518, -23.2066494 ], [ -46.8412034, -23.2064707 ], [ -46.8413542, -23.2062828 ], [ -46.8415306, -23.2060493 ], [ -46.8422334, -23.2051236 ], [ -46.8423949, -23.2049189 ], [ -46.8425233, -23.2047636 ], [ -46.8426584, -23.2046083 ], [ -46.8428006, -23.2044542 ], [ -46.8429347, -23.2043186 ], [ -46.8430876, -23.2041781 ], [ -46.8432472, -23.204038799999989 ], [ -46.8434135, -23.2039082 ], [ -46.8435946, -23.2037776 ], [ -46.843789, -23.2036482 ], [ -46.8439847, -23.2035335 ], [ -46.8441899, -23.2034225 ], [ -46.8443844, -23.2033251 ], [ -46.8446071, -23.2032266 ], [ -46.844811, -23.2031477 ], [ -46.8450389, -23.20307 ], [ -46.8452548, -23.2030071 ], [ -46.8454841, -23.2029492 ], [ -46.8457054, -23.2029035 ], [ -46.8459174, -23.2028678 ], [ -46.8461531, -23.20284 ], [ -46.8463753, -23.202823399999989 ], [ -46.846604, -23.2028148 ], [ -46.8468166, -23.2028167 ], [ -46.8470318, -23.2028271 ], [ -46.8472624, -23.2028457 ], [ -46.8475011, -23.2028716 ], [ -46.8478566, -23.202919499999989 ], [ -46.8579109, -23.2043765 ], [ -46.8581328, -23.2044058 ], [ -46.8583735, -23.2044326 ], [ -46.8586075, -23.2044551 ], [ -46.8588187, -23.2044677 ], [ -46.8590266, -23.204473899999989 ], [ -46.8592432, -23.2044752 ], [ -46.8594866, -23.2044666 ], [ -46.8597133, -23.2044504 ], [ -46.8599237, -23.2044271 ], [ -46.8601397, -23.2043944 ], [ -46.8603597, -23.2043544 ], [ -46.8605555, -23.2043124 ], [ -46.8607995, -23.2042509 ], [ -46.8610497, -23.204175 ], [ -46.8612689, -23.2041004 ], [ -46.8615131, -23.2040056 ], [ -46.8617343, -23.2039113 ], [ -46.8619636, -23.2038009 ], [ -46.8621876, -23.2036801 ], [ -46.8624022, -23.2035544 ], [ -46.8625966, -23.2034348 ], [ -46.8628206, -23.2032918 ], [ -46.8681046, -23.1997925 ], [ -46.8683788, -23.1995995 ], [ -46.8685887, -23.1994435 ], [ -46.8687805, -23.1992938 ], [ -46.8689562, -23.1991527 ], [ -46.8691385, -23.1989949 ], [ -46.8693182, -23.1988359 ], [ -46.8694965, -23.1986719 ], [ -46.8696629, -23.1985104 ], [ -46.8698453, -23.1983292 ], [ -46.8700673, -23.1980956 ], [ -46.8702464, -23.197899 ], [ -46.8703979, -23.1977228 ], [ -46.8705493, -23.1975353 ], [ -46.8706949, -23.1973413 ], [ -46.8708579, -23.1971077 ], [ -46.8726067, -23.1945892 ] ] ] } },
{ "type": "Feature", "properties": { "fid": 28, "Name": "Linha 7 - Rubi > BAS Extensão\n", "description": "Jundiaí > Francisco Morato • 57.2km • 17 estações • 81min • ATP • Headway: 11min", "Status_Obra": "Construído", "Modal": "Trem", "N_Linha": 7, "data_abertura": null }, "geometry": { "type": "MultiLineString", "coordinates": [ [ [ -46.7426309, -23.2808674 ], [ -46.7428645, -23.2780977 ], [ -46.7428793, -23.27794 ], [ -46.7428927, -23.2778205 ], [ -46.7429128, -23.2777023 ], [ -46.742941, -23.277563 ], [ -46.7429692, -23.2774522 ], [ -46.743, -23.2773487 ], [ -46.7430376, -23.2772378 ], [ -46.7430778, -23.2771282 ], [ -46.7431314, -23.2769988 ], [ -46.7431837, -23.2768892 ], [ -46.7432468, -23.2767635 ], [ -46.7433098, -23.2766514 ], [ -46.7433782, -23.2765393 ], [ -46.743452, -23.2764284 ], [ -46.743523, -23.2763323 ], [ -46.7435941, -23.2762436 ], [ -46.7436692, -23.2761537 ], [ -46.7437537, -23.2760625 ], [ -46.7438449, -23.2759689 ], [ -46.7439388, -23.2758814 ], [ -46.7440246, -23.2758063 ], [ -46.7441346, -23.2757139 ], [ -46.7442445, -23.2756338 ], [ -46.7443451, -23.2755661 ], [ -46.7444511, -23.2754971 ], [ -46.7445731, -23.2754244 ], [ -46.74470190000001, -23.2753591 ], [ -46.7448239, -23.2752975 ], [ -46.7449433, -23.275247 ], [ -46.7450586, -23.2752014 ], [ -46.7451981, -23.275153400000011 ], [ -46.7453241, -23.2751152 ], [ -46.7454422, -23.2750831 ], [ -46.7455508, -23.2750585 ], [ -46.7456742, -23.2750351 ], [ -46.7457949, -23.2750141 ], [ -46.7459115, -23.2749981 ], [ -46.7460296, -23.2749858 ], [ -46.7461543, -23.2749747 ], [ -46.7468329, -23.2749489 ], [ -46.7469965, -23.2749402 ], [ -46.7471467, -23.2749304 ], [ -46.7472929, -23.2749168 ], [ -46.747439, -23.2748971 ], [ -46.7475879, -23.274872399999989 ], [ -46.7477475, -23.2748404 ], [ -46.7478763, -23.2748071 ], [ -46.7480144, -23.2747677 ], [ -46.7481311, -23.2747284 ], [ -46.7482558, -23.2746815 ], [ -46.7483805, -23.2746297 ], [ -46.7484972, -23.2745756 ], [ -46.7486273, -23.2745078 ], [ -46.7487386, -23.2744462 ], [ -46.748862, -23.2743699 ], [ -46.7489692, -23.2742971 ], [ -46.7490698, -23.2742244 ], [ -46.7491664, -23.2741493 ], [ -46.749263, -23.274069199999989 ], [ -46.7493756, -23.2739645 ], [ -46.7494815, -23.2738623 ], [ -46.7495607, -23.2737761 ], [ -46.7496411, -23.2736824 ], [ -46.7497203, -23.2735814 ], [ -46.7498034, -23.2734656 ], [ -46.7498785, -23.2733547 ], [ -46.7499509, -23.2732389 ], [ -46.7500207, -23.2731181 ], [ -46.7500891, -23.2729912 ], [ -46.7501481, -23.272873 ], [ -46.7502111, -23.2727448 ], [ -46.7505956, -23.2719617 ], [ -46.7506694, -23.2718065 ], [ -46.7507351, -23.2716636 ], [ -46.7507887, -23.2715355 ], [ -46.7508343, -23.2714221 ], [ -46.7508853, -23.2712854 ], [ -46.7509296, -23.2711474 ], [ -46.7509684, -23.2710156 ], [ -46.75101, -23.2708591 ], [ -46.7510476, -23.2706989 ], [ -46.7510744, -23.2705597 ], [ -46.7510959, -23.270423 ], [ -46.7511133, -23.2702961 ], [ -46.7511361, -23.2701014 ], [ -46.7513976, -23.2675918 ], [ -46.751411, -23.2674242 ], [ -46.7514191, -23.2672801 ], [ -46.7514244, -23.2671544 ], [ -46.7514271, -23.2670349 ], [ -46.7514231, -23.2668907 ], [ -46.7514177, -23.2667602 ], [ -46.7514043, -23.2666271 ], [ -46.7513882, -23.2664854 ], [ -46.7513654, -23.2663388 ], [ -46.7513426, -23.2661934 ], [ -46.7513185, -23.2660406 ], [ -46.7512648, -23.2657413 ], [ -46.7512394, -23.2655688 ], [ -46.7512179, -23.2654037 ], [ -46.7512058, -23.2652373 ], [ -46.75120050000001, -23.2650759 ], [ -46.7512045, -23.2649232 ], [ -46.7512152, -23.2647667 ], [ -46.7512326, -23.2646262 ], [ -46.7512581, -23.2644722 ], [ -46.7512903, -23.264330499999989 ], [ -46.7513279, -23.264179 ], [ -46.7513788, -23.2640238 ], [ -46.7514298, -23.2638882 ], [ -46.7514834, -23.2637613 ], [ -46.7515424, -23.2636332 ], [ -46.7516108, -23.2635051 ], [ -46.7516833, -23.2633806 ], [ -46.7517597, -23.263266 ], [ -46.7518335, -23.2631613 ], [ -46.7519193, -23.2630467 ], [ -46.7520118, -23.2629346 ], [ -46.7521231, -23.2628114 ], [ -46.7522318, -23.262703 ], [ -46.7523364, -23.2626056 ], [ -46.7524477, -23.2625095 ], [ -46.7525791, -23.2624011 ], [ -46.7527092, -23.2623038 ], [ -46.7528366, -23.2622138 ], [ -46.7529506, -23.2621387 ], [ -46.7531008, -23.2620463 ], [ -46.7532376, -23.261965 ], [ -46.7533824, -23.261891 ], [ -46.7535192, -23.2618257 ], [ -46.7536507, -23.2617691 ], [ -46.7537781, -23.261721 ], [ -46.7539189, -23.2616705 ], [ -46.7540664, -23.2616261 ], [ -46.7541858, -23.2615929 ], [ -46.7543172, -23.2615621 ], [ -46.7544406, -23.2615374 ], [ -46.75457870000001, -23.2615177 ], [ -46.7547235, -23.2615005 ], [ -46.7548496, -23.2614881 ], [ -46.7549904, -23.2614783 ], [ -46.7551245, -23.2614734 ], [ -46.755264, -23.2614721 ], [ -46.7553954, -23.2614795 ], [ -46.7555416, -23.2614931 ], [ -46.7556744, -23.2615091 ], [ -46.7558206, -23.2615313 ], [ -46.7559735, -23.2615596 ], [ -46.7561518, -23.2616015 ], [ -46.7563087, -23.2616446 ], [ -46.7564603, -23.2616939 ], [ -46.7566011, -23.261742 ], [ -46.7567406, -23.2617974 ], [ -46.7568787, -23.2618565 ], [ -46.7572354, -23.2620192 ], [ -46.7573642, -23.262073399999988 ], [ -46.7574996, -23.2621264 ], [ -46.7576378, -23.2621744 ], [ -46.7577746, -23.2622175 ], [ -46.7578939, -23.2622496 ], [ -46.7580307, -23.2622779 ], [ -46.7581595, -23.2623013 ], [ -46.7583029, -23.262321 ], [ -46.7584464, -23.2623346 ], [ -46.7585859, -23.2623444 ], [ -46.7587281, -23.2623469 ], [ -46.7588662, -23.2623469 ], [ -46.7590084, -23.2623395 ], [ -46.7591425, -23.2623297 ], [ -46.7592954, -23.2623087 ], [ -46.7594241, -23.2622865 ], [ -46.7595649, -23.2622557 ], [ -46.7597205, -23.26222 ], [ -46.7598627, -23.2621806 ], [ -46.7599981, -23.2621338 ], [ -46.7601429, -23.2620771 ], [ -46.7602623, -23.2620241 ], [ -46.7603736, -23.2619699 ], [ -46.7604903, -23.2619108 ], [ -46.760607, -23.2618455 ], [ -46.7607277, -23.2617678 ], [ -46.7608497, -23.2616841 ], [ -46.7609664, -23.2615966 ], [ -46.7610696, -23.2615128 ], [ -46.7611729, -23.2614216 ], [ -46.7612601, -23.261337799999989 ], [ -46.7613513, -23.261243 ], [ -46.7614385, -23.2611432 ], [ -46.7615444, -23.2610076 ], [ -46.7616343, -23.260882 ], [ -46.7617174, -23.26076 ], [ -46.7617979, -23.2606318 ], [ -46.761873, -23.2605 ], [ -46.7619373, -23.2603743 ], [ -46.7619977, -23.2602425 ], [ -46.762054, -23.2601008 ], [ -46.7621036, -23.2599493 ], [ -46.7621398, -23.2598211 ], [ -46.7621747, -23.259672 ], [ -46.7622015, -23.2595291 ], [ -46.762223, -23.2593813 ], [ -46.7622404, -23.2592223 ], [ -46.7622512, -23.2590806 ], [ -46.7622605, -23.2589106 ], [ -46.7622659, -23.258727 ], [ -46.7623075, -23.254709 ], [ -46.7623108, -23.2545285 ], [ -46.7623169, -23.2543542 ], [ -46.7623249, -23.2542063 ], [ -46.7623397, -23.2540584 ], [ -46.7623611, -23.2539155 ], [ -46.7623839, -23.2537874 ], [ -46.7624094, -23.2536568 ], [ -46.7624403, -23.2535225 ], [ -46.7626951, -23.2524677 ], [ -46.7627484, -23.2522727 ], [ -46.7627967, -23.2521125 ], [ -46.7628503, -23.2519548 ], [ -46.7629093, -23.2518094 ], [ -46.7629697, -23.2516763 ], [ -46.7630341, -23.2515433 ], [ -46.7631092, -23.2514028 ], [ -46.7633734, -23.2509272 ], [ -46.7634337, -23.2508052 ], [ -46.7634967, -23.2506709 ], [ -46.7635504, -23.2505415 ], [ -46.7635946, -23.250422 ], [ -46.7636389, -23.2502864 ], [ -46.7636724, -23.250162 ], [ -46.7637033, -23.2500301 ], [ -46.7637261, -23.2498934 ], [ -46.7637435, -23.2497418 ], [ -46.7637596, -23.249589 ], [ -46.763765, -23.2494313 ], [ -46.763765, -23.2493031 ], [ -46.7637596, -23.2491577 ], [ -46.7637462, -23.249016 ], [ -46.7637301, -23.2488608 ], [ -46.7636818, -23.2484689 ], [ -46.7636671, -23.248326 ], [ -46.7636577, -23.2481954 ], [ -46.763651, -23.2480475 ], [ -46.7636536, -23.247912 ], [ -46.7636604, -23.247769 ], [ -46.7636724, -23.24762 ], [ -46.7636899, -23.2474696 ], [ -46.76371, -23.2473094 ], [ -46.7641177, -23.2442523 ], [ -46.7641432, -23.2440921 ], [ -46.7641713, -23.2439454 ], [ -46.7641995, -23.2438123 ], [ -46.7642343, -23.2436719 ], [ -46.7642826, -23.2435092 ], [ -46.7643296, -23.2433786 ], [ -46.7643792, -23.2432554 ], [ -46.7644369, -23.2431247 ], [ -46.7645012, -23.242988 ], [ -46.7645723, -23.2428426 ], [ -46.7647788, -23.2424236 ], [ -46.7648432, -23.2422868 ], [ -46.7648995, -23.2421476 ], [ -46.7649438, -23.2420182 ], [ -46.764988, -23.2418752 ], [ -46.7650229, -23.2417384 ], [ -46.7650524, -23.2416041 ], [ -46.7650752, -23.2414637 ], [ -46.765094, -23.2413072 ], [ -46.765102, -23.2411926 ], [ -46.7651047, -23.2410459 ], [ -46.7651034, -23.2409091 ], [ -46.765098, -23.2407563 ], [ -46.7650873, -23.2406035 ], [ -46.7650457, -23.2401229 ], [ -46.7650336, -23.2399541 ], [ -46.7650269, -23.2398136 ], [ -46.7650269, -23.2396695 ], [ -46.7650336, -23.239524 ], [ -46.765043, -23.2394008 ], [ -46.7650605, -23.2392554 ], [ -46.7650833, -23.2391112 ], [ -46.7651101, -23.2389794 ], [ -46.7651436, -23.2388487 ], [ -46.7651812, -23.2387206 ], [ -46.7652268, -23.2385912 ], [ -46.7652777, -23.238463 ], [ -46.7653394, -23.238325 ], [ -46.7654038, -23.2381944 ], [ -46.7654695, -23.2380749 ], [ -46.7655406, -23.2379529 ], [ -46.7656197, -23.2378321 ], [ -46.7656988, -23.2377163 ], [ -46.7657887, -23.2376029 ], [ -46.7658866, -23.237487 ], [ -46.7659912, -23.2373774 ], [ -46.7661119, -23.237264 ], [ -46.7662205, -23.2371716 ], [ -46.7663332, -23.2370767 ], [ -46.7668482, -23.2366836 ], [ -46.7669742, -23.2365825 ], [ -46.7670869, -23.2364876 ], [ -46.7671834, -23.2364001 ], [ -46.7672934, -23.2362966 ], [ -46.76739, -23.2361906 ], [ -46.7674758, -23.2360958 ], [ -46.7675563, -23.2360009 ], [ -46.767622, -23.2359097 ], [ -46.7676917, -23.2358148 ], [ -46.7677628, -23.2357076 ], [ -46.7678272, -23.2356004 ], [ -46.7678875, -23.2354907 ], [ -46.7679479, -23.2353662 ], [ -46.7680029, -23.2352381 ], [ -46.7680498, -23.2351148 ], [ -46.7680927, -23.234983 ], [ -46.7681303, -23.2348536 ], [ -46.7681611, -23.2347217 ], [ -46.7681933, -23.2345652 ], [ -46.7682121, -23.2344198 ], [ -46.7682241, -23.2342719 ], [ -46.7682268, -23.2341228 ], [ -46.7682228, -23.2339737 ], [ -46.7682147, -23.2338492 ], [ -46.7682, -23.2337161 ], [ -46.7681799, -23.2335781 ], [ -46.7681531, -23.2334413 ], [ -46.7681209, -23.2333082 ], [ -46.7680766, -23.2331554 ], [ -46.768023, -23.232994 ], [ -46.767972, -23.2328559 ], [ -46.7679103, -23.232713 ], [ -46.7678044, -23.2324727 ], [ -46.7677467, -23.2323347 ], [ -46.7676917, -23.2321942 ], [ -46.7676475, -23.2320672 ], [ -46.7676086, -23.2319341 ], [ -46.7675737, -23.2318047 ], [ -46.7675455, -23.2316766 ], [ -46.7675241, -23.231541 ], [ -46.7675093, -23.2314128 ], [ -46.7674973, -23.2312785 ], [ -46.7674905, -23.2311417 ], [ -46.7674892, -23.231 ], [ -46.7674932, -23.2308644 ], [ -46.7675026, -23.2307301 ], [ -46.7675214, -23.2305773 ], [ -46.7675429, -23.2304442 ], [ -46.7675724, -23.2302988 ], [ -46.7676086, -23.2301608 ], [ -46.7676515, -23.230019 ], [ -46.7676957, -23.2298896 ], [ -46.7677494, -23.2297565 ], [ -46.7678084, -23.2296234 ], [ -46.7678687, -23.2295002 ], [ -46.7679291, -23.2293868 ], [ -46.7680015, -23.229266 ], [ -46.768078, -23.2291465 ], [ -46.7681598, -23.2290307 ], [ -46.768251, -23.228912399999988 ], [ -46.7683462, -23.2287953 ], [ -46.7684535, -23.2286782 ], [ -46.7685661, -23.2285636 ], [ -46.7686774, -23.2284601 ], [ -46.7687941, -23.2283565 ], [ -46.7689228, -23.2282469 ], [ -46.7700735, -23.2273263 ], [ -46.7702264, -23.2272104 ], [ -46.7703726, -23.2271032 ], [ -46.7705268, -23.2269972 ], [ -46.7706542, -23.2269122 ], [ -46.7708178, -23.2268123 ], [ -46.7709654, -23.2267273 ], [ -46.7716305, -23.226373599999988 ], [ -46.771833, -23.226259 ], [ -46.7724272, -23.225925 ], [ -46.7726484, -23.2257968 ], [ -46.7727852, -23.2257093 ], [ -46.77291, -23.2256255 ], [ -46.773028, -23.225543 ], [ -46.7731567, -23.2254444 ], [ -46.7732828, -23.2253396 ], [ -46.7733874, -23.2252435 ], [ -46.773488, -23.2251461 ], [ -46.7735966, -23.2250315 ], [ -46.7736985, -23.2249144 ], [ -46.7737951, -23.2247912 ], [ -46.7738876, -23.2246618 ], [ -46.77396, -23.2245509 ], [ -46.7740351, -23.2244276 ], [ -46.7741129, -23.2242908 ], [ -46.7741773, -23.2241725 ], [ -46.7758201, -23.2210433 ], [ -46.7758939, -23.2209016 ], [ -46.7759757, -23.2207537 ], [ -46.7760642, -23.2206033 ], [ -46.7761487, -23.2204628 ], [ -46.7762305, -23.2203322 ], [ -46.7763284, -23.2201843 ], [ -46.7764424, -23.2200154 ], [ -46.7768085, -23.2194867 ], [ -46.7769078, -23.2193376 ], [ -46.776999, -23.2191958 ], [ -46.7770888, -23.2190393 ], [ -46.7771854, -23.2188606 ], [ -46.7772712, -23.2186807 ], [ -46.7773463, -23.2185069 ], [ -46.7774107, -23.2183454 ], [ -46.777467, -23.2181852 ], [ -46.7775166, -23.21802 ], [ -46.7775622, -23.2178549 ], [ -46.7776011, -23.2177021 ], [ -46.7779002, -23.2163771 ], [ -46.7779471, -23.2161775 ], [ -46.7779954, -23.216 ], [ -46.7780544, -23.2158114 ], [ -46.7781148, -23.2156401 ], [ -46.7781765, -23.2154836 ], [ -46.7782556, -23.2152987 ], [ -46.7783361, -23.2151286 ], [ -46.7784232, -23.2149647 ], [ -46.7785185, -23.2148057 ], [ -46.7786056, -23.2146652 ], [ -46.7787035, -23.214521 ], [ -46.7788423, -23.2143299 ], [ -46.7789892, -23.2141413 ], [ -46.7834215, -23.2085505 ], [ -46.7835516, -23.2083927 ], [ -46.783683, -23.2082386 ], [ -46.783797, -23.2081055 ], [ -46.7839446, -23.2079515 ], [ -46.7841216, -23.2077764 ], [ -46.7842745, -23.2076371 ], [ -46.7844528, -23.2074855 ], [ -46.7846366, -23.2073389 ], [ -46.7851328, -23.2069629 ], [ -46.7853004, -23.2068372 ], [ -46.7854506, -23.2067201 ], [ -46.7855914, -23.2066042 ], [ -46.7857269, -23.2064847 ], [ -46.785861, -23.2063589 ], [ -46.7860018, -23.2062135 ], [ -46.7861104, -23.2060902 ], [ -46.7862097, -23.2059694 ], [ -46.7863143, -23.2058339 ], [ -46.7864095, -23.2056983 ], [ -46.7865034, -23.2055602 ], [ -46.7865906, -23.2054283 ], [ -46.7885298, -23.2024257 ], [ -46.7886424, -23.2022559 ], [ -46.7887524, -23.2021018 ], [ -46.7888557, -23.2019638 ], [ -46.788971, -23.201822 ], [ -46.789081, -23.2016988 ], [ -46.789191, -23.2015841 ], [ -46.7893291, -23.2014535 ], [ -46.7894712, -23.2013339 ], [ -46.7896121, -23.2012254 ], [ -46.789773, -23.201114499999985 ], [ -46.7899554, -23.2010023 ], [ -46.7901244, -23.2009086 ], [ -46.7902933, -23.2008248 ], [ -46.7904824, -23.2007422 ], [ -46.7906581, -23.2006769 ], [ -46.7908244, -23.2006227 ], [ -46.7909934, -23.2005746 ], [ -46.7911946, -23.2005278 ], [ -46.7913957, -23.200492 ], [ -46.7915915, -23.2004649 ], [ -46.7918061, -23.2004476 ], [ -46.7919912, -23.200441499999986 ], [ -46.7921669, -23.2004439 ], [ -46.7923493, -23.2004513 ], [ -46.7925397, -23.2004723 ], [ -46.7927395, -23.2004994 ], [ -46.7929326, -23.2005364 ], [ -46.7931419, -23.2005857 ], [ -46.7933363, -23.2006449 ], [ -46.7935308, -23.2007139 ], [ -46.7937011, -23.2007817 ], [ -46.7938567, -23.2008532 ], [ -46.7940149, -23.2009333 ], [ -46.7941705, -23.2010208 ], [ -46.7943234, -23.2011182 ], [ -46.7944628, -23.2012143 ], [ -46.7946063, -23.2013216 ], [ -46.7947458, -23.201435 ], [ -46.7948893, -23.2015607 ], [ -46.7950476, -23.2017074 ], [ -46.7952179, -23.2018676 ], [ -46.7953627, -23.2020032 ], [ -46.7955022, -23.2021314 ], [ -46.7956484, -23.2022596 ], [ -46.7957798, -23.2023706 ], [ -46.7959313, -23.2024877 ], [ -46.7960842, -23.2025986 ], [ -46.7962277, -23.202696 ], [ -46.796386, -23.2027971 ], [ -46.7965644, -23.2029006 ], [ -46.7967454, -23.2030004 ], [ -46.7969358, -23.2030953 ], [ -46.7971182, -23.2031779 ], [ -46.7973073, -23.2032568 ], [ -46.7974937, -23.2033271 ], [ -46.7977043, -23.2033986 ], [ -46.7978934, -23.2034565 ], [ -46.7981026, -23.2035132 ], [ -46.798289, -23.2035588 ], [ -46.7989166, -23.2037067 ], [ -46.7991138, -23.2037585 ], [ -46.7993029, -23.2038152 ], [ -46.7994719, -23.2038756 ], [ -46.7996623, -23.2039496 ], [ -46.7998299, -23.2040247 ], [ -46.7999989, -23.2041086 ], [ -46.8001666, -23.2041998 ], [ -46.8003168, -23.204291 ], [ -46.800479, -23.2043958 ], [ -46.8006239, -23.2044993 ], [ -46.8007754, -23.2046152 ], [ -46.800931, -23.2047421 ], [ -46.8033933, -23.2070027 ], [ -46.8035891, -23.207179 ], [ -46.80375, -23.2073146 ], [ -46.8039069, -23.2074366 ], [ -46.8040477, -23.2075389 ], [ -46.804206, -23.2076437 ], [ -46.8043575, -23.2077349 ], [ -46.8045439, -23.207836 ], [ -46.804733, -23.2079296 ], [ -46.8049007, -23.2080073 ], [ -46.8051219, -23.2081071 ], [ -46.8058394, -23.2084177 ], [ -46.8060379, -23.2085028 ], [ -46.8062337, -23.2085804 ], [ -46.8064309, -23.2086532 ], [ -46.8066441, -23.2087259 ], [ -46.8068493, -23.208786299999989 ], [ -46.8070317, -23.2088319 ], [ -46.807206, -23.2088689 ], [ -46.8073817, -23.2088997 ], [ -46.8075614, -23.2089219 ], [ -46.8077331, -23.2089379 ], [ -46.8079155, -23.2089453 ], [ -46.808122, -23.2089428 ], [ -46.8083245, -23.2089354 ], [ -46.8085176, -23.2089194 ], [ -46.8087081, -23.2088923 ], [ -46.8089106, -23.2088516 ], [ -46.8091037, -23.2088085 ], [ -46.8092794, -23.2087592 ], [ -46.8094577, -23.2087037 ], [ -46.8096267, -23.2086396 ], [ -46.8097783, -23.2085767 ], [ -46.8099378, -23.2085028 ], [ -46.8100961, -23.2084214 ], [ -46.8102664, -23.2083241 ], [ -46.8104367, -23.2082131 ], [ -46.8105856, -23.2081071 ], [ -46.810717, -23.2080048 ], [ -46.8108404, -23.2079013 ], [ -46.8109665, -23.2077854 ], [ -46.8110805, -23.2076732 ], [ -46.8111985, -23.2075463 ], [ -46.8112937, -23.2074317 ], [ -46.8114037, -23.2072961 ], [ -46.8115016, -23.2071617 ], [ -46.8115981, -23.2070237 ], [ -46.8121091, -23.2062656 ], [ -46.8122057, -23.2061116 ], [ -46.8122915, -23.2059698 ], [ -46.8123921, -23.2057911 ], [ -46.8124605, -23.2056543 ], [ -46.8125208, -23.2055162 ], [ -46.8125745, -23.2053782 ], [ -46.8126308, -23.2052179 ], [ -46.8126831, -23.2050417 ], [ -46.8127193, -23.204895 ], [ -46.8127568, -23.204736 ], [ -46.812891, -23.2041135 ], [ -46.8129325, -23.2039323 ], [ -46.8129822, -23.2037437 ], [ -46.8130291, -23.2035909 ], [ -46.8130814, -23.2034417 ], [ -46.8131511, -23.203279 ], [ -46.8132222, -23.2031336 ], [ -46.8132946, -23.202998 ], [ -46.8133764, -23.2028599 ], [ -46.813469, -23.2027182 ], [ -46.8135682, -23.2025813 ], [ -46.8136835, -23.2024359 ], [ -46.8138096, -23.2022941 ], [ -46.8139236, -23.2021783 ], [ -46.8140322, -23.202076 ], [ -46.8141932, -23.2019354 ], [ -46.814338, -23.2018245 ], [ -46.814515, -23.2017037 ], [ -46.814684, -23.2015965 ], [ -46.8148476, -23.2015077 ], [ -46.8150381, -23.2014165 ], [ -46.8152218, -23.2013351 ], [ -46.8154136, -23.2012636 ], [ -46.8156147, -23.201202 ], [ -46.8158253, -23.2011465 ], [ -46.8160466, -23.2010997 ], [ -46.8162504, -23.2010714 ], [ -46.8164489, -23.2010516 ], [ -46.8166487, -23.2010381 ], [ -46.8168499, -23.2010368 ], [ -46.8170578, -23.201043 ], [ -46.8173126, -23.2010677 ], [ -46.8175432, -23.2011022 ], [ -46.8177927, -23.2011552 ], [ -46.8180006, -23.2012119 ], [ -46.818199, -23.2012772 ], [ -46.8184083, -23.2013586 ], [ -46.818592, -23.2014424 ], [ -46.8188039, -23.2015509 ], [ -46.8189782, -23.2016532 ], [ -46.8191392, -23.2017592 ], [ -46.819292, -23.2018689 ], [ -46.8194878, -23.202023 ], [ -46.8196313, -23.2021561 ], [ -46.8197722, -23.2022941 ], [ -46.8198982, -23.202426 ], [ -46.8217865, -23.2045461 ], [ -46.8219528, -23.2047286 ], [ -46.822099, -23.2048814 ], [ -46.8222304, -23.2050207 ], [ -46.8223699, -23.20516 ], [ -46.8225134, -23.2052943 ], [ -46.8226582, -23.2054201 ], [ -46.8228071, -23.2055446 ], [ -46.8229519, -23.2056629 ], [ -46.8231061, -23.2057763 ], [ -46.8232496, -23.2058774 ], [ -46.8233985, -23.2059809 ], [ -46.8235648, -23.2060906 ], [ -46.8237418, -23.2062028 ], [ -46.8259305, -23.2075981 ], [ -46.8261424, -23.2077287 ], [ -46.8263624, -23.2078618 ], [ -46.8265528, -23.2079715 ], [ -46.8267325, -23.2080615 ], [ -46.8269042, -23.2081453 ], [ -46.8270637, -23.2082144 ], [ -46.8272448, -23.2082883 ], [ -46.8274433, -23.2083598 ], [ -46.8310187, -23.2095443 ], [ -46.831262700000011, -23.2096257 ], [ -46.8315296, -23.2097119 ], [ -46.831889, -23.2098327 ], [ -46.8321707, -23.2099252 ], [ -46.8324268, -23.2100004 ], [ -46.8326374, -23.2100607 ], [ -46.8328774, -23.2101199 ], [ -46.8330773, -23.2101594 ], [ -46.8332744, -23.2101939 ], [ -46.8334715, -23.2102173 ], [ -46.8336848, -23.210237 ], [ -46.8338953, -23.2102481 ], [ -46.8340871, -23.210253 ], [ -46.8342896, -23.2102493 ], [ -46.8345002, -23.210237 ], [ -46.8347148, -23.2102185 ], [ -46.8349173, -23.2101926 ], [ -46.835097, -23.2101618 ], [ -46.8353129, -23.2101199 ], [ -46.8355167, -23.210069399999988 ], [ -46.8357206, -23.2100102 ], [ -46.8359164, -23.2099474 ], [ -46.8361001, -23.2098796 ], [ -46.8362919, -23.20980440000001 ], [ -46.836477, -23.2097206 ], [ -46.8366379, -23.2096404 ], [ -46.8368096, -23.2095517 ], [ -46.8370349, -23.2094247 ], [ -46.8372642, -23.2092892 ], [ -46.8389701, -23.2082821 ], [ -46.8392235, -23.2081305 ], [ -46.8394193, -23.2080122 ], [ -46.8396567, -23.207868 ], [ -46.8398726, -23.2077287 ], [ -46.8400644, -23.2075956 ], [ -46.8402562, -23.2074551 ], [ -46.8404051, -23.2073368 ], [ -46.8405539, -23.207211 ], [ -46.8407175, -23.2070619 ], [ -46.840857, -23.2069251 ], [ -46.8409844, -23.2067883 ], [ -46.841136, -23.2066169 ], [ -46.8412821, -23.2064382 ], [ -46.8414283, -23.2062508 ], [ -46.8422249, -23.2051982 ], [ -46.8423953, -23.2049825 ], [ -46.8425441, -23.2048001 ], [ -46.8427037, -23.2046164 ], [ -46.8428606, -23.20445 ], [ -46.8430095, -23.2043033 ], [ -46.8431798, -23.2041492 ], [ -46.8433702, -23.2039915 ], [ -46.8435607, -23.2038472 ], [ -46.8437377, -23.2037252 ], [ -46.8439134, -23.203618 ], [ -46.8441052, -23.2035083 ], [ -46.84434790000001, -23.2033838 ], [ -46.844588, -23.2032765 ], [ -46.8448468, -23.2031742 ], [ -46.8450949, -23.2030916 ], [ -46.8453296, -23.2030251 ], [ -46.8455562, -23.2029709 ], [ -46.845795, -23.2029252 ], [ -46.8460162, -23.2028932 ], [ -46.8462509, -23.2028685 ], [ -46.8464655, -23.202855 ], [ -46.8466975, -23.2028525 ], [ -46.8469215, -23.2028575 ], [ -46.8471602, -23.2028735 ], [ -46.8473868, -23.2028969 ], [ -46.847635, -23.202924 ], [ -46.8512224, -23.2034479 ], [ -46.8515456, -23.2034947 ], [ -46.8518688, -23.2035403 ], [ -46.8576423, -23.2043773 ], [ -46.8579548, -23.2044204 ], [ -46.8582283, -23.2044549 ], [ -46.8584939, -23.2044833 ], [ -46.8587594, -23.2045042 ], [ -46.8589807, -23.2045141 ], [ -46.8592355, -23.2045153 ], [ -46.8594648, -23.2045079 ], [ -46.8596888, -23.2044919 ], [ -46.8599409, -23.2044648 ], [ -46.8601756, -23.2044303 ], [ -46.8603929, -23.2043908 ], [ -46.8606034, -23.204344 ], [ -46.8608247, -23.2042848 ], [ -46.8610245, -23.2042269 ], [ -46.8612391, -23.2041579 ], [ -46.861443, -23.2040827 ], [ -46.8616696, -23.2039853 ], [ -46.8618869, -23.203883 ], [ -46.8620693, -23.2037893 ], [ -46.8622584, -23.2036858 ], [ -46.8624528, -23.2035699 ], [ -46.8626781, -23.2034282 ], [ -46.8628806, -23.203295 ], [ -46.8679956, -23.1999164 ], [ -46.8682585, -23.1997352 ], [ -46.8684569, -23.1995934 ], [ -46.8686407, -23.1994529 ], [ -46.8688177, -23.1993148 ], [ -46.8690175, -23.1991509 ], [ -46.8692093, -23.1989845 ], [ -46.8694333, -23.198786 ], [ -46.8696277, -23.1986023 ], [ -46.8698329, -23.1984014 ], [ -46.8700488, -23.1981795 ], [ -46.870246, -23.1979663 ], [ -46.8703935, -23.1977986 ], [ -46.8705719, -23.1975829 ], [ -46.8706872, -23.1974251 ], [ -46.8708039, -23.1972575 ], [ -46.8726398, -23.1946109 ] ] ] } },
{ "type": "Feature", "properties": { "fid": 29, "Name": "L7 via 3 [Jundiaí]\n", "description": null, "Status_Obra": "Construído", "Modal": "Trem", "N_Linha": 7, "data_abertura": null }, "geometry": { "type": "MultiLineString", "coordinates": [ [ [ -46.8725034, -23.1945423 ], [ -46.8715425, -23.1959266 ], [ -46.8714751, -23.1960308 ], [ -46.8714179, -23.1961288 ], [ -46.8713672, -23.19622 ], [ -46.8713146, -23.1963204 ], [ -46.8711309, -23.1966773 ], [ -46.8710778, -23.196776 ], [ -46.8710282, -23.1968579 ], [ -46.8709763, -23.1969371 ] ] ] } },
{ "type": "Feature", "properties": { "fid": 30, "Name": "Linha 8 - Diamante > IPV", "description": "Júlio Prestes > Itapevi • 35.5km • 20 estações • 55min • 332mil pass/d (MDU 2024) • 362mil pass/d (Mar/2024)", "Status_Obra": "Construído", "Modal": "Trem", "N_Linha": 8, "data_abertura": "1875-12-10" }, "geometry": { "type": "MultiLineString", "coordinates": [ [ [ -46.9359091, -23.5463268 ], [ -46.9339215, -23.544002 ], [ -46.933837, -23.543898 ], [ -46.9337639, -23.5438021 ], [ -46.9336936, -23.5437019 ], [ -46.9336265, -23.5435962 ], [ -46.9335648, -23.5434899 ], [ -46.9334997, -23.5433595 ], [ -46.9334514, -23.5432489 ], [ -46.9334072, -23.5431332 ], [ -46.933369, -23.5430178 ], [ -46.9333301, -23.542882 ], [ -46.9332946, -23.5427363 ], [ -46.9332576, -23.5425628 ], [ -46.9332248, -23.5423962 ], [ -46.9331994, -23.5422457 ], [ -46.9331783, -23.5420895 ], [ -46.9331599, -23.541934 ], [ -46.933145, -23.5417766 ], [ -46.9331336, -23.5416051 ], [ -46.9331266, -23.5414487 ], [ -46.9331236, -23.5412835 ], [ -46.9331243, -23.5411206 ], [ -46.9331289, -23.5409634 ], [ -46.933135, -23.5408139 ], [ -46.9331444, -23.5406689 ], [ -46.9331592, -23.5405219 ], [ -46.9334924, -23.5374045 ], [ -46.9335092, -23.537225 ], [ -46.9335178, -23.5370866 ], [ -46.9335205, -23.5369502 ], [ -46.9335172, -23.5368198 ], [ -46.9335038, -23.5366846 ], [ -46.9334796, -23.5365444 ], [ -46.9334508, -23.536420199999988 ], [ -46.9334092, -23.5362862 ], [ -46.9333569, -23.5361461 ], [ -46.93329390000001, -23.5360065 ], [ -46.9332262, -23.535883 ], [ -46.9331511, -23.5357661 ], [ -46.9330739, -23.535661 ], [ -46.9329861, -23.5355527 ], [ -46.9328909, -23.5354483 ], [ -46.932795, -23.5353556 ], [ -46.9326851, -23.5352602 ], [ -46.9325676, -23.535173 ], [ -46.9324463, -23.5350923 ], [ -46.9323196, -23.5350173 ], [ -46.9321855, -23.5349485 ], [ -46.9320393, -23.5348858 ], [ -46.9318971, -23.5348336 ], [ -46.9317523, -23.53478990000001 ], [ -46.9315887, -23.5347518 ], [ -46.9314432, -23.5347265 ], [ -46.9312709, -23.5347069 ], [ -46.931116, -23.5346977 ], [ -46.9309624, -23.5346943 ], [ -46.9308035, -23.5346989 ], [ -46.9306439, -23.5347106 ], [ -46.9304829, -23.5347302 ], [ -46.9303207, -23.5347572 ], [ -46.9301228, -23.5347991 ], [ -46.9299035, -23.5348507 ], [ -46.9273683, -23.5354802 ], [ -46.9271463, -23.5355337 ], [ -46.926937, -23.5355811 ], [ -46.9267868, -23.5356107 ], [ -46.926638, -23.5356334 ], [ -46.9264959, -23.5356481 ], [ -46.9263504, -23.5356561 ], [ -46.9262008, -23.5356585 ], [ -46.9260419, -23.535653 ], [ -46.925889, -23.5356389 ], [ -46.9257213, -23.5356161 ], [ -46.925555, -23.5355855 ], [ -46.9253981, -23.5355485 ], [ -46.9252432, -23.5355037 ], [ -46.9251031, -23.5354576 ], [ -46.9249616, -23.5354047 ], [ -46.9247987, -23.535334 ], [ -46.9246659, -23.5352694 ], [ -46.9245425, -23.5352037 ], [ -46.924411, -23.5351268 ], [ -46.9242756, -23.5350382 ], [ -46.9241395, -23.5349392 ], [ -46.9240175, -23.5348421 ], [ -46.9239035, -23.5347451 ], [ -46.9237914, -23.5346393 ], [ -46.9236862, -23.5345286 ], [ -46.9235923, -23.5344211 ], [ -46.92350050000001, -23.5343079 ], [ -46.9234139, -23.5341893 ], [ -46.9233342, -23.5340681 ], [ -46.9232611, -23.5339458 ], [ -46.9231803, -23.533797 ], [ -46.9230995, -23.5336335 ], [ -46.9216538, -23.5305841 ], [ -46.9215887, -23.5304538 ], [ -46.921517, -23.530318 ], [ -46.9214507, -23.5302066 ], [ -46.9213741, -23.5300899 ], [ -46.921297, -23.5299884 ], [ -46.9211998, -23.5298759 ], [ -46.9211026, -23.529775099999988 ], [ -46.9209966, -23.5296761 ], [ -46.9208773, -23.5295784 ], [ -46.9207506, -23.5294886 ], [ -46.9206044, -23.5293976 ], [ -46.9204757, -23.5293293 ], [ -46.9203308, -23.5292636 ], [ -46.9201859, -23.5292077 ], [ -46.9200384, -23.5291597 ], [ -46.9198902, -23.5291228 ], [ -46.9197327, -23.5290933 ], [ -46.9195852, -23.5290717 ], [ -46.9194282, -23.5290576 ], [ -46.9192317, -23.5290447 ], [ -46.9190299, -23.5290373 ], [ -46.9187919, -23.5290348 ], [ -46.9185515, -23.5290403 ], [ -46.91835, -23.5290483 ], [ -46.9160078, -23.529164 ], [ -46.9157603, -23.5291806 ], [ -46.9155753, -23.5291996 ], [ -46.9153908, -23.5292267 ], [ -46.9152045, -23.529263 ], [ -46.9150401, -23.5293023 ], [ -46.9148671, -23.5293521 ], [ -46.9146934, -23.5294099 ], [ -46.9145365, -23.5294702 ], [ -46.9143931, -23.529531599999988 ], [ -46.9142556, -23.5295968 ], [ -46.9141189, -23.529665 ], [ -46.9132967, -23.5300885 ], [ -46.9131351, -23.5301674 ], [ -46.9129835, -23.5302355 ], [ -46.912836, -23.5302945 ], [ -46.9126731, -23.5303523 ], [ -46.9125042, -23.5304046 ], [ -46.9123217, -23.5304531 ], [ -46.9121501, -23.5304907 ], [ -46.9119562, -23.5305233 ], [ -46.9117752, -23.5305454 ], [ -46.9115928, -23.5305601 ], [ -46.9114151, -23.5305669 ], [ -46.9112455, -23.5305675 ], [ -46.9110839, -23.5305608 ], [ -46.9109068, -23.5305479 ], [ -46.9107418, -23.5305281 ], [ -46.9105762, -23.5305011 ], [ -46.9104187, -23.5304704 ], [ -46.9102617, -23.5304322 ], [ -46.9100948, -23.5303849 ], [ -46.9099466, -23.5303376 ], [ -46.9097984, -23.5302835 ], [ -46.9096536, -23.5302238 ], [ -46.9095014, -23.5301547 ], [ -46.9093552, -23.5300819 ], [ -46.9092083, -23.530003199999989 ], [ -46.9085887, -23.5296631 ], [ -46.9084123, -23.529571 ], [ -46.9082434, -23.5294886 ], [ -46.9080598, -23.5294056 ], [ -46.9078994, -23.5293404 ], [ -46.9077317, -23.5292783 ], [ -46.90755810000001, -23.5292187 ], [ -46.9073878, -23.5291658 ], [ -46.9072141, -23.5291191 ], [ -46.9070445, -23.5290779 ], [ -46.9068842, -23.5290435 ], [ -46.9067139, -23.5290108 ], [ -46.9065215, -23.5289801 ], [ -46.9051971, -23.5287748 ], [ -46.9050328, -23.5287484 ], [ -46.9048926, -23.5287238 ], [ -46.904737, -23.5286906 ], [ -46.9045734, -23.52865 ], [ -46.9043978, -23.528599 ], [ -46.9042375, -23.5285461 ], [ -46.904078, -23.5284851 ], [ -46.9039251, -23.52842 ], [ -46.9037802, -23.5283518 ], [ -46.9036126, -23.5282645 ], [ -46.9034604, -23.5281809 ], [ -46.901218, -23.5269002 ], [ -46.901033, -23.5267954 ], [ -46.9008774, -23.5267103 ], [ -46.9006937, -23.5266144 ], [ -46.9005073, -23.5265252 ], [ -46.9003074, -23.5264354 ], [ -46.9000855, -23.5263427 ], [ -46.899946, -23.5262897 ], [ -46.8998025, -23.526243 ], [ -46.899658, -23.5262049 ], [ -46.8995068, -23.5261723 ], [ -46.8993479, -23.5261483 ], [ -46.8991936, -23.5261348 ], [ -46.8990481, -23.5261305 ], [ -46.8988839, -23.5261347 ], [ -46.8987377, -23.52614830000001 ], [ -46.8985814, -23.5261717 ], [ -46.8984279, -23.5262019 ], [ -46.8982522, -23.5262412 ], [ -46.8977419, -23.5263665 ], [ -46.8975669, -23.5264084 ], [ -46.89741, -23.526440899999983 ], [ -46.8972543, -23.5264662 ], [ -46.8970861, -23.5264841 ], [ -46.8969318, -23.5264896 ], [ -46.8967777, -23.5264864 ], [ -46.896612, -23.526473 ], [ -46.8964531, -23.5264501 ], [ -46.8962922, -23.5264157 ], [ -46.8961312, -23.5263709 ], [ -46.8959582, -23.5263143 ], [ -46.8957872, -23.526249799999988 ], [ -46.8956129, -23.5261772 ], [ -46.8954593, -23.5261047 ], [ -46.8953032, -23.5260235 ], [ -46.8951469, -23.525935 ], [ -46.8949973, -23.5258409 ], [ -46.8948599, -23.5257456 ], [ -46.8947385, -23.5256534 ], [ -46.8946312, -23.5255581 ], [ -46.8945162, -23.5254455 ], [ -46.8944207, -23.5253411 ], [ -46.8943368, -23.5252391 ], [ -46.8942483, -23.5251172 ], [ -46.8941705, -23.5249962 ], [ -46.8940928, -23.5248573 ], [ -46.894027, -23.5247164 ], [ -46.8939613, -23.5245584 ], [ -46.893893, -23.5243758 ], [ -46.893215, -23.5225301 ], [ -46.8931433, -23.5223542 ], [ -46.8930789, -23.5222043 ], [ -46.8929977, -23.5220339 ], [ -46.8929206, -23.5218876 ], [ -46.8928422, -23.521748 ], [ -46.8927469, -23.5215907 ], [ -46.892641, -23.5214259 ], [ -46.8925284, -23.521266 ], [ -46.8923983, -23.5210963 ], [ -46.8922857, -23.5209567 ], [ -46.8921783, -23.5208307 ], [ -46.8920596, -23.5207003 ], [ -46.8911243, -23.5197092 ], [ -46.8909881, -23.5195604 ], [ -46.8908693, -23.5194276 ], [ -46.8907554, -23.5192936 ], [ -46.8906548, -23.5191663 ], [ -46.8905515, -23.5190212 ], [ -46.8904584, -23.5188804 ], [ -46.8903772, -23.5187439 ], [ -46.8903008, -23.5186013 ], [ -46.890237, -23.5184704 ], [ -46.890176, -23.518327700000011 ], [ -46.8901284, -23.5182034 ], [ -46.8900842, -23.5180743 ], [ -46.890046, -23.5179446 ], [ -46.8900098, -23.5178081 ], [ -46.8899782, -23.517671 ], [ -46.8899508, -23.51754 ], [ -46.8898287, -23.5168797 ], [ -46.8897868, -23.5166516 ], [ -46.8897605, -23.5164883 ], [ -46.8897449, -23.5163743 ], [ -46.8896235, -23.515468 ], [ -46.8895947, -23.5152897 ], [ -46.8895659, -23.5151187 ], [ -46.8890482, -23.512246 ], [ -46.889016, -23.512096 ], [ -46.8889757, -23.5119299 ], [ -46.8889341, -23.5117885 ], [ -46.8888806, -23.5116447 ], [ -46.8888175, -23.5115021 ], [ -46.8887492, -23.5113729 ], [ -46.8886821, -23.5112622 ], [ -46.8885896, -23.5111294 ], [ -46.8884956, -23.5110114 ], [ -46.8883803, -23.510884699999988 ], [ -46.8882542, -23.5107709 ], [ -46.8881148, -23.5106608 ], [ -46.8879766, -23.5105625 ], [ -46.8878385, -23.5104813 ], [ -46.8876722, -23.5103952 ], [ -46.8875327, -23.5103374 ], [ -46.8873879, -23.5102858 ], [ -46.8872296, -23.5102403 ], [ -46.8870486, -23.5102021 ], [ -46.8868474, -23.5101696 ], [ -46.8867207, -23.5101597 ], [ -46.8865816, -23.5101554 ], [ -46.8864311, -23.5101591 ], [ -46.8862976, -23.5101695 ], [ -46.8861595, -23.5101881 ], [ -46.886011, -23.5102157 ], [ -46.8858745, -23.5102489 ], [ -46.8857162, -23.5102956 ], [ -46.8855573, -23.5103491 ], [ -46.8853736, -23.510416 ], [ -46.8797108, -23.5125743 ], [ -46.8795291, -23.512640699999988 ], [ -46.8793567, -23.5126967 ], [ -46.8791884, -23.5127428 ], [ -46.8790157, -23.5127825 ], [ -46.8788444, -23.5128148 ], [ -46.878666, -23.5128412 ], [ -46.8785004, -23.5128578 ], [ -46.878314, -23.5128688 ], [ -46.8781578, -23.5128719 ], [ -46.8779902, -23.5128689 ], [ -46.8778171, -23.5128584 ], [ -46.8776113, -23.5128382 ], [ -46.8768291, -23.5127512 ], [ -46.8766049, -23.5127236 ], [ -46.8763962, -23.5126943 ], [ -46.8734216, -23.5122362 ], [ -46.8732949, -23.5122144 ], [ -46.8731374, -23.5121852 ], [ -46.8729757, -23.5121483 ], [ -46.8728215, -23.5121065 ], [ -46.8726733, -23.5120585 ], [ -46.8725218, -23.5120019 ], [ -46.8723823, -23.5119411 ], [ -46.8722589, -23.5118808 ], [ -46.8721235, -23.511807 ], [ -46.8719954, -23.5117295 ], [ -46.8718599, -23.5116385 ], [ -46.8717318, -23.511540799999988 ], [ -46.8716239, -23.5114516 ], [ -46.8715193, -23.5113606 ], [ -46.8714294, -23.5112776 ], [ -46.8713335, -23.5111865 ], [ -46.8706295, -23.5105164 ], [ -46.8704997, -23.5103946 ], [ -46.870382, -23.5102888 ], [ -46.8702714, -23.5101938 ], [ -46.8701561, -23.5101019 ], [ -46.8700374, -23.510017 ], [ -46.869912, -23.5099384 ], [ -46.8697718, -23.5098621 ], [ -46.8696444, -23.5098025 ], [ -46.869511, -23.509749 ], [ -46.8693661, -23.5096992 ], [ -46.8692227, -23.5096586 ], [ -46.869063, -23.5096236 ], [ -46.8689142, -23.5096008 ], [ -46.8687576, -23.5095858 ], [ -46.8686024, -23.5095806 ], [ -46.8684475, -23.5095842 ], [ -46.8682892, -23.5095971 ], [ -46.8681303, -23.5096198 ], [ -46.8679908, -23.5096475 ], [ -46.8678521, -23.509682 ], [ -46.8677105, -23.5097261 ], [ -46.867575, -23.5097767 ], [ -46.8674591, -23.5098283 ], [ -46.8673344, -23.509891 ], [ -46.8671815, -23.5099795 ], [ -46.8670507, -23.5100674 ], [ -46.8669515, -23.5101431 ], [ -46.8668576, -23.5102218 ], [ -46.866759, -23.5103153 ], [ -46.8666628, -23.5104183 ], [ -46.8665827, -23.5105126 ], [ -46.8664955, -23.5106312 ], [ -46.866417, -23.5107512 ], [ -46.8663493, -23.5108656 ], [ -46.866275, -23.5110046 ], [ -46.8662065, -23.511143 ], [ -46.8657813, -23.5120469 ], [ -46.8656982, -23.512214 ], [ -46.8656244, -23.5123542 ], [ -46.8655474, -23.5124925 ], [ -46.8654549, -23.5126414 ], [ -46.8653575, -23.5127859 ], [ -46.8652503, -23.512931 ], [ -46.8651503, -23.5130571 ], [ -46.8650411, -23.5131824 ], [ -46.86492650000001, -23.5133055 ], [ -46.8648239, -23.51341 ], [ -46.8647099, -23.5135175 ], [ -46.8645843, -23.5136277 ], [ -46.8644523, -23.5137352 ], [ -46.8643029, -23.5138478 ], [ -46.8641586, -23.5139455 ], [ -46.8639729, -23.5140617 ], [ -46.8637714, -23.514177 ], [ -46.8635699, -23.5142874 ], [ -46.8595523, -23.5164232 ], [ -46.8592859, -23.5165641 ], [ -46.8589806, -23.5167229 ], [ -46.8573298, -23.5175652 ], [ -46.8572077, -23.5176254 ], [ -46.8570958, -23.5176764 ], [ -46.8569596, -23.5177313 ], [ -46.8568302, -23.517773 ], [ -46.8566874, -23.5178105 ], [ -46.8565385, -23.5178413 ], [ -46.8563856, -23.5178616 ], [ -46.856234, -23.5178732 ], [ -46.8560724, -23.5178757 ], [ -46.8559169, -23.5178678 ], [ -46.8557727, -23.5178524 ], [ -46.8556339, -23.517829 ], [ -46.855479, -23.5177952 ], [ -46.855304, -23.5177497 ], [ -46.8551464, -23.5177036 ], [ -46.8544799, -23.5175056 ], [ -46.8542573, -23.5174346 ], [ -46.854028, -23.5173587 ], [ -46.8532112, -23.5170868 ], [ -46.85303480000001, -23.5170315 ], [ -46.8528531, -23.5169799 ], [ -46.8526774, -23.5169368 ], [ -46.8524803, -23.5168968 ], [ -46.852314, -23.5168692 ], [ -46.8520914, -23.5168409 ], [ -46.8519016, -23.5168231 ], [ -46.8516622, -23.5168071 ], [ -46.8504773, -23.5167554 ], [ -46.8501622, -23.5167382 ], [ -46.8498672, -23.5167198 ], [ -46.8496003, -23.5167008 ], [ -46.8492985, -23.5166768 ], [ -46.8442673, -23.5162396 ], [ -46.8440809, -23.5162255 ], [ -46.843867, -23.5162137 ], [ -46.8436679, -23.51621 ], [ -46.8434607, -23.5162107 ], [ -46.8432146, -23.5162205 ], [ -46.8429785, -23.5162341 ], [ -46.8410554, -23.5163798 ], [ -46.840824, -23.5163992 ], [ -46.8406195, -23.5164198 ], [ -46.8403862, -23.516448 ], [ -46.8401404, -23.5164834 ], [ -46.8399088, -23.5165213 ], [ -46.8391933, -23.5166498 ], [ -46.8390076, -23.5166848 ], [ -46.8388211, -23.5167265 ], [ -46.838632, -23.5167752 ], [ -46.8384557, -23.5168269 ], [ -46.8378073, -23.5170195 ], [ -46.8376745, -23.5170621 ], [ -46.8375498, -23.5171047 ], [ -46.8374043, -23.5171612 ], [ -46.8372614, -23.5172215 ], [ -46.8371146, -23.5172916 ], [ -46.8369496, -23.5173796 ], [ -46.8367062, -23.5175154 ], [ -46.8363904, -23.5176962 ], [ -46.8362295, -23.517789 ], [ -46.8360887, -23.5178767 ], [ -46.8359377, -23.5179791 ], [ -46.8335774, -23.5196514 ], [ -46.8334279, -23.5197554 ], [ -46.8332817, -23.5198525 ], [ -46.8331254, -23.519949 ], [ -46.8329404, -23.520054099999985 ], [ -46.8327661, -23.5201433 ], [ -46.8325649, -23.5202368 ], [ -46.8323872, -23.5203112 ], [ -46.8321907, -23.5203831 ], [ -46.8319849, -23.5204501 ], [ -46.8317884, -23.5205048 ], [ -46.8315825, -23.5205541 ], [ -46.8313821, -23.520594 ], [ -46.831154, -23.5206297 ], [ -46.8309435, -23.5206566 ], [ -46.828667, -23.520891 ], [ -46.8284785, -23.5209136 ], [ -46.8283042, -23.5209389 ], [ -46.8281372, -23.5209703 ], [ -46.8279461, -23.5210189 ], [ -46.8277637, -23.5210742 ], [ -46.8276001, -23.5211344 ], [ -46.8274546, -23.5211984 ], [ -46.8273138, -23.5212684 ], [ -46.8271529, -23.5213558 ], [ -46.8269853, -23.521451 ], [ -46.8263026, -23.5218574 ], [ -46.8261558, -23.521938 ], [ -46.8260156, -23.5220069 ], [ -46.8258778, -23.5220678 ], [ -46.8257266, -23.5221231 ], [ -46.8255791, -23.5221686 ], [ -46.8254389, -23.5222043 ], [ -46.8253028, -23.5222331 ], [ -46.8251607, -23.5222559 ], [ -46.8249987, -23.5222747 ], [ -46.8248099, -23.5222872 ], [ -46.82459, -23.5222946 ], [ -46.8237867, -23.5223112 ], [ -46.8236264, -23.5223168 ], [ -46.8234548, -23.5223266 ], [ -46.8232918, -23.5223419 ], [ -46.8231295, -23.5223647 ], [ -46.8229853, -23.5223912 ], [ -46.8228365, -23.522428 ], [ -46.822683, -23.5224742 ], [ -46.8225341, -23.5225258 ], [ -46.8223953, -23.5225805 ], [ -46.822249, -23.522643799999987 ], [ -46.8221137, -23.5227066 ], [ -46.8215423, -23.5229709 ], [ -46.8213834, -23.5230395 ], [ -46.8212339, -23.5230995 ], [ -46.8210803, -23.5231511 ], [ -46.8209275, -23.5231935 ], [ -46.8207765, -23.5232267 ], [ -46.8206096, -23.5232537 ], [ -46.8204453, -23.523271 ], [ -46.8202589, -23.5232809 ], [ -46.8200798, -23.5232839 ], [ -46.8185135, -23.5232821 ], [ -46.8177393, -23.5232781 ], [ -46.8175392, -23.5232815 ], [ -46.8172803, -23.5232894 ], [ -46.8170342, -23.5233004 ], [ -46.8147269, -23.5234603 ], [ -46.8144633, -23.5234779 ], [ -46.8133401, -23.5235593 ], [ -46.8131229, -23.5235747 ], [ -46.8128477, -23.5235928 ], [ -46.8126395, -23.5236035 ], [ -46.8124739, -23.5236091 ], [ -46.8122928, -23.5236085 ], [ -46.8121245, -23.5236006 ], [ -46.8119642, -23.5235888 ], [ -46.8117872, -23.5235679 ], [ -46.8115993, -23.5235378 ], [ -46.8114298, -23.5235058 ], [ -46.8112413, -23.5234647 ], [ -46.8085812, -23.5228319 ], [ -46.8083861, -23.5227895 ], [ -46.8081917, -23.5227508 ], [ -46.8079898, -23.5227183 ], [ -46.8077907, -23.5226912 ], [ -46.8076056, -23.5226734 ], [ -46.8074085, -23.5226617 ], [ -46.807167, -23.5226549 ], [ -46.8069814, -23.5226556 ], [ -46.8067815, -23.5226623 ], [ -46.806577, -23.5226767 ], [ -46.8063718, -23.5226992 ], [ -46.806178, -23.5227269 ], [ -46.8059734, -23.5227618 ], [ -46.8057783, -23.5228018 ], [ -46.8055859, -23.5228495 ], [ -46.8053847, -23.522907 ], [ -46.8052165, -23.5229599 ], [ -46.8050293, -23.5230251 ], [ -46.8048234, -23.5231062 ], [ -46.8045981, -23.5232046 ], [ -46.8044224, -23.5232907 ], [ -46.8042484, -23.5233801 ], [ -46.8040268, -23.5235015 ], [ -46.8022941, -23.5244698 ], [ -46.802107, -23.52457 ], [ -46.8019374, -23.524658 ], [ -46.8017356, -23.5247533 ], [ -46.8015525, -23.5248314 ], [ -46.8013835, -23.5248977 ], [ -46.8012126, -23.5249592 ], [ -46.8010221, -23.5250194 ], [ -46.8008303, -23.5250742 ], [ -46.800646, -23.5251191 ], [ -46.8004582, -23.5251603 ], [ -46.8002517, -23.5251972 ], [ -46.8000555, -23.5252264 ], [ -46.7998646, -23.5252487 ], [ -46.7996374, -23.525271 ], [ -46.7974776, -23.5254442 ], [ -46.7972496, -23.5254635 ], [ -46.7949919, -23.5256857 ], [ -46.7947848, -23.5257069 ], [ -46.7942602, -23.5257666 ], [ -46.794044, -23.5257888 ], [ -46.7932464, -23.5258661 ], [ -46.7930378, -23.5258839 ], [ -46.7928293, -23.5258975 ], [ -46.7926643, -23.5259006 ], [ -46.7925095, -23.5258962 ], [ -46.7923438, -23.5258821 ], [ -46.7921896, -23.5258606 ], [ -46.7920381, -23.525831 ], [ -46.7918959, -23.5257942 ], [ -46.7917363, -23.525745 ], [ -46.7915861, -23.5256878 ], [ -46.7914258, -23.5256146 ], [ -46.7912582, -23.5255242 ], [ -46.7911207, -23.5254413 ], [ -46.7910034, -23.5253595 ], [ -46.7908927, -23.5252734 ], [ -46.7907969, -23.5251899 ], [ -46.7907057, -23.5251045 ], [ -46.7905931, -23.5249858 ], [ -46.790471, -23.524848 ], [ -46.7897709, -23.52401 ], [ -46.7896509, -23.5238753 ], [ -46.7895449, -23.5237659 ], [ -46.7894369, -23.523665 ], [ -46.7893269, -23.5235728 ], [ -46.7891935, -23.5234744 ], [ -46.7890515, -23.5233828 ], [ -46.7889093, -23.5233053 ], [ -46.788759, -23.5232322 ], [ -46.7886189, -23.523175 ], [ -46.7884533, -23.5231167 ], [ -46.7883027, -23.5230736 ], [ -46.788112, -23.523033 ], [ -46.787939, -23.5230085 ], [ -46.7877733, -23.5229949 ], [ -46.7875876, -23.5229906 ], [ -46.7874159, -23.522998 ], [ -46.7872435, -23.523014 ], [ -46.7870753, -23.5230408 ], [ -46.7869023, -23.5230786 ], [ -46.7867366, -23.5231197 ], [ -46.786561, -23.5231689 ], [ -46.7812897, -23.5247545 ], [ -46.7810628, -23.5248256 ], [ -46.7808217, -23.5249021 ], [ -46.7805672, -23.5249903 ], [ -46.7803349, -23.5250761 ], [ -46.7801224, -23.5251596 ], [ -46.7799309, -23.5252374 ], [ -46.7797187, -23.52533 ], [ -46.7795021, -23.5254278 ], [ -46.779258, -23.5255428 ], [ -46.7790717, -23.525635 ], [ -46.778859, -23.5257437 ], [ -46.7782394, -23.5260727 ], [ -46.7780295, -23.5261874 ], [ -46.7778076, -23.526313099999989 ], [ -46.7776325, -23.5264164 ], [ -46.7774415, -23.5265339 ], [ -46.7772524, -23.5266574 ], [ -46.777076, -23.5267791 ], [ -46.7768748, -23.526923 ], [ -46.7756497, -23.5278126 ], [ -46.775519, -23.527910099999989 ], [ -46.77504960000001, -23.5282701 ], [ -46.7743529, -23.5288001 ], [ -46.7742221, -23.5288962 ], [ -46.7740968, -23.5289887 ], [ -46.7734373, -23.5294749 ], [ -46.7731963, -23.5296549 ], [ -46.7714166, -23.5310109 ], [ -46.7712724, -23.5311153 ], [ -46.7711214, -23.5312174 ], [ -46.7709666, -23.5313121 ], [ -46.7708158, -23.5313975 ], [ -46.7706636, -23.5314768 ], [ -46.7704469, -23.531582 ], [ -46.7702879, -23.531649 ], [ -46.7700996, -23.5317202 ], [ -46.7664001, -23.5330531 ], [ -46.7662456, -23.5331056 ], [ -46.7660997, -23.5331515 ], [ -46.7659609, -23.5331908 ], [ -46.7658066, -23.5332258 ], [ -46.7656445, -23.5332554 ], [ -46.7654976, -23.5332745 ], [ -46.7653528, -23.5332837 ], [ -46.7652294, -23.5332873 ], [ -46.7650993, -23.5332867 ], [ -46.7649658, -23.5332775 ], [ -46.7648203, -23.5332609 ], [ -46.7646796, -23.5332375 ], [ -46.7645257, -23.533204 ], [ -46.7643771, -23.5331644 ], [ -46.7642524, -23.5331232 ], [ -46.7641162, -23.5330709 ], [ -46.7639942, -23.5330162 ], [ -46.7638515, -23.5329442 ], [ -46.7637367, -23.5328785 ], [ -46.7636207, -23.5328035 ], [ -46.7635148, -23.5327279 ], [ -46.7634215, -23.5326532 ], [ -46.763311, -23.5325612 ], [ -46.7631969, -23.5324543 ], [ -46.7603879, -23.5298058 ], [ -46.7602726, -23.5296998 ], [ -46.7601378, -23.529587 ], [ -46.7600238, -23.5295002 ], [ -46.7598965, -23.5294142 ], [ -46.7597583, -23.5293336 ], [ -46.7596386, -23.529274 ], [ -46.7595021, -23.5292124 ], [ -46.759368, -23.5291584 ], [ -46.7584581, -23.5288037 ], [ -46.7582536, -23.5287302 ], [ -46.7580993, -23.5286832 ], [ -46.7579364, -23.5286438 ], [ -46.7577601, -23.5286112 ], [ -46.7575885, -23.5285897 ], [ -46.7574289, -23.5285786 ], [ -46.7572686, -23.5285763 ], [ -46.7571144, -23.5285823 ], [ -46.7569601, -23.5285952 ], [ -46.7567938, -23.5286192 ], [ -46.7566342, -23.5286512 ], [ -46.7564619, -23.5286967 ], [ -46.756307, -23.5287465 ], [ -46.7561179, -23.5288184 ], [ -46.7529067, -23.530203 ], [ -46.7527001, -23.5302884 ], [ -46.7525103, -23.5303616 ], [ -46.7523454, -23.53042 ], [ -46.7521496, -23.5304815 ], [ -46.7519733, -23.5305319 ], [ -46.75177, -23.5305829 ], [ -46.7515682, -23.5306266 ], [ -46.7513704, -23.5306629 ], [ -46.7511666, -23.5306942 ], [ -46.7509586, -23.5307188 ], [ -46.7507501, -23.5307378 ], [ -46.7505101, -23.5307502 ], [ -46.7502653, -23.5307538 ], [ -46.7484622, -23.5307519 ], [ -46.7482135, -23.5307465 ], [ -46.7479962, -23.5307357 ], [ -46.7478031, -23.53072 ], [ -46.747605900000011, -23.5306955 ], [ -46.7474041, -23.5306628 ], [ -46.7472123, -23.5306254 ], [ -46.7470219, -23.5305798 ], [ -46.7468375, -23.5305293 ], [ -46.7466611, -23.5304735 ], [ -46.7464707, -23.5304058 ], [ -46.746293, -23.5303357 ], [ -46.746112, -23.5302558 ], [ -46.7459403, -23.5301716 ], [ -46.7457559, -23.530072 ], [ -46.7455822, -23.5299688 ], [ -46.7454152, -23.529861799999988 ], [ -46.7452557, -23.529748 ], [ -46.7451067, -23.5296349 ], [ -46.7414684, -23.5267558 ], [ -46.741239, -23.5265744 ], [ -46.7362447, -23.5226058 ], [ -46.7360339, -23.5224445 ], [ -46.7349447, -23.5215872 ], [ -46.7331474, -23.5201617 ], [ -46.7330127, -23.5200579 ], [ -46.7328685, -23.5199539 ], [ -46.7327412, -23.5198685 ], [ -46.732607, -23.5197879 ], [ -46.7324601, -23.5197092 ], [ -46.7323153, -23.519641 ], [ -46.7321672, -23.5195819 ], [ -46.7320243, -23.5195335 ], [ -46.731866, -23.5194885 ], [ -46.7317111, -23.5194534 ], [ -46.73155220000001, -23.5194258 ], [ -46.7313799, -23.5194055 ], [ -46.7312128, -23.519395 ], [ -46.7310533, -23.5193907 ], [ -46.7308891, -23.5193932 ], [ -46.7306939, -23.5193987 ], [ -46.7293468, -23.5194541 ], [ -46.7291403, -23.519459 ], [ -46.7289565, -23.519462 ], [ -46.7287842, -23.5194572 ], [ -46.7286212, -23.5194455 ], [ -46.7284705, -23.5194282 ], [ -46.7283074, -23.5194055 ], [ -46.7281439, -23.5193772 ], [ -46.7279762, -23.5193458 ], [ -46.7265935, -23.5190803 ], [ -46.726332, -23.5190311 ], [ -46.7261301, -23.518996 ], [ -46.7259394, -23.5189677 ], [ -46.7257527, -23.5189456 ], [ -46.7255441, -23.5189277 ], [ -46.7253409, -23.5189155 ], [ -46.7235035, -23.5188282 ], [ -46.7232468, -23.5188153 ], [ -46.7225889, -23.5187833 ], [ -46.722139, -23.518764199999989 ], [ -46.7209119, -23.5187224 ], [ -46.720675, -23.5187193 ], [ -46.7204783, -23.5187186 ], [ -46.7197342, -23.5187228 ], [ -46.7195322, -23.5187214 ], [ -46.7187353, -23.5187058 ], [ -46.7185274, -23.5187052 ], [ -46.7183491, -23.518711299999989 ], [ -46.7181485, -23.5187297 ], [ -46.7179876, -23.5187537 ], [ -46.7178072, -23.5187906 ], [ -46.7176557, -23.5188312 ], [ -46.7175021, -23.5188804 ], [ -46.7173331, -23.518945599999988 ], [ -46.7171863, -23.5190095 ], [ -46.7170328, -23.5190803 ], [ -46.7158278, -23.5196613 ], [ -46.7156736, -23.5197326 ], [ -46.7155193, -23.5197996 ], [ -46.7153629, -23.51986 ], [ -46.7152207, -23.5199093 ], [ -46.7150785, -23.5199511 ], [ -46.7149156, -23.5199923 ], [ -46.7147366, -23.5200284 ], [ -46.7145589, -23.5200581 ], [ -46.7143913, -23.5200808 ], [ -46.7128269, -23.5202775 ], [ -46.7126388, -23.5202987 ], [ -46.7124722, -23.5203126 ], [ -46.7123099, -23.5203187 ], [ -46.7121562, -23.5203157 ], [ -46.7120007, -23.5203021 ], [ -46.7118458, -23.5202775 ], [ -46.7116903, -23.5202418 ], [ -46.7115348, -23.5201939 ], [ -46.711394, -23.5201379 ], [ -46.7112531, -23.5200722 ], [ -46.7111123, -23.5199966 ], [ -46.7109795, -23.5199185 ], [ -46.7107683, -23.5197875 ], [ -46.7074558, -23.5176914 ], [ -46.7072664, -23.5175734 ], [ -46.7071178, -23.5174854 ], [ -46.7070011, -23.5174221 ], [ -46.706869, -23.5173582 ], [ -46.7067457, -23.5173078 ], [ -46.7066117, -23.5172629 ], [ -46.70647, -23.5172272 ], [ -46.7063453, -23.5172026 ], [ -46.7061978, -23.517183 ], [ -46.7060677, -23.5171738 ], [ -46.7059363, -23.5171726 ], [ -46.7057968, -23.5171806 ], [ -46.7056627, -23.5171946 ], [ -46.7055206, -23.5172199 ], [ -46.7053717, -23.5172561 ], [ -46.7052328, -23.5173004 ], [ -46.7050994, -23.517350199999989 ], [ -46.7049412, -23.5174163 ], [ -46.7048024, -23.5174769 ], [ -46.7010426, -23.5191696 ], [ -46.6959242, -23.52145 ], [ -46.6957344, -23.5215318 ], [ -46.6955507, -23.5216065 ], [ -46.6953818, -23.5216714 ], [ -46.6951907, -23.5217377 ], [ -46.6950123, -23.5217931 ], [ -46.6948413, -23.5218411 ], [ -46.6946683, -23.5218853 ], [ -46.6944779, -23.521927 ], [ -46.694329, -23.5219548 ], [ -46.6941734, -23.5219812 ], [ -46.6939877, -23.522007 ], [ -46.6938174, -23.5220261 ], [ -46.693641, -23.522042099999986 ], [ -46.6934687, -23.5220531 ], [ -46.6846047, -23.5224882 ], [ -46.6843412, -23.5225039 ], [ -46.68413, -23.522521 ], [ -46.6839596, -23.5225401 ], [ -46.6837691, -23.5225678 ], [ -46.6835808, -23.522600899999986 ], [ -46.6833964, -23.5226397 ], [ -46.6832247, -23.5226815 ], [ -46.6830443, -23.5227301 ], [ -46.6828666, -23.5227848 ], [ -46.6826782, -23.5228481 ], [ -46.6824931, -23.5229176 ], [ -46.6823147, -23.5229908 ], [ -46.6821438, -23.5230683 ], [ -46.6819774, -23.5231501 ], [ -46.6817951, -23.523246 ], [ -46.6801951, -23.5241282 ], [ -46.6800201, -23.5242204 ], [ -46.6798531, -23.5243047 ], [ -46.6796915, -23.5243802 ], [ -46.6795176, -23.5244552 ], [ -46.6793489, -23.5245222 ], [ -46.6791732, -23.5245852 ], [ -46.6790014, -23.5246427 ], [ -46.6788245, -23.5246957 ], [ -46.6786454, -23.5247424 ], [ -46.6784383, -23.5247898 ], [ -46.6782466, -23.5248278 ], [ -46.6780513, -23.5248603 ], [ -46.6778683, -23.524885 ], [ -46.6776618, -23.5249071 ], [ -46.6774833, -23.5249201 ], [ -46.6773051, -23.5249262 ], [ -46.6771264, -23.5249268 ], [ -46.6769463, -23.5249225 ], [ -46.6764246, -23.5249016 ], [ -46.6762509, -23.5248954 ], [ -46.6760739, -23.524893 ], [ -46.6759043, -23.5248961 ], [ -46.6757319, -23.524905199999989 ], [ -46.670606, -23.5252987 ], [ -46.6704534, -23.5253144 ], [ -46.6702603, -23.5253383 ], [ -46.6701074, -23.5253642 ], [ -46.6699592, -23.525395499999988 ], [ -46.6694509, -23.5255129 ], [ -46.669313, -23.5255423 ], [ -46.6691633, -23.5255646 ], [ -46.6690164, -23.5255836 ], [ -46.6688535, -23.5256021 ], [ -46.6687006, -23.5256162 ], [ -46.6658004, -23.52584250000001 ], [ -46.665614, -23.5258535 ], [ -46.6654618, -23.5258597 ], [ -46.665024, -23.5258584 ], [ -46.6647323, -23.5258689 ], [ -46.6644587, -23.5258923 ], [ -46.6642086, -23.525923 ], [ -46.6637738, -23.5259847 ], [ -46.6635552, -23.5260103 ], [ -46.6633513, -23.5260297 ], [ -46.6606372, -23.5262413 ], [ -46.66041460000001, -23.5262598 ], [ -46.6601618, -23.5262843 ], [ -46.6599438, -23.5263103 ], [ -46.6597268, -23.5263393 ], [ -46.6595233, -23.5263714 ], [ -46.6592994, -23.5264129 ], [ -46.6590855, -23.5264565 ], [ -46.6588663, -23.5265062 ], [ -46.6586281, -23.5265659 ], [ -46.6584041, -23.5266271 ], [ -46.6582043, -23.5266853 ], [ -46.6514187, -23.5286317 ], [ -46.651204, -23.5286883 ], [ -46.6509949, -23.5287375 ], [ -46.6507676, -23.5287823 ], [ -46.6505302, -23.5288193 ], [ -46.6503491, -23.5288408 ], [ -46.6501406, -23.5288585 ], [ -46.6499341, -23.528869 ], [ -46.6497292, -23.5288718 ], [ -46.649523, -23.5288678 ], [ -46.6492998, -23.5288555 ], [ -46.6490616, -23.5288353 ], [ -46.6464576, -23.5285678 ], [ -46.6462674, -23.5285524 ], [ -46.64611, -23.5285426 ], [ -46.6459585, -23.5285365 ], [ -46.6457814, -23.5285365 ], [ -46.6456224, -23.5285417 ], [ -46.6454561, -23.5285543 ], [ -46.6452831, -23.5285732 ], [ -46.6451161, -23.5285985 ], [ -46.6449399, -23.5286311 ], [ -46.6447805, -23.5286668 ], [ -46.6446092, -23.5287117 ], [ -46.6444355, -23.5287657 ], [ -46.6442743, -23.5288217 ], [ -46.6441117, -23.5288851 ], [ -46.6439602, -23.5289515 ], [ -46.6437999, -23.5290301 ], [ -46.6436423, -23.5291149 ], [ -46.6434974, -23.529201 ], [ -46.6433442, -23.5293012 ], [ -46.6432112, -23.5293971 ], [ -46.643081, -23.5294992 ], [ -46.6429308, -23.5296253 ], [ -46.6428014, -23.5297464 ], [ -46.6426807, -23.5298663 ], [ -46.6425822, -23.5299756 ], [ -46.6424658, -23.530113 ], [ -46.6423534, -23.5302578 ], [ -46.6417547, -23.5310811 ], [ -46.6416649, -23.5312125 ], [ -46.6416004, -23.5313184 ], [ -46.6415374, -23.5314358 ], [ -46.6414784, -23.5315615 ], [ -46.6413966, -23.5317561 ], [ -46.6413484, -23.5318662 ], [ -46.6412937, -23.5319762 ], [ -46.641235, -23.5320788 ], [ -46.6411755, -23.5321726 ], [ -46.6411052, -23.5322727 ], [ -46.6410388, -23.5323617 ], [ -46.6402299, -23.5334209 ] ] ] } },
{ "type": "Feature", "properties": { "fid": 31, "Name": "Linha 8 - Diamante > JPR", "description": "Itapevi > Júlio Prestes • 35.5km • 20 estações • 55min • 332mil pass/d (MDU 2024) • 362mil pass/d (Mar/2024)", "Status_Obra": "Construído", "Modal": "Trem", "N_Linha": 8, "data_abertura": "1875-12-10" }, "geometry": { "type": "MultiLineString", "coordinates": [ [ [ -46.6403267, -23.5334795 ], [ -46.6410992, -23.5324521 ], [ -46.6411746, -23.5323433 ], [ -46.6412388, -23.532244 ], [ -46.6412973, -23.5321459 ], [ -46.6413536, -23.532042 ], [ -46.6414006, -23.5319425 ], [ -46.6416279, -23.531399 ], [ -46.6416796, -23.531295199999988 ], [ -46.6417339, -23.5311936 ], [ -46.6417902, -23.5311008 ], [ -46.6418552, -23.5310062 ], [ -46.6424005, -23.5302574 ], [ -46.642507, -23.5301214 ], [ -46.642607, -23.530004 ], [ -46.642728, -23.5298746 ], [ -46.6428605, -23.5297439 ], [ -46.6429965, -23.5296192 ], [ -46.6431435, -23.5294986 ], [ -46.6432822, -23.5293928 ], [ -46.6434229, -23.5292946 ], [ -46.6435728, -23.5292014 ], [ -46.6437267, -23.5291125 ], [ -46.643885, -23.5290302 ], [ -46.6440459, -23.5289546 ], [ -46.6442149, -23.5288839 ], [ -46.6443765, -23.5288242 ], [ -46.644571, -23.5287609 ], [ -46.6447413, -23.528713 ], [ -46.6449156, -23.5286715 ], [ -46.645082, -23.5286398 ], [ -46.645259, -23.5286127 ], [ -46.6454588, -23.5285894 ], [ -46.6456714, -23.5285753 ], [ -46.6458578, -23.5285715 ], [ -46.6460265, -23.5285755 ], [ -46.6461957, -23.5285845 ], [ -46.6463915, -23.5285999 ], [ -46.649004, -23.5288684 ], [ -46.6492518, -23.5288912 ], [ -46.6494761, -23.5289036 ], [ -46.6496987, -23.5289097 ], [ -46.6499127, -23.5289072 ], [ -46.6501124, -23.528898 ], [ -46.650315, -23.5288814 ], [ -46.6505249, -23.5288577 ], [ -46.6507314, -23.5288267 ], [ -46.6509325, -23.5287891 ], [ -46.6511625, -23.5287364 ], [ -46.6514005, -23.528673 ], [ -46.6582287, -23.5267173 ], [ -46.6584843, -23.5266435 ], [ -46.658735, -23.5265765 ], [ -46.6589966, -23.5265144 ], [ -46.6592413, -23.5264627 ], [ -46.6594787, -23.5264176 ], [ -46.659716, -23.5263792 ], [ -46.6599574, -23.5263453 ], [ -46.6601962, -23.5263164 ], [ -46.6604208, -23.526294 ], [ -46.6606844, -23.5262715 ], [ -46.6608875, -23.5262574 ], [ -46.6610407, -23.5262486 ], [ -46.6611927, -23.5262426 ], [ -46.6615798, -23.5262326 ], [ -46.6617309, -23.5262274 ], [ -46.6618883, -23.5262208 ], [ -46.6620348, -23.5262101 ], [ -46.6634148, -23.5260957 ], [ -46.663567, -23.5260803 ], [ -46.6638185, -23.5260527 ], [ -46.6639962, -23.5260385 ], [ -46.6641779, -23.5260281 ], [ -46.6643137, -23.526024 ], [ -46.6644576, -23.5260224 ], [ -46.6649022, -23.526017 ], [ -46.6650672, -23.5260127 ], [ -46.6652569, -23.5260035 ], [ -46.6654118, -23.5259948 ], [ -46.6685083, -23.5257526 ], [ -46.6687142, -23.5257318 ], [ -46.6689114, -23.5257012 ], [ -46.6691025, -23.5256625 ], [ -46.6692962, -23.5256136 ], [ -46.6697375, -23.5254907 ], [ -46.6699332, -23.5254409 ], [ -46.6701257, -23.5254003 ], [ -46.6703135, -23.5253699 ], [ -46.6705113, -23.5253468 ], [ -46.6706796, -23.5253316 ], [ -46.67558, -23.5249546 ], [ -46.6758496, -23.5249374 ], [ -46.6760702, -23.5249318 ], [ -46.67628, -23.5249343 ], [ -46.676911, -23.5249601 ], [ -46.677139, -23.524965 ], [ -46.6773506, -23.5249629 ], [ -46.6775709, -23.5249515 ], [ -46.6777632, -23.524935 ], [ -46.6779551, -23.5249128 ], [ -46.6781878, -23.5248771 ], [ -46.6783802, -23.5248409 ], [ -46.6785774, -23.524798199999985 ], [ -46.6787711, -23.5247487 ], [ -46.6789924, -23.5246847 ], [ -46.6791742, -23.5246269 ], [ -46.6793642, -23.5245582 ], [ -46.6795535, -23.5244826 ], [ -46.6797207, -23.5244095 ], [ -46.679895, -23.5243267 ], [ -46.6800822, -23.524231 ], [ -46.6818785, -23.5232454 ], [ -46.6821038, -23.5231329 ], [ -46.6823455, -23.5230225 ], [ -46.682545, -23.5229416 ], [ -46.6827328, -23.5228722 ], [ -46.6829138, -23.5228125 ], [ -46.6831079, -23.5227547 ], [ -46.6833195, -23.5226994 ], [ -46.6835461, -23.5226502 ], [ -46.6837627, -23.5226091 ], [ -46.6839679, -23.522579 ], [ -46.6841905, -23.5225543 ], [ -46.6844256, -23.5225365 ], [ -46.6846136, -23.5225248 ], [ -46.6933718, -23.5220956 ], [ -46.6936718, -23.5220754 ], [ -46.693882, -23.5220576 ], [ -46.6940678, -23.5220354 ], [ -46.6942954, -23.5220004 ], [ -46.6945212, -23.5219577 ], [ -46.6947256, -23.5219112 ], [ -46.6949435, -23.5218534 ], [ -46.6951732, -23.5217833 ], [ -46.6953599, -23.5217194 ], [ -46.6955578, -23.521645 ], [ -46.6957584, -23.5215631 ], [ -46.6959886, -23.5214627 ], [ -46.7010358, -23.5192104 ], [ -46.7048778, -23.5174849 ], [ -46.7050521, -23.5174118 ], [ -46.7052237, -23.5173454 ], [ -46.7053874, -23.5172931 ], [ -46.705547, -23.5172543 ], [ -46.7057133, -23.5172279 ], [ -46.7058662, -23.5172128 ], [ -46.7060211, -23.5172119 ], [ -46.7061572, -23.5172181 ], [ -46.7063081, -23.5172356 ], [ -46.7064569, -23.5172642 ], [ -46.7065961, -23.5173017 ], [ -46.7067318, -23.5173466 ], [ -46.7068774, -23.517405 ], [ -46.707035, -23.517484 ], [ -46.7071774, -23.517565 ], [ -46.7072971, -23.5176374 ], [ -46.7108471, -23.5198785 ], [ -46.7110268, -23.5199911 ], [ -46.711181, -23.5200799 ], [ -46.7113392, -23.5201571 ], [ -46.7114847, -23.5202176 ], [ -46.7116403, -23.5202696 ], [ -46.7117942, -23.5203071 ], [ -46.711948, -23.5203348 ], [ -46.7121103, -23.520352 ], [ -46.712282, -23.5203581 ], [ -46.712461, -23.5203507 ], [ -46.7126361, -23.5203366 ], [ -46.7128111, -23.5203163 ], [ -46.7145223, -23.5201005 ], [ -46.7147376, -23.5200679 ], [ -46.7149233, -23.5200304 ], [ -46.7150782, -23.5199917 ], [ -46.7152425, -23.5199431 ], [ -46.7154326, -23.5198764 ], [ -46.7155925, -23.5198109 ], [ -46.7157487, -23.5197402 ], [ -46.7171026, -23.5190885 ], [ -46.7172645, -23.5190156 ], [ -46.7174184, -23.5189532 ], [ -46.7175868, -23.5188954 ], [ -46.7177574, -23.5188471 ], [ -46.7179227, -23.5188106 ], [ -46.7180843, -23.5187835 ], [ -46.7182395, -23.518766 ], [ -46.718386, -23.5187565 ], [ -46.7185386, -23.5187531 ], [ -46.7187025, -23.5187558 ], [ -46.7204547, -23.5188272 ], [ -46.7206492, -23.5188339 ], [ -46.722005, -23.5188807 ], [ -46.722233, -23.5188868 ], [ -46.7234654, -23.5188948 ], [ -46.7237592, -23.5188985 ], [ -46.7240099, -23.5189034 ], [ -46.724244, -23.5189129 ], [ -46.725272, -23.518963 ], [ -46.7255425, -23.5189775 ], [ -46.725746, -23.518992 ], [ -46.7259539, -23.5190129 ], [ -46.7261638, -23.5190417 ], [ -46.7263864, -23.5190786 ], [ -46.7265983, -23.519118 ], [ -46.7281238, -23.5194119 ], [ -46.7283163, -23.5194463 ], [ -46.7285178, -23.5194752 ], [ -46.7287199, -23.5194936 ], [ -46.7289091, -23.5195004 ], [ -46.7290871, -23.519498 ], [ -46.7292744, -23.5194918 ], [ -46.7307389, -23.5194346 ], [ -46.7309428, -23.5194297 ], [ -46.7311403, -23.5194309 ], [ -46.7313129, -23.5194401 ], [ -46.7314672, -23.5194543 ], [ -46.7316312, -23.5194786 ], [ -46.7317837, -23.519509 ], [ -46.7319349, -23.5195481 ], [ -46.7320781, -23.5195927 ], [ -46.732247, -23.5196563 ], [ -46.732414, -23.5197322 ], [ -46.7325655, -23.51981 ], [ -46.7327144, -23.5198982 ], [ -46.7328472, -23.5199874 ], [ -46.7330111, -23.5201061 ], [ -46.7331495, -23.5202137 ], [ -46.7346925, -23.521436 ], [ -46.7349091, -23.5216105 ], [ -46.7350932, -23.5217609 ], [ -46.7352517, -23.5218933 ], [ -46.7362784, -23.5227418 ], [ -46.7364762, -23.5228992 ], [ -46.7401643, -23.5258313 ], [ -46.7403218, -23.5259543 ], [ -46.7404908, -23.5260822 ], [ -46.7411399, -23.5265556 ], [ -46.741335, -23.5267019 ], [ -46.7415241, -23.526847 ], [ -46.7450559, -23.5296443 ], [ -46.7452343, -23.5297802 ], [ -46.7454093, -23.5299047 ], [ -46.7455809, -23.5300157 ], [ -46.7457586, -23.5301197 ], [ -46.7459464, -23.5302202 ], [ -46.7461489, -23.5303164 ], [ -46.7463581, -23.5304055 ], [ -46.74658680000001, -23.530491 ], [ -46.7468067, -23.530561 ], [ -46.7470454, -23.5306262 ], [ -46.7472741, -23.5306784 ], [ -46.7475081, -23.5307197 ], [ -46.7477401, -23.5307513 ], [ -46.7479621, -23.5307731 ], [ -46.7482042, -23.5307854 ], [ -46.7484771, -23.5307903 ], [ -46.7498832, -23.5307928 ], [ -46.7502195, -23.5307916 ], [ -46.7504881, -23.530787299999989 ], [ -46.7507086, -23.5307768 ], [ -46.7509427, -23.5307608 ], [ -46.7511713, -23.5307375 ], [ -46.7514751, -23.5306988 ], [ -46.7517386, -23.530655100000011 ], [ -46.7519981, -23.5306053 ], [ -46.7522147, -23.5305555 ], [ -46.7524347, -23.5304996 ], [ -46.7526741, -23.5304307 ], [ -46.752892, -23.5303625 ], [ -46.7531233, -23.5302838 ], [ -46.7564754, -23.5290419 ], [ -46.7566679, -23.528979799999988 ], [ -46.7568694, -23.5289284 ], [ -46.7570562, -23.5288925 ], [ -46.7572271, -23.5288722 ], [ -46.7574226, -23.5288623 ], [ -46.757606, -23.528866 ], [ -46.7577763, -23.5288776 ], [ -46.75794, -23.5288993 ], [ -46.7580925, -23.528929 ], [ -46.7582484, -23.5289693 ], [ -46.7584093, -23.529019099999985 ], [ -46.7585695, -23.5290775 ], [ -46.7593152, -23.5293689 ], [ -46.7594701, -23.5294338 ], [ -46.7596269, -23.529511 ], [ -46.7597625, -23.5295897 ], [ -46.759904, -23.5296847 ], [ -46.7600401, -23.5297913 ], [ -46.7601601, -23.529897 ], [ -46.7602808, -23.5300059 ], [ -46.7629858, -23.5325689 ], [ -46.7631433, -23.5327116 ], [ -46.7632855, -23.5328324 ], [ -46.7634129, -23.5329286 ], [ -46.7635628, -23.5330282 ], [ -46.7637288, -23.533124 ], [ -46.763882, -23.5332003 ], [ -46.7640493, -23.5332691 ], [ -46.7642022, -23.533322 ], [ -46.7643554, -23.5333666 ], [ -46.7645106, -23.5334026 ], [ -46.7646756, -23.5334315 ], [ -46.7648439, -23.5334509 ], [ -46.7649982, -23.5334604 ], [ -46.7651386, -23.533460699999988 ], [ -46.7652952, -23.5334542 ], [ -46.76543, -23.5334419 ], [ -46.7655802, -23.5334216 ], [ -46.765726, -23.5333921 ], [ -46.7658853, -23.5333528 ], [ -46.7660704, -23.5332981 ], [ -46.7662588, -23.5332348 ], [ -46.7664874, -23.5331548 ], [ -46.7700715, -23.5318662 ], [ -46.7702514, -23.5317974 ], [ -46.7704219, -23.5317297 ], [ -46.7706073, -23.5316486 ], [ -46.7707897, -23.5315582 ], [ -46.7709761, -23.531454 ], [ -46.7711444, -23.5313516 ], [ -46.7713315, -23.5312323 ], [ -46.771475, -23.5311328 ], [ -46.7716226, -23.5310209 ], [ -46.7743201, -23.5289582 ], [ -46.7744891, -23.5288347 ], [ -46.7746494, -23.5287215 ], [ -46.774807, -23.5286112 ], [ -46.7752777, -23.5282891 ], [ -46.7754688, -23.528156599999988 ], [ -46.7776092, -23.5266128 ], [ -46.7778419, -23.5264523 ], [ -46.7780397, -23.5263207 ], [ -46.7782586, -23.5261867 ], [ -46.7784822, -23.5260526 ], [ -46.7786935, -23.525930299999988 ], [ -46.7789194, -23.525808 ], [ -46.7791542, -23.525689 ], [ -46.7793847, -23.5255755 ], [ -46.7796064, -23.5254713 ], [ -46.7798499, -23.5253641 ], [ -46.7801027, -23.5252595 ], [ -46.7803357, -23.5251676 ], [ -46.7806029, -23.5250696 ], [ -46.7808456, -23.524985 ], [ -46.7811501, -23.5248882 ], [ -46.786603, -23.5232479 ], [ -46.7867679, -23.5232035 ], [ -46.7869403, -23.5231603 ], [ -46.787115300000011, -23.5231241 ], [ -46.7872728, -23.5230997 ], [ -46.7874365, -23.5230831 ], [ -46.7876028, -23.5230778 ], [ -46.7877627, -23.5230835 ], [ -46.7879213, -23.523096 ], [ -46.788103, -23.5231218 ], [ -46.7882699, -23.5231581 ], [ -46.7884517, -23.5232087 ], [ -46.7886206, -23.5232703 ], [ -46.7887709, -23.5233352 ], [ -46.788903, -23.5234037 ], [ -46.7890318, -23.5234785 ], [ -46.7891625, -23.5235651 ], [ -46.7892912, -23.5236628 ], [ -46.789417, -23.5237738 ], [ -46.7895347, -23.5238916 ], [ -46.7896671, -23.5240342 ], [ -46.7897905, -23.5241787 ], [ -46.7904359, -23.5249522 ], [ -46.7905888, -23.5251225 ], [ -46.7906974, -23.5252331 ], [ -46.7908161, -23.5253389 ], [ -46.7909421, -23.5254404 ], [ -46.791086, -23.5255423 ], [ -46.7912339, -23.5256316 ], [ -46.791378, -23.5257086 ], [ -46.7915087, -23.5257723 ], [ -46.7916435, -23.5258273 ], [ -46.7918011, -23.5258829 ], [ -46.7919426, -23.5259232 ], [ -46.7920895, -23.5259568 ], [ -46.7922688, -23.525989 ], [ -46.7924449, -23.526009 ], [ -46.7926152, -23.5260195 ], [ -46.7927821, -23.5260195 ], [ -46.7929927, -23.5260109 ], [ -46.7931945, -23.5259949 ], [ -46.7940776, -23.5259101 ], [ -46.7942902, -23.5258916 ], [ -46.7944867, -23.5258775 ], [ -46.7952558, -23.5258362 ], [ -46.7954309, -23.5258227 ], [ -46.7956091, -23.5258062 ], [ -46.7976222, -23.5256119 ], [ -46.7979279, -23.5255793 ], [ -46.7982558, -23.5255423 ], [ -46.7998135, -23.5253487 ], [ -46.8000787, -23.5253144 ], [ -46.8002903, -23.5252813 ], [ -46.8005015, -23.5252441 ], [ -46.8007061, -23.5251971 ], [ -46.8009005, -23.5251475 ], [ -46.8011104, -23.5250856 ], [ -46.8012757, -23.5250315 ], [ -46.8014491, -23.5249682 ], [ -46.8016338, -23.5248944 ], [ -46.8018251, -23.5248109 ], [ -46.8019875, -23.5247335 ], [ -46.8021471, -23.5246515 ], [ -46.8043056, -23.523484 ], [ -46.8045058, -23.5233835 ], [ -46.8047126, -23.5232829 ], [ -46.8049057, -23.5231999 ], [ -46.80511760000001, -23.5231197 ], [ -46.805351, -23.5230395 ], [ -46.8055528, -23.5229798 ], [ -46.8057748, -23.5229238 ], [ -46.8059853, -23.5228797 ], [ -46.8062013, -23.5228399 ], [ -46.8064286, -23.5228107 ], [ -46.8066304, -23.5227911 ], [ -46.8068453, -23.5227769 ], [ -46.8070454, -23.522772 ], [ -46.8072312, -23.5227739 ], [ -46.8074404, -23.5227806 ], [ -46.8076349, -23.5227953 ], [ -46.8078491, -23.5228172 ], [ -46.8080741, -23.5228489 ], [ -46.8082659, -23.5228844 ], [ -46.8084624, -23.5229263 ], [ -46.8086883, -23.5229776 ], [ -46.8113028, -23.5235998 ], [ -46.8115063, -23.5236442 ], [ -46.8117165, -23.5236825 ], [ -46.8119003, -23.523706599999986 ], [ -46.8121189, -23.523728 ], [ -46.8123402, -23.5237363 ], [ -46.8125809, -23.5237342 ], [ -46.8127954, -23.5237258 ], [ -46.8130248, -23.523711399999989 ], [ -46.8138563, -23.5236532 ], [ -46.8146958, -23.5236118 ], [ -46.8149687, -23.5235972 ], [ -46.8152108, -23.5235826 ], [ -46.8171459, -23.5234465 ], [ -46.8173579, -23.5234317 ], [ -46.8178809, -23.5233979 ], [ -46.8181461, -23.5233865 ], [ -46.8184019, -23.5233825 ], [ -46.8199945, -23.5233865 ], [ -46.8201635, -23.5233854 ], [ -46.8203311, -23.52338 ], [ -46.8205229, -23.5233665 ], [ -46.820665, -23.5233475 ], [ -46.8208206, -23.5233179 ], [ -46.8209681, -23.5232851 ], [ -46.8210962, -23.5232473 ], [ -46.8212437, -23.5231962 ], [ -46.8213879, -23.5231387 ], [ -46.8215529, -23.5230653 ], [ -46.8221798, -23.5227728 ], [ -46.8223733, -23.5226857 ], [ -46.8225714, -23.5226042 ], [ -46.8227498, -23.5225439 ], [ -46.8229208, -23.5224959 ], [ -46.8231005, -23.522458499999988 ], [ -46.8232883, -23.5224316 ], [ -46.8234915, -23.5224123 ], [ -46.8237017, -23.522401500000012 ], [ -46.824636, -23.5223853 ], [ -46.824831, -23.5223781 ], [ -46.8250264, -23.5223638 ], [ -46.8251882, -23.5223458 ], [ -46.8253609, -23.5223167 ], [ -46.8255326, -23.5222785 ], [ -46.8257331, -23.5222199 ], [ -46.8259148, -23.5221524 ], [ -46.8260939, -23.522072 ], [ -46.8262498, -23.521993 ], [ -46.8264137, -23.5219032 ], [ -46.8270547, -23.5215189 ], [ -46.8271985, -23.521436 ], [ -46.8273316, -23.521364 ], [ -46.8274922, -23.521283499999985 ], [ -46.8276556, -23.5212153 ], [ -46.8278359, -23.5211513 ], [ -46.8280257, -23.5210969 ], [ -46.8282195, -23.5210548 ], [ -46.8283858, -23.5210283 ], [ -46.8285883, -23.5210031 ], [ -46.8287995, -23.5209828 ], [ -46.8307374, -23.5208144 ], [ -46.8309715, -23.5207925 ], [ -46.8311767, -23.5207658 ], [ -46.8314127, -23.520728299999988 ], [ -46.8316712, -23.5206791 ], [ -46.8319008, -23.5206277 ], [ -46.832156, -23.5205575 ], [ -46.8323991, -23.5204774 ], [ -46.8325962, -23.5204061 ], [ -46.8328323, -23.5203102 ], [ -46.8330371, -23.5202155 ], [ -46.8332572, -23.5201033 ], [ -46.8334665, -23.5199886 ], [ -46.8336623, -23.5198694 ], [ -46.8338883, -23.5197175 ], [ -46.8360375, -23.5181951 ], [ -46.8362316, -23.5180617 ], [ -46.8364237, -23.5179412 ], [ -46.8366584, -23.5178035 ], [ -46.8368579, -23.5176968 ], [ -46.8370419, -23.5176067 ], [ -46.8372344, -23.5175188 ], [ -46.837406, -23.5174468 ], [ -46.8375911, -23.5173755 ], [ -46.8377665, -23.5173122 ], [ -46.8379506, -23.5172532 ], [ -46.8381524, -23.5171947 ], [ -46.838375, -23.5171361 ], [ -46.8393674, -23.5168916 ], [ -46.8395699, -23.5168449 ], [ -46.8397838, -23.5167994 ], [ -46.8400081, -23.5167583 ], [ -46.8402271, -23.5167222 ], [ -46.840446, -23.5166922 ], [ -46.8406763, -23.5166647 ], [ -46.841709, -23.5165522 ], [ -46.8420607, -23.5165159 ], [ -46.8424184, -23.5164858 ], [ -46.8435456, -23.5164015 ], [ -46.8437753, -23.5163859 ], [ -46.8440063, -23.5163739 ], [ -46.844233, -23.5163681 ], [ -46.8444522, -23.5163684 ], [ -46.8446621, -23.5163733 ], [ -46.8448707, -23.5163832 ], [ -46.8451067, -23.5164 ], [ -46.8453394, -23.5164194 ], [ -46.8492205, -23.516757 ], [ -46.8494438, -23.5167723 ], [ -46.8497006, -23.5167858 ], [ -46.8499072, -23.516792 ], [ -46.851652, -23.5168492 ], [ -46.8518487, -23.516859599999989 ], [ -46.8520462, -23.5168756 ], [ -46.852228, -23.5168966 ], [ -46.8523966, -23.516923 ], [ -46.8525949, -23.51696 ], [ -46.8527898, -23.517005 ], [ -46.8529911, -23.5170595 ], [ -46.8532415, -23.5171374 ], [ -46.8534905, -23.5172196 ], [ -46.8542976, -23.5174889 ], [ -46.8545226, -23.5175596 ], [ -46.85523, -23.5177684 ], [ -46.8553916, -23.5178136 ], [ -46.8555539, -23.5178539 ], [ -46.8557132, -23.517884 ], [ -46.8558805, -23.5179049 ], [ -46.8560347, -23.5179144 ], [ -46.8562043, -23.5179141 ], [ -46.8563646, -23.5179025 ], [ -46.8565292, -23.5178806 ], [ -46.8566811, -23.517849 ], [ -46.856837, -23.5178075 ], [ -46.8569828, -23.517758 ], [ -46.8571209, -23.5177023 ], [ -46.8573174, -23.5176098 ], [ -46.8574683, -23.517536599999989 ], [ -46.8588866, -23.5168142 ], [ -46.8592578, -23.5166219 ], [ -46.8595688, -23.5164578 ], [ -46.8635603, -23.5143375 ], [ -46.8637251, -23.5142487 ], [ -46.8639066, -23.5141464 ], [ -46.8640342, -23.5140712 ], [ -46.8641564, -23.513996 ], [ -46.8643053, -23.5138959 ], [ -46.8644427, -23.5137945 ], [ -46.8645698, -23.5136925 ], [ -46.8646915, -23.5135885 ], [ -46.8648018, -23.5134883 ], [ -46.8649235, -23.5133684 ], [ -46.8650623, -23.5132209 ], [ -46.8651753, -23.5130902 ], [ -46.8652735, -23.5129694 ], [ -46.8653741, -23.5128341 ], [ -46.8654526, -23.5127216 ], [ -46.865527, -23.5126066 ], [ -46.8655994, -23.5124849 ], [ -46.8656805, -23.5123404 ], [ -46.865749, -23.5122066 ], [ -46.8658254, -23.5120495 ], [ -46.8662767, -23.511094 ], [ -46.8663364, -23.510976899999989 ], [ -46.8664014, -23.510856 ], [ -46.8664755, -23.5107327 ], [ -46.8665529, -23.5106205 ], [ -46.8666364, -23.5105117 ], [ -46.8667327, -23.5104022 ], [ -46.8668162, -23.5103162 ], [ -46.8669204, -23.5102227 ], [ -46.8670237, -23.5101379 ], [ -46.867133, -23.5100592 ], [ -46.8672436, -23.5099872 ], [ -46.867373, -23.5099153 ], [ -46.8674951, -23.509855 ], [ -46.8676277, -23.5097981 ], [ -46.8677737, -23.5097462 ], [ -46.8679107, -23.5097062 ], [ -46.8680537, -23.509673 ], [ -46.8681991, -23.5096465 ], [ -46.8683316, -23.5096315 ], [ -46.8684707, -23.5096231 ], [ -46.8686085, -23.5096213 ], [ -46.8687604, -23.5096263 ], [ -46.8688955, -23.5096386 ], [ -46.8690313, -23.5096595 ], [ -46.8691724, -23.5096881 ], [ -46.8693129, -23.5097241 ], [ -46.8694407, -23.5097651 ], [ -46.8695744, -23.5098165 ], [ -46.8697022, -23.5098733 ], [ -46.8698346, -23.5099417 ], [ -46.869954, -23.5100118 ], [ -46.870065, -23.5100877 ], [ -46.8701901, -23.5101828 ], [ -46.870302, -23.5102785 ], [ -46.8704294, -23.510397 ], [ -46.8705514, -23.5105191 ], [ -46.8714439, -23.5114627 ], [ -46.8715687, -23.5115871 ], [ -46.8716868, -23.5116941 ], [ -46.8718101, -23.511795 ], [ -46.8719556, -23.5118992 ], [ -46.8720964, -23.5119911 ], [ -46.872262, -23.5120855 ], [ -46.8724303, -23.5121685 ], [ -46.8725892, -23.5122352 ], [ -46.8727579, -23.5122973 ], [ -46.8729225, -23.5123477 ], [ -46.8731015, -23.5123921 ], [ -46.8732789, -23.5124264 ], [ -46.873481, -23.5124609 ], [ -46.87597490000001, -23.5128433 ], [ -46.8762003, -23.5128736 ], [ -46.8764679, -23.5129027 ], [ -46.8767201, -23.5129218 ], [ -46.8769944, -23.5129364 ], [ -46.8772319, -23.5129436 ], [ -46.8780015, -23.5129601 ], [ -46.8782182, -23.5129589 ], [ -46.8784227, -23.512951 ], [ -46.8786279, -23.5129343 ], [ -46.8788317, -23.5129069 ], [ -46.8790108, -23.5128741 ], [ -46.8792159, -23.5128277 ], [ -46.879395, -23.5127785 ], [ -46.8795855, -23.512716 ], [ -46.8797558, -23.5126527 ], [ -46.8830515, -23.5113977 ], [ -46.8832453, -23.5113218 ], [ -46.8834425, -23.5112416 ], [ -46.8836812, -23.5111411 ], [ -46.8843289, -23.5108646 ], [ -46.8845268, -23.5107847 ], [ -46.8847179, -23.5107084 ], [ -46.8854883, -23.5104151 ], [ -46.8856858, -23.5103452 ], [ -46.8858679, -23.5102907 ], [ -46.8860563, -23.5102458 ], [ -46.886238, -23.5102159 ], [ -46.8864194, -23.510198 ], [ -46.8866149, -23.5101941 ], [ -46.8867892, -23.5102036 ], [ -46.8869716, -23.510227 ], [ -46.8871607, -23.5102657 ], [ -46.8873504, -23.5103198 ], [ -46.8875241, -23.5103837 ], [ -46.8876924, -23.5104606 ], [ -46.8878476, -23.5105438 ], [ -46.8880015, -23.5106449 ], [ -46.888135, -23.5107466 ], [ -46.8882581, -23.5108545 ], [ -46.8883744, -23.510973499999988 ], [ -46.888475, -23.5110943 ], [ -46.8885762, -23.5112319 ], [ -46.8886554, -23.5113608 ], [ -46.8887291, -23.5115019 ], [ -46.8887948, -23.5116584 ], [ -46.8888511, -23.5118217 ], [ -46.8888981, -23.511996 ], [ -46.888935, -23.5121636 ], [ -46.8889732, -23.5123619 ], [ -46.8898764, -23.5173878 ], [ -46.889922, -23.5176189 ], [ -46.8899613, -23.5177908 ], [ -46.8900018, -23.5179442 ], [ -46.8900495, -23.5181024 ], [ -46.8901004, -23.5182483 ], [ -46.8901658, -23.5184141 ], [ -46.8902258, -23.5185443 ], [ -46.8903005, -23.5186902 ], [ -46.8903807, -23.518833 ], [ -46.8904736, -23.5189823 ], [ -46.8905765, -23.5191309 ], [ -46.890671, -23.5192539 ], [ -46.890787, -23.5193956 ], [ -46.8909239, -23.5195527 ], [ -46.8910847, -23.5197282 ], [ -46.8919786, -23.5206729 ], [ -46.8922079, -23.5209309 ], [ -46.8924145, -23.5211906 ], [ -46.8925969, -23.521455 ], [ -46.8927538, -23.5217182 ], [ -46.8929026, -23.5220034 ], [ -46.8930247, -23.5222909 ], [ -46.8930924, -23.5224557 ], [ -46.893775, -23.5243269 ], [ -46.8938417, -23.5245042 ], [ -46.8939091, -23.5246662 ], [ -46.8939708, -23.5247969 ], [ -46.8940486, -23.5249402 ], [ -46.8941207, -23.5250552 ], [ -46.8942048, -23.5251751 ], [ -46.8942994, -23.5252928 ], [ -46.8944137, -23.5254203 ], [ -46.8945314, -23.5255343 ], [ -46.8946688, -23.5256543 ], [ -46.894805, -23.525759 ], [ -46.8949612, -23.5258661 ], [ -46.8951249, -23.5259684 ], [ -46.8952925, -23.5260637 ], [ -46.8954494, -23.5261449 ], [ -46.895612, -23.5262205 ], [ -46.8957907, -23.5262949 ], [ -46.8959764, -23.5263625 ], [ -46.8961435, -23.5264157 ], [ -46.896305, -23.5264598 ], [ -46.89647, -23.5264923 ], [ -46.8966185, -23.5265138 ], [ -46.8967758, -23.526526 ], [ -46.896946, -23.5265289 ], [ -46.8971094, -23.5265209 ], [ -46.8972753, -23.5265024 ], [ -46.8974466, -23.5264734 ], [ -46.8976146, -23.5264394 ], [ -46.8977943, -23.5263948 ], [ -46.8982295, -23.5262863 ], [ -46.8983894, -23.5262482 ], [ -46.8985326, -23.5262186 ], [ -46.8986791, -23.5261947 ], [ -46.8988309, -23.5261769 ], [ -46.8989852, -23.5261698 ], [ -46.8991327, -23.5261719 ], [ -46.8992906, -23.5261806 ], [ -46.8994452, -23.526201 ], [ -46.8995934, -23.5262288 ], [ -46.8997292, -23.5262629 ], [ -46.8998764, -23.5263075 ], [ -46.9000232, -23.5263617 ], [ -46.900153, -23.5264196 ], [ -46.900329, -23.5265076 ], [ -46.9005335, -23.526622 ], [ -46.9008152, -23.5267818 ], [ -46.9010498, -23.5269146 ], [ -46.9032244, -23.5281575 ], [ -46.9034214, -23.5282662 ], [ -46.9036077, -23.5283627 ], [ -46.9037864, -23.5284474 ], [ -46.9039634, -23.5285209 ], [ -46.9041612, -23.5285928 ], [ -46.9043312, -23.5286453 ], [ -46.9045038, -23.5286905 ], [ -46.9047037, -23.5287332 ], [ -46.9049015, -23.5287674 ], [ -46.9065859, -23.5290301 ], [ -46.9068153, -23.5290686 ], [ -46.9070583, -23.5291195 ], [ -46.9072946, -23.5291801 ], [ -46.9074838, -23.5292368 ], [ -46.9076943, -23.5293053 ], [ -46.9079042, -23.5293843 ], [ -46.9081087, -23.5294682 ], [ -46.9082944, -23.529554 ], [ -46.9084527, -23.5296345 ], [ -46.9086592, -23.5297452 ], [ -46.9092024, -23.530044 ], [ -46.9093486, -23.5301232 ], [ -46.9094907, -23.530195 ], [ -46.9096483, -23.5302661 ], [ -46.9098408, -23.5303421 ], [ -46.9100205, -23.5304046 ], [ -46.9101865, -23.5304542 ], [ -46.9103753, -23.530502 ], [ -46.9105633, -23.5305402 ], [ -46.9107654, -23.530573 ], [ -46.9109572, -23.5305948 ], [ -46.9111638, -23.5306059 ], [ -46.9113656, -23.5306084 ], [ -46.9115547, -23.5306022 ], [ -46.9117337, -23.5305896 ], [ -46.9119222, -23.5305672 ], [ -46.9120986, -23.5305399 ], [ -46.9122709, -23.5305056 ], [ -46.9124398, -23.5304633 ], [ -46.9126269, -23.5304086 ], [ -46.9127978, -23.5303502 ], [ -46.9129666, -23.530285 ], [ -46.9131607, -23.5301989 ], [ -46.9133243, -23.5301172 ], [ -46.9140096, -23.529763 ], [ -46.9141449, -23.5296944 ], [ -46.9142648, -23.5296376 ], [ -46.9144146, -23.5295718 ], [ -46.9145568, -23.5295162 ], [ -46.914708, -23.5294647 ], [ -46.9148632, -23.5294194 ], [ -46.9150349, -23.5293754 ], [ -46.9151985, -23.5293387 ], [ -46.9153689, -23.5293086 ], [ -46.9155331, -23.5292853 ], [ -46.9156974, -23.5292681 ], [ -46.915906, -23.5292546 ], [ -46.9188738, -23.5291107 ], [ -46.9190528, -23.5291026 ], [ -46.9192251, -23.5290983 ], [ -46.9193961, -23.5291006 ], [ -46.9195423, -23.5291097 ], [ -46.9197013, -23.5291286 ], [ -46.9198397, -23.5291537 ], [ -46.9199776, -23.5291857 ], [ -46.9201224, -23.5292281 ], [ -46.9202615, -23.5292798 ], [ -46.9203839, -23.529332 ], [ -46.9205065, -23.5293923 ], [ -46.920642, -23.5294681 ], [ -46.9207654, -23.5295488 ], [ -46.9208914, -23.529641499999986 ], [ -46.9209987, -23.5297335 ], [ -46.9211, -23.5298308 ], [ -46.9211892, -23.5299275 ], [ -46.9212811, -23.5300397 ], [ -46.9213716, -23.5301661 ], [ -46.9214541, -23.5302976 ], [ -46.9215446, -23.5304616 ], [ -46.9216304, -23.5306397 ], [ -46.9230842, -23.533698 ], [ -46.923163, -23.5338561 ], [ -46.9232478, -23.5340099 ], [ -46.9233259, -23.5341348 ], [ -46.9234215, -23.534271199999989 ], [ -46.9235379, -23.5344207 ], [ -46.9236616, -23.5345615 ], [ -46.9237769, -23.5346804 ], [ -46.9238983, -23.534793 ], [ -46.9240351, -23.5349081 ], [ -46.9241752, -23.5350145 ], [ -46.9243177, -23.5351112 ], [ -46.9244729, -23.5352073 ], [ -46.9246225, -23.5352889 ], [ -46.92477, -23.5353624 ], [ -46.9249315, -23.5354317 ], [ -46.9250824, -23.5354885 ], [ -46.9252494, -23.5355451 ], [ -46.9254056, -23.5355881 ], [ -46.9255592, -23.5356235 ], [ -46.9257222, -23.535654 ], [ -46.9258938, -23.5356785 ], [ -46.9260487, -23.5356939 ], [ -46.9262197, -23.5357025 ], [ -46.9263944, -23.5357054 ], [ -46.9265489, -23.5356997 ], [ -46.9267145, -23.5356859 ], [ -46.9268688, -23.535668 ], [ -46.9270321, -23.5356414 ], [ -46.9272383, -23.5355977 ], [ -46.9274514, -23.5355475 ], [ -46.9300734, -23.5348983 ], [ -46.930238, -23.5348588 ], [ -46.9304187, -23.5348168 ], [ -46.930581, -23.5347846 ], [ -46.9307399, -23.5347594 ], [ -46.9308837, -23.5347449 ], [ -46.9310276, -23.5347391 ], [ -46.9311684, -23.5347412 ], [ -46.9313266, -23.5347526 ], [ -46.9314734, -23.5347704 ], [ -46.9316183, -23.5347972 ], [ -46.9317648, -23.5348327 ], [ -46.9319039, -23.5348768 ], [ -46.93203, -23.534924 ], [ -46.9321607, -23.5349804 ], [ -46.9322975, -23.5350497 ], [ -46.932439, -23.5351338 ], [ -46.9325577, -23.5352143 ], [ -46.9326788, -23.5353084 ], [ -46.9327824, -23.5354006 ], [ -46.932893, -23.5355103 ], [ -46.9329922, -23.5356231 ], [ -46.933075, -23.5357304 ], [ -46.9331538, -23.5358494 ], [ -46.9332185, -23.5359588 ], [ -46.9332772, -23.536075 ], [ -46.9333282, -23.536193 ], [ -46.9333677, -23.5363035 ], [ -46.9334067, -23.5364337 ], [ -46.9334382, -23.5365696 ], [ -46.9334586, -23.5366944 ], [ -46.9334704, -23.5368014 ], [ -46.9334764, -23.5369305 ], [ -46.933475, -23.5370747 ], [ -46.933467, -23.5372179 ], [ -46.9334536, -23.5373685 ], [ -46.9330654, -23.5409992 ], [ -46.9330536, -23.5411271 ], [ -46.9330472, -23.5412617 ], [ -46.9330466, -23.5414166 ], [ -46.9330546, -23.541768 ], [ -46.9330627, -23.5419229 ], [ -46.9330741, -23.5420821 ], [ -46.9330908, -23.5422565 ], [ -46.933113, -23.5424309 ], [ -46.9331331, -23.5425613 ], [ -46.9331586, -23.5427131 ], [ -46.9331864, -23.5428471 ], [ -46.9332195, -23.5429774 ], [ -46.9332618, -23.543114 ], [ -46.93331280000001, -23.5432507 ], [ -46.9333704, -23.5433792 ], [ -46.9334415, -23.5435201 ], [ -46.9335207, -23.5436561 ], [ -46.9335954, -23.54377010000001 ], [ -46.9336795, -23.5438829 ], [ -46.9337788, -23.5440035 ], [ -46.9364978, -23.5471868 ], [ -46.9366452, -23.547355699999986 ], [ -46.9370207, -23.5477971 ], [ -46.9371829, -23.5479594 ], [ -46.937305, -23.5480627 ], [ -46.9374418, -23.5481647 ], [ -46.9376, -23.5482581 ], [ -46.9377449, -23.5483331 ], [ -46.9379152, -23.5484057 ], [ -46.9380815, -23.5484598 ], [ -46.9382679, -23.5485028 ], [ -46.9384811, -23.5485385 ], [ -46.9386608, -23.5485532 ], [ -46.9388741, -23.5485544 ], [ -46.9390565, -23.5485409 ], [ -46.9392603, -23.5485077 ], [ -46.9394427, -23.5484598 ], [ -46.939601, -23.5484069 ], [ -46.9397552, -23.5483454 ], [ -46.9399295, -23.5482557 ], [ -46.94012, -23.5481463 ] ] ] } },
{ "type": "Feature", "properties": { "fid": 32, "Name": "L8 via 3 [Barueri]\n", "description": null, "Status_Obra": "Construído", "Modal": "Trem", "N_Linha": 8, "data_abertura": null }, "geometry": { "type": "MultiLineString", "coordinates": [ [ [ -46.8778581, -23.5129571 ], [ -46.8777233, -23.5129517 ], [ -46.8775871, -23.512943799999988 ], [ -46.877399, -23.5129283 ], [ -46.8772286, -23.5129127 ], [ -46.8770755, -23.5128919 ], [ -46.8768754, -23.512862 ], [ -46.8767018, -23.5128366 ], [ -46.8765237, -23.5128123 ], [ -46.8763577, -23.5127933 ], [ -46.8760772, -23.5127645 ], [ -46.8759169, -23.5127454 ], [ -46.8757567, -23.5127227 ], [ -46.8755998, -23.5126993 ], [ -46.8733628, -23.512355 ], [ -46.8732146, -23.5123298 ], [ -46.8730892, -23.5123021 ], [ -46.8729564, -23.51226770000001 ], [ -46.8728183, -23.5122277 ], [ -46.8726762, -23.5121791 ], [ -46.8725313, -23.5121238 ], [ -46.8723959, -23.5120635 ], [ -46.8722671, -23.5120014 ], [ -46.8721176, -23.511920299999989 ], [ -46.8719714, -23.5118317 ], [ -46.8718313, -23.5117364 ], [ -46.8717166, -23.5116503 ], [ -46.8716153, -23.5115667 ], [ -46.8715168, -23.5114794 ], [ -46.871166100000011, -23.5111547 ], [ -46.8710796, -23.511072 ], [ -46.8710004, -23.5109933 ] ] ] } },
{ "type": "Feature", "properties": { "fid": 33, "Name": "L8 via 4 [Barueri]\n", "description": null, "Status_Obra": "Construído", "Modal": "Trem", "N_Linha": 8, "data_abertura": null }, "geometry": { "type": "MultiLineString", "coordinates": [ [ [ -46.8772645, -23.5127998 ], [ -46.8770928, -23.5127869 ], [ -46.876956, -23.5127808 ], [ -46.8766134, -23.5127722 ], [ -46.8764202, -23.512763 ], [ -46.8762452, -23.5127452 ], [ -46.8760863, -23.5127273 ], [ -46.8759006, -23.5127039 ], [ -46.8757195, -23.5126787 ], [ -46.8733223, -23.5123092 ], [ -46.8731855, -23.5122833 ], [ -46.873048, -23.512252 ], [ -46.8729065, -23.5122133 ], [ -46.8727644, -23.512169 ], [ -46.8726202, -23.5121167 ], [ -46.8724881, -23.5120626 ], [ -46.8723653, -23.5120085 ], [ -46.8722414, -23.5119439 ], [ -46.872122, -23.5118769 ], [ -46.8719979, -23.5118019 ], [ -46.8718632, -23.5117109 ], [ -46.8717465, -23.5116236 ], [ -46.8716305, -23.5115277 ], [ -46.8715051, -23.5114139 ], [ -46.87140380000001, -23.5113143 ], [ -46.8709593, -23.5108328 ], [ -46.8708547, -23.5107314 ] ] ] } },
{ "type": "Feature", "properties": { "fid": 34, "Name": "L8 via 3 e 4 [Reserva CPB-CSA]\n", "description": null, "Status_Obra": "Construído", "Modal": "Trem", "N_Linha": 8, "data_abertura": null }, "geometry": { "type": "MultiLineString", "coordinates": [ [ [ -46.7934374, -23.5259713 ], [ -46.793609, -23.5259504 ], [ -46.7937814, -23.5259252 ], [ -46.7941354, -23.5258674 ], [ -46.7942809, -23.5258471 ], [ -46.7944378, -23.5258299 ], [ -46.7949917, -23.5257777 ], [ -46.7947905, -23.5257943 ], [ -46.7946075, -23.525806 ], [ -46.7936191, -23.5258404 ], [ -46.7934662, -23.5258471 ], [ -46.7933435, -23.525857 ], [ -46.7934662, -23.5258471 ], [ -46.7936191, -23.5258404 ], [ -46.7946075, -23.525806 ], [ -46.7947905, -23.5257943 ], [ -46.7949917, -23.5257777 ], [ -46.7998903, -23.5252979 ], [ -46.800125, -23.5252677 ], [ -46.8003342, -23.5252358 ], [ -46.8005099, -23.5252013 ], [ -46.8006789, -23.5251632 ], [ -46.8008372, -23.5251239 ], [ -46.8010081, -23.5250753 ], [ -46.8011664, -23.5250255 ], [ -46.8013421, -23.5249659 ], [ -46.801503, -23.5249062 ], [ -46.8016733, -23.5248355 ], [ -46.8018416, -23.5247605 ], [ -46.8019965, -23.5246843 ], [ -46.802138, -23.5246123 ], [ -46.8041886, -23.5235026 ], [ -46.8043757, -23.523403 ], [ -46.8045259, -23.5233261 ], [ -46.8046855, -23.5232511 ], [ -46.8048296, -23.5231872 ], [ -46.8049865, -23.5231245 ], [ -46.8051361, -23.5230691 ], [ -46.8052856, -23.5230175 ], [ -46.8054345, -23.5229714 ], [ -46.8055967, -23.522925199999989 ], [ -46.8057456, -23.522889 ], [ -46.8058978, -23.5228552 ], [ -46.8060433, -23.5228263 ], [ -46.8061942, -23.5228011 ], [ -46.8063484, -23.5227795 ], [ -46.8065026, -23.5227617 ], [ -46.8066515, -23.5227488 ], [ -46.8068165, -23.5227377 ], [ -46.8069821, -23.5227322 ], [ -46.8071316, -23.5227303 ], [ -46.8072698, -23.5227328 ], [ -46.8074045, -23.5227383 ], [ -46.8075568, -23.5227476 ], [ -46.8077009, -23.5227592 ], [ -46.8078391, -23.5227746 ], [ -46.8080228, -23.5228011 ], [ -46.808177, -23.5228256 ], [ -46.8083232, -23.5228552 ], [ -46.8084613, -23.5228853 ], [ -46.8086008, -23.5229173 ], [ -46.8112086, -23.5235376 ], [ -46.8114077, -23.5235813 ], [ -46.8115579, -23.5236108 ], [ -46.8117122, -23.523636 ], [ -46.8118765, -23.5236587 ], [ -46.8120488, -23.5236753 ], [ -46.8121943, -23.5236846 ], [ -46.8123525, -23.5236889 ], [ -46.8125182, -23.523687 ], [ -46.8126925, -23.5236809 ], [ -46.81284, -23.5236723 ], [ -46.8173227, -23.5233556 ], [ -46.8175352, -23.5233427 ], [ -46.8177585, -23.5233341 ], [ -46.817949, -23.5233304 ], [ -46.8199881, -23.5233347 ], [ -46.8201792, -23.5233335 ], [ -46.8203475, -23.5233292 ], [ -46.8204897, -23.52332 ], [ -46.8206459, -23.5233015 ], [ -46.8208008, -23.5232751 ], [ -46.8209437, -23.5232443 ], [ -46.8210878, -23.5232044 ], [ -46.8212179, -23.5231601 ], [ -46.82136280000001, -23.5231048 ], [ -46.8215022, -23.5230445 ], [ -46.8216417, -23.5229806 ], [ -46.8221969, -23.5227224 ], [ -46.8223498, -23.5226535 ], [ -46.8225014, -23.5225908 ], [ -46.8226482, -23.5225367 ], [ -46.8228051, -23.5224863 ], [ -46.8229546, -23.5224475 ], [ -46.8230995, -23.5224186 ], [ -46.823241, -23.5223971 ], [ -46.8234019, -23.5223799 ], [ -46.8235581, -23.5223701 ], [ -46.8237083, -23.5223633 ], [ -46.8246297, -23.5223455 ], [ -46.8248235, -23.5223375 ], [ -46.8249837, -23.5223276 ], [ -46.8251225, -23.5223141 ], [ -46.8252567, -23.5222957 ], [ -46.8253961, -23.5222698 ], [ -46.8255222, -23.5222397 ], [ -46.825659, -23.5222016 ], [ -46.8257817, -23.5221604 ], [ -46.8259084, -23.5221106 ], [ -46.8260211, -23.522062 ], [ -46.8261324, -23.5220091 ], [ -46.8262397, -23.521952 ], [ -46.8263678, -23.5218819 ], [ -46.8270906, -23.5214515 ], [ -46.8272328, -23.5213697 ], [ -46.8273629, -23.5213002 ], [ -46.8274815, -23.5212424 ], [ -46.8276056, -23.5211877 ], [ -46.827725, -23.5211416 ], [ -46.8278517, -23.5210986 ], [ -46.8279811, -23.5210611 ], [ -46.8281132, -23.5210285 ], [ -46.828252, -23.5209984 ], [ -46.8284022, -23.5209725 ], [ -46.8285531, -23.5209529 ], [ -46.828704, -23.5209363 ], [ -46.8292733, -23.5208772 ], [ -46.8294375, -23.5208662 ], [ -46.8295663, -23.5208588 ], [ -46.8298245, -23.5208483 ], [ -46.8299659, -23.5208403 ], [ -46.8300974, -23.5208293 ], [ -46.8302449, -23.5208182 ], [ -46.830892, -23.520761 ], [ -46.831061, -23.5207426 ], [ -46.8312568, -23.5207168 ], [ -46.8314244, -23.5206872 ], [ -46.8315947, -23.520654 ], [ -46.8317556, -23.5206165 ], [ -46.831924, -23.5205729 ], [ -46.8320701, -23.5205298 ], [ -46.8322331, -23.520477 ], [ -46.8323772, -23.5204253 ], [ -46.8325127, -23.5203743 ], [ -46.8326468, -23.520319 ], [ -46.832793, -23.5202538 ], [ -46.8329419, -23.5201831 ], [ -46.833086, -23.5201099 ], [ -46.8332322, -23.5200294 ], [ -46.8333589, -23.519955 ], [ -46.8334964, -23.5198695 ], [ -46.8336251, -23.5197834 ], [ -46.8337539, -23.519693 ], [ -46.8359573, -23.5181332 ], [ -46.8361303, -23.5180164 ], [ -46.8363027, -23.5179063 ], [ -46.836471, -23.5178018 ], [ -46.8366292, -23.517712 ], [ -46.8367714, -23.5176364 ], [ -46.8370664, -23.5174864 ], [ -46.8372139, -23.5174175 ], [ -46.8373447, -23.517364 ], [ -46.8374889, -23.5173111 ], [ -46.8376364, -23.5172613 ], [ -46.8377732, -23.5172226 ], [ -46.8379153, -23.5171894 ], [ -46.8380575, -23.5171592 ], [ -46.8386637, -23.5170498 ], [ -46.8388266, -23.5170184 ], [ -46.8389627, -23.5169889 ], [ -46.8390878, -23.5169603 ], [ -46.8389627, -23.5169889 ], [ -46.8388266, -23.5170184 ], [ -46.8386637, -23.5170498 ], [ -46.8380575, -23.5171592 ], [ -46.8379153, -23.5171894 ], [ -46.8377732, -23.5172226 ], [ -46.8376364, -23.5172613 ], [ -46.8374889, -23.5173111 ], [ -46.8373447, -23.517364 ], [ -46.8372139, -23.5174175 ], [ -46.8370664, -23.5174864 ], [ -46.8367714, -23.5176364 ], [ -46.8366292, -23.517712 ], [ -46.836471, -23.5178018 ], [ -46.8363027, -23.5179063 ], [ -46.8361303, -23.5180164 ], [ -46.8359573, -23.5181332 ], [ -46.8337539, -23.519693 ], [ -46.8336251, -23.5197834 ], [ -46.8334964, -23.5198695 ], [ -46.8333589, -23.519955 ], [ -46.8332322, -23.5200294 ], [ -46.833086, -23.5201099 ], [ -46.8329419, -23.5201831 ], [ -46.832793, -23.5202538 ], [ -46.8326468, -23.520319 ], [ -46.8325127, -23.5203743 ], [ -46.8323772, -23.5204253 ], [ -46.8322331, -23.520477 ], [ -46.8320701, -23.5205298 ], [ -46.831924, -23.5205729 ], [ -46.8317556, -23.5206165 ], [ -46.8315947, -23.520654 ], [ -46.8314244, -23.5206872 ], [ -46.8312568, -23.5207168 ], [ -46.831061, -23.5207426 ], [ -46.830892, -23.520761 ], [ -46.8302449, -23.5208182 ], [ -46.8300974, -23.5208293 ], [ -46.8299659, -23.5208403 ], [ -46.8298245, -23.5208483 ], [ -46.8295663, -23.5208588 ], [ -46.8294375, -23.5208662 ], [ -46.8292733, -23.5208772 ], [ -46.8308659, -23.5207152 ], [ -46.8310939, -23.5206882 ], [ -46.8313111, -23.5206562 ], [ -46.8315063, -23.5206199 ], [ -46.8317021, -23.5205775 ], [ -46.8318952, -23.5205301 ], [ -46.8320896, -23.5204736 ], [ -46.8322526, -23.5204207 ], [ -46.8323974, -23.5203703 ], [ -46.832547, -23.520312499999989 ], [ -46.8326911, -23.5202522 ], [ -46.8328614, -23.5201729 ], [ -46.8330056, -23.520101 ], [ -46.8331397, -23.5200315 ], [ -46.8332725, -23.5199577 ], [ -46.8334033, -23.519879 ], [ -46.8335286, -23.5197991 ], [ -46.8336641, -23.5197075 ], [ -46.8337908, -23.5196189 ], [ -46.8359527, -23.518088 ], [ -46.8361109, -23.5179785 ], [ -46.8362886, -23.5178599 ], [ -46.8367708, -23.5175408 ], [ -46.836933, -23.5174424 ], [ -46.8371027, -23.5173489 ], [ -46.8372422, -23.5172794 ], [ -46.8374078, -23.517205 ], [ -46.8375493, -23.5171472 ], [ -46.8376774, -23.5170999 ], [ -46.8381239, -23.5169351 ], [ -46.8382339, -23.516897 ], [ -46.8383841, -23.5168484 ] ] ] } },
{ "type": "Feature", "properties": { "fid": 35, "Name": "Linha 8 - Diamante > ABU [Extensão]\n", "description": "Itapevi > Amador Bueno • 6.4km • 4 estações • 12min • ATP • Headway: 30min", "Status_Obra": "Construído", "Modal": "Trem", "N_Linha": 8, "data_abertura": null }, "geometry": { "type": "MultiLineString", "coordinates": [ [ [ -46.9351943, -23.54543 ], [ -46.9370238, -23.5475732 ], [ -46.9371105, -23.5476733 ], [ -46.9372019, -23.5477737 ], [ -46.9372972, -23.547866 ], [ -46.9374013, -23.5479545 ], [ -46.9375085, -23.5480368 ], [ -46.9376097, -23.5481045 ], [ -46.9377193, -23.5481675 ], [ -46.9378383, -23.5482274 ], [ -46.9379656, -23.5482822 ], [ -46.938094, -23.548327 ], [ -46.9382244, -23.5483654 ], [ -46.9383662, -23.5483959 ], [ -46.9385088, -23.5484175 ], [ -46.938643, -23.5484297 ], [ -46.938763, -23.5484335 ], [ -46.9388857, -23.5484307 ], [ -46.9390111, -23.5484212 ], [ -46.9391298, -23.5484046 ], [ -46.9392667, -23.5483793 ], [ -46.939394, -23.5483479 ], [ -46.9395121, -23.5483101 ], [ -46.9396335, -23.5482625 ], [ -46.9397669, -23.5481998 ], [ -46.9399011, -23.5481272 ], [ -46.940019, -23.5480572 ], [ -46.9401323, -23.5479859 ], [ -46.9405843, -23.5476955 ], [ -46.9407439, -23.5475933 ], [ -46.9425771, -23.5464325 ], [ -46.942762, -23.5463193 ], [ -46.9429341, -23.5462196 ], [ -46.9430787, -23.5461447 ], [ -46.9432172, -23.5460828 ], [ -46.9433611, -23.5460248 ], [ -46.9435103, -23.545973599999989 ], [ -46.9436621, -23.545926 ], [ -46.9439491, -23.5458472 ], [ -46.9494564, -23.5444039 ], [ -46.9496736, -23.5443498 ], [ -46.9498814, -23.5443018 ], [ -46.9500806, -23.5442595 ], [ -46.9502852, -23.5442207 ], [ -46.9505286, -23.5441801 ], [ -46.9507264, -23.5441549 ], [ -46.9509282, -23.5441352 ], [ -46.9511341, -23.544123 ], [ -46.9513493, -23.5441156 ], [ -46.9515525, -23.5441137 ], [ -46.953556, -23.5441193 ], [ -46.9537894, -23.544118 ], [ -46.9539772, -23.5441132 ], [ -46.9541334, -23.5441057 ], [ -46.9543014, -23.5440897 ], [ -46.9544593, -23.5440658 ], [ -46.9546089, -23.5440352 ], [ -46.954761, -23.5439958 ], [ -46.9549209, -23.5439451 ], [ -46.9550607, -23.5438925 ], [ -46.9551955, -23.5438335 ], [ -46.9553338, -23.5437628 ], [ -46.9554752, -23.5436817 ], [ -46.9555979, -23.5436011 ], [ -46.9557012, -23.5435279 ], [ -46.9558263, -23.5434295 ], [ -46.9559479, -23.5433263 ], [ -46.9568156, -23.5425407 ], [ -46.9569584, -23.5424147 ], [ -46.9570986, -23.5422981 ], [ -46.9572469, -23.5421859 ], [ -46.957375, -23.542098 ], [ -46.957515, -23.5420147 ], [ -46.9576606, -23.5419363 ], [ -46.9578232, -23.5418605 ], [ -46.9579878, -23.5417969 ], [ -46.958138, -23.5417464 ], [ -46.9583037, -23.5417016 ], [ -46.9584793, -23.5416635 ], [ -46.9586617, -23.5416327 ], [ -46.9588313, -23.541609 ], [ -46.9590191, -23.5415853 ], [ -46.9613264, -23.5413069 ], [ -46.9615456, -23.5412768 ], [ -46.9616999, -23.5412491 ], [ -46.961875, -23.5412098 ], [ -46.9620289, -23.5411667 ], [ -46.9621754, -23.5411182 ], [ -46.9623074, -23.5410665 ], [ -46.9624504, -23.5410032 ], [ -46.9625912, -23.5409314 ], [ -46.9627132, -23.5408619 ], [ -46.962853, -23.5407743 ], [ -46.9629834, -23.5406867 ], [ -46.9639484, -23.5400128 ], [ -46.9641267, -23.5398844 ], [ -46.9642527, -23.5397869 ], [ -46.9643862, -23.539672899999985 ], [ -46.9644881, -23.5395758 ], [ -46.9645948, -23.5394633 ], [ -46.964696, -23.5393415 ], [ -46.9647831, -23.5392228 ], [ -46.9648583, -23.5391092 ], [ -46.9649321, -23.5389825 ], [ -46.9649917, -23.5388651 ], [ -46.965043, -23.538748 ], [ -46.9650909, -23.5386223 ], [ -46.9651305, -23.5384963 ], [ -46.9651634, -23.5383641 ], [ -46.9651868, -23.538241 ], [ -46.9652043, -23.5381126 ], [ -46.9652164, -23.5379798 ], [ -46.965219, -23.5378661 ], [ -46.9652164, -23.5377487 ], [ -46.9652076, -23.5376262 ], [ -46.9651909, -23.5374966 ], [ -46.9651691, -23.537373399999989 ], [ -46.9651399, -23.5372471 ], [ -46.965101, -23.5371014 ], [ -46.9650588, -23.536966199999988 ], [ -46.9646853, -23.535820799999989 ], [ -46.9646302, -23.5356469 ], [ -46.9645943, -23.5355171 ], [ -46.9645645, -23.5353824 ], [ -46.964545, -23.5352613 ], [ -46.9645316, -23.535131 ], [ -46.9645263, -23.534993 ], [ -46.9645297, -23.5348771 ], [ -46.9645398, -23.5347541 ], [ -46.9645579, -23.5346368 ], [ -46.9645834, -23.5345138 ], [ -46.9646165, -23.5343782 ], [ -46.9646504, -23.5342561 ], [ -46.9646846, -23.5341394 ], [ -46.9647268, -23.5340109 ], [ -46.9647671, -23.5339027 ], [ -46.964814, -23.5337958 ], [ -46.9648696, -23.5336857 ], [ -46.9649354, -23.5335738 ], [ -46.9650098, -23.5334619 ], [ -46.9650736, -23.533374 ], [ -46.9651587, -23.5332726 ], [ -46.9652452, -23.5331779 ], [ -46.9653472, -23.5330813 ], [ -46.9654471, -23.5329965 ], [ -46.9655604, -23.5329116 ], [ -46.9656817, -23.5328314 ], [ -46.9658031, -23.5327604 ], [ -46.9659238, -23.532697699999989 ], [ -46.9660499, -23.5326427 ], [ -46.9661887, -23.5325894 ], [ -46.9663235, -23.5325472 ], [ -46.96645620000001, -23.5325133 ], [ -46.9666078, -23.5324832 ], [ -46.9667613, -23.5324604 ], [ -46.9669223, -23.5324432 ], [ -46.967452, -23.5323867 ], [ -46.9676441, -23.5323624 ], [ -46.9678094, -23.5323388 ], [ -46.9679636, -23.5323107 ], [ -46.9681017, -23.5322809 ], [ -46.96825530000001, -23.532244 ], [ -46.9683951, -23.532205 ], [ -46.9688313, -23.5320738 ], [ -46.9689835, -23.5320313 ], [ -46.9691267, -23.531995 ], [ -46.9692785, -23.5319625 ], [ -46.9694502, -23.5319342 ], [ -46.9696286, -23.531912 ], [ -46.9707718, -23.531791 ], [ -46.9709334, -23.5317694 ], [ -46.9710702, -23.5317442 ], [ -46.9711902, -23.5317128 ], [ -46.9713256, -23.5316698 ], [ -46.9714618, -23.5316166 ], [ -46.9715892, -23.5315554 ], [ -46.9717059, -23.5314921 ], [ -46.9718159, -23.531422 ], [ -46.9719218, -23.5313451 ], [ -46.9720137, -23.531272 ], [ -46.9720975, -23.5311964 ], [ -46.9721837, -23.5311093 ], [ -46.9722592, -23.531018 ], [ -46.9723346, -23.5309157 ], [ -46.9724073, -23.5308023 ], [ -46.9724723, -23.5306873 ], [ -46.9725374, -23.5305649 ], [ -46.9729485, -23.5297738 ], [ -46.9730195, -23.5296425 ], [ -46.9730879, -23.5295297 ], [ -46.9731583, -23.5294301 ], [ -46.9732304, -23.5293416 ], [ -46.9733112, -23.5292494 ], [ -46.9733937, -23.5291665 ], [ -46.9734869, -23.5290832 ], [ -46.9735975, -23.5289974 ], [ -46.9737068, -23.5289218 ], [ -46.9738195, -23.5288528 ], [ -46.9739419, -23.5287892 ], [ -46.9740643, -23.5287329 ], [ -46.9742111, -23.5286764 ], [ -46.974368, -23.5286216 ], [ -46.975927, -23.5280867 ], [ -46.9762419, -23.5279791 ], [ -46.9772929, -23.5276256 ], [ -46.9774727, -23.5275666 ], [ -46.9776511, -23.5275104 ], [ -46.9777852, -23.5274738 ], [ -46.977922, -23.5274449 ], [ -46.9780621, -23.527424 ], [ -46.9782009, -23.5274119 ], [ -46.9783363, -23.5274073 ], [ -46.9784732, -23.5274092 ], [ -46.978613, -23.5274194 ], [ -46.9787326, -23.527434499999988 ], [ -46.9788715, -23.5274597 ], [ -46.9790042, -23.5274913 ], [ -46.9791316, -23.5275298 ], [ -46.979255, -23.5275753 ], [ -46.9793817, -23.5276288 ], [ -46.9795078, -23.5276915 ], [ -46.9796298, -23.5277622 ], [ -46.9797431, -23.5278354 ], [ -46.9798532, -23.5279183 ], [ -46.9799679, -23.5280159 ], [ -46.9800713, -23.5281154 ], [ -46.9801599, -23.5282141 ], [ -46.9802367, -23.5283106 ], [ -46.9803081, -23.528411699999989 ], [ -46.9803742, -23.5285135 ], [ -46.9804396, -23.5286291 ], [ -46.9805545, -23.528832 ], [ -46.9806219, -23.5289426 ], [ -46.98069, -23.529041 ], [ -46.9807598, -23.5291329 ], [ -46.9808369, -23.5292248 ], [ -46.9809233, -23.5293115 ], [ -46.9810091, -23.5293902 ], [ -46.9811051, -23.5294682 ], [ -46.981209, -23.5295439 ], [ -46.9813183, -23.5296121 ], [ -46.9814478, -23.5296828 ], [ -46.9815725, -23.52974 ], [ -46.9817199, -23.5297996 ], [ -46.9820609, -23.5299278 ], [ -46.9822025, -23.5299765 ], [ -46.9823605, -23.5300273 ], [ -46.9826741, -23.5301236 ], [ -46.9834319, -23.5303474 ], [ -46.9844672, -23.5306462 ] ] ] } },
{ "type": "Feature", "properties": { "fid": 36, "Name": "Linha 8 - Diamante > IPV [Extensão]\n", "description": "Amador Bueno > Itapevi • 6.4km • 4 estações • 12min • ATP • Headway: 30min", "Status_Obra": "Construído", "Modal": "Trem", "N_Linha": 8, "data_abertura": null }, "geometry": { "type": "MultiLineString", "coordinates": [ [ [ -46.9844452, -23.5307427 ], [ -46.9831229, -23.5303622 ], [ -46.9829639, -23.5303124 ], [ -46.9828245, -23.5302638 ], [ -46.9827085, -23.5302214 ], [ -46.9821666, -23.5300099 ], [ -46.9819963, -23.5299441 ], [ -46.9815994, -23.5297923 ], [ -46.9814988, -23.5297505 ], [ -46.9814049, -23.529705 ], [ -46.981307, -23.5296521 ], [ -46.9812131, -23.5295974 ], [ -46.9811273, -23.529539 ], [ -46.9810348, -23.5294677 ], [ -46.9809543, -23.5294025 ], [ -46.9808765, -23.5293299 ], [ -46.9808121, -23.5292635 ], [ -46.9807491, -23.529191 ], [ -46.9806767, -23.5291012 ], [ -46.9806136, -23.5290127 ], [ -46.9805573, -23.5289193 ], [ -46.9803293, -23.5285221 ], [ -46.980277, -23.5284385 ], [ -46.9802241, -23.5283623 ], [ -46.9801557, -23.5282731 ], [ -46.9800946, -23.5282012 ], [ -46.9800276, -23.5281298 ], [ -46.9799592, -23.5280634 ], [ -46.9798827, -23.5279958 ], [ -46.979813, -23.5279399 ], [ -46.9797326, -23.5278797 ], [ -46.9796427, -23.5278181 ], [ -46.9795501, -23.5277622 ], [ -46.9794556, -23.5277106 ], [ -46.9793544, -23.5276607 ], [ -46.9792611, -23.5276208 ], [ -46.9791639, -23.5275845 ], [ -46.9790606, -23.5275507 ], [ -46.9789607, -23.5275231 ], [ -46.9788515, -23.5274991 ], [ -46.9787489, -23.527479399999986 ], [ -46.9786542, -23.5274665 ], [ -46.9785457, -23.5274548 ], [ -46.978443, -23.5274493 ], [ -46.9783311, -23.5274474 ], [ -46.9782225, -23.5274511 ], [ -46.9781044, -23.5274585 ], [ -46.9779904, -23.5274732 ], [ -46.9778623, -23.5274954 ], [ -46.9777584, -23.5275187 ], [ -46.9776431, -23.5275501 ], [ -46.9775331, -23.5275858 ], [ -46.977393, -23.5276325 ], [ -46.9763501, -23.5279834 ], [ -46.9760824, -23.5280748 ], [ -46.974348, -23.5286709 ], [ -46.9742106, -23.5287191 ], [ -46.9740704, -23.5287754 ], [ -46.9739504, -23.5288295 ], [ -46.9738391, -23.5288879 ], [ -46.9737297, -23.5289543 ], [ -46.9736285, -23.5290237 ], [ -46.9735373, -23.5290926 ], [ -46.9734468, -23.5291701 ], [ -46.973361, -23.5292525 ], [ -46.9732859, -23.5293361 ], [ -46.9732121, -23.5294234 ], [ -46.9731437, -23.5295193 ], [ -46.9730874, -23.5296078 ], [ -46.9730337, -23.5297025 ], [ -46.9729854, -23.5297923 ], [ -46.9725134, -23.5306948 ], [ -46.9724691, -23.5307772 ], [ -46.9724222, -23.5308596 ], [ -46.9723645, -23.5309444 ], [ -46.9722988, -23.5310317 ], [ -46.9722317, -23.5311141 ], [ -46.9721553, -23.531194 ], [ -46.9720748, -23.5312702 ], [ -46.971993, -23.5313428 ], [ -46.9719126, -23.5314055 ], [ -46.9718227, -23.531467 ], [ -46.9717235, -23.5315272 ], [ -46.9716175, -23.531585 ], [ -46.9715075, -23.5316379 ], [ -46.9714043, -23.5316809 ], [ -46.9713037, -23.5317166 ], [ -46.9711897, -23.5317535 ], [ -46.9710771, -23.5317817 ], [ -46.9709657, -23.5318039 ], [ -46.9708504, -23.5318211 ], [ -46.9707284, -23.5318346 ], [ -46.969461, -23.5319748 ], [ -46.9693336, -23.5319932 ], [ -46.9692062, -23.5320178 ], [ -46.9690802, -23.5320473 ], [ -46.9689487, -23.5320818 ], [ -46.9684083, -23.5322441 ], [ -46.9682648, -23.5322822 ], [ -46.9681266, -23.5323166 ], [ -46.9679898, -23.5323461 ], [ -46.9678544, -23.5323707 ], [ -46.9677015, -23.5323965 ], [ -46.96755, -23.532415 ], [ -46.9667802, -23.5324998 ], [ -46.9666474, -23.5325183 ], [ -46.9665173, -23.5325404 ], [ -46.9663966, -23.5325674 ], [ -46.9662759, -23.5326019 ], [ -46.9661539, -23.5326449 ], [ -46.9660305, -23.5326941 ], [ -46.9659205, -23.5327445 ], [ -46.9658092, -23.5328011 ], [ -46.9657059, -23.5328625 ], [ -46.9656134, -23.532924 ], [ -46.9655128, -23.5329966 ], [ -46.9654163, -23.5330752 ], [ -46.9653344, -23.5331478 ], [ -46.965254, -23.5332265 ], [ -46.9651802, -23.5333101 ], [ -46.9651038, -23.5334035 ], [ -46.9650327, -23.5334994 ], [ -46.964967, -23.5336015 ], [ -46.9649107, -23.5337011 ], [ -46.9648516, -23.5338167 ], [ -46.9648047, -23.5339273 ], [ -46.9647605, -23.5340454 ], [ -46.9647149, -23.5341917 ], [ -46.9646706, -23.5343429 ], [ -46.9646317, -23.5344966 ], [ -46.9646062, -23.5346134 ], [ -46.9645888, -23.5347167 ], [ -46.9645781, -23.5348175 ], [ -46.9645714, -23.5349294 ], [ -46.96457, -23.5350376 ], [ -46.9645754, -23.535145799999988 ], [ -46.9645875, -23.5352675 ], [ -46.9646062, -23.5353733 ], [ -46.9646317, -23.5354876 ], [ -46.9646612, -23.5355983 ], [ -46.964688, -23.5356967 ], [ -46.9650421, -23.5367713 ], [ -46.9650904, -23.53692 ], [ -46.9651306, -23.5370467 ], [ -46.9651641, -23.5371635 ], [ -46.9651923, -23.5372815 ], [ -46.9652164, -23.5373971 ], [ -46.9652339, -23.5375053 ], [ -46.9652486, -23.5376258 ], [ -46.965258, -23.5377364 ], [ -46.9652607, -23.537841 ], [ -46.9652593, -23.5379578 ], [ -46.96525, -23.5380795 ], [ -46.9652352, -23.5381975 ], [ -46.9652151, -23.5383131 ], [ -46.9651909, -23.538423699999989 ], [ -46.96515740000001, -23.5385455 ], [ -46.9651226, -23.5386549 ], [ -46.9650837, -23.5387606 ], [ -46.9650381, -23.5388602 ], [ -46.9649831, -23.5389746 ], [ -46.9649241, -23.5390791 ], [ -46.964861, -23.5391836 ], [ -46.9647886, -23.5392856 ], [ -46.9647162, -23.5393803 ], [ -46.964629, -23.5394836 ], [ -46.9645432, -23.539577 ], [ -46.9644574, -23.5396619 ], [ -46.9643648, -23.539743 ], [ -46.9642683, -23.5398217 ], [ -46.964161, -23.5399053 ], [ -46.9640497, -23.5399889 ], [ -46.9629969, -23.5407229 ], [ -46.9628682, -23.540809 ], [ -46.9627475, -23.5408852 ], [ -46.9626361, -23.5409504 ], [ -46.9625074, -23.541019199999987 ], [ -46.9624108, -23.5410659 ], [ -46.9623049, -23.5411102 ], [ -46.9621882, -23.5411545 ], [ -46.9620635, -23.5411975 ], [ -46.9619428, -23.5412319 ], [ -46.9618275, -23.5412602 ], [ -46.9617054, -23.541286 ], [ -46.9615686, -23.5413106 ], [ -46.9614385, -23.5413303 ], [ -46.9612991, -23.5413487 ], [ -46.9587241, -23.5416586 ], [ -46.9585847, -23.5416807 ], [ -46.9584532, -23.5417065 ], [ -46.9583164, -23.541736 ], [ -46.9581649, -23.5417766 ], [ -46.9580174, -23.541827 ], [ -46.9578672, -23.5418848 ], [ -46.957725, -23.5419475 ], [ -46.9575896, -23.5420188 ], [ -46.9574608, -23.5420913 ], [ -46.9573388, -23.5421676 ], [ -46.9572154, -23.5422573 ], [ -46.9570987, -23.5423483 ], [ -46.95696860000001, -23.5424577 ], [ -46.9561734, -23.543178199999989 ], [ -46.9560299, -23.5433073 ], [ -46.9559186, -23.5434044 ], [ -46.9558046, -23.5434979 ], [ -46.9556906, -23.5435839 ], [ -46.9555806, -23.5436601 ], [ -46.9554586, -23.5437376 ], [ -46.9553526, -23.5437978 ], [ -46.9552359, -23.5438581 ], [ -46.9551152, -23.5439122 ], [ -46.9549865, -23.5439626 ], [ -46.9548604, -23.5440056 ], [ -46.9547169, -23.5440487 ], [ -46.9545882, -23.5440794 ], [ -46.9544527, -23.5441052 ], [ -46.9543106, -23.5441273 ], [ -46.9541872, -23.544140899999988 ], [ -46.9540464, -23.5441507 ], [ -46.9538935, -23.5441556 ], [ -46.953746, -23.5441568 ], [ -46.9514178, -23.5441532 ], [ -46.9512716, -23.5441544 ], [ -46.9511281, -23.5441605 ], [ -46.9509967, -23.5441691 ], [ -46.9508411, -23.5441827 ], [ -46.9506722, -23.5442011 ], [ -46.9505085, -23.5442245 ], [ -46.9503516, -23.5442491 ], [ -46.9502041, -23.5442773 ], [ -46.9500418, -23.5443105 ], [ -46.9498661, -23.5443536 ], [ -46.9488603, -23.5446548 ], [ -46.948694, -23.5447052 ], [ -46.9485519, -23.5447445 ], [ -46.9484043, -23.5447851 ], [ -46.9468165, -23.5452031 ], [ -46.9466435, -23.5452461 ], [ -46.9464705, -23.5452867 ], [ -46.9462841, -23.545331 ], [ -46.9456913, -23.5454515 ], [ -46.945521, -23.5454871 ], [ -46.9453694, -23.545521499999989 ], [ -46.9452219, -23.5455572 ], [ -46.9440203, -23.545867 ], [ -46.9438714, -23.5459088 ], [ -46.9437105, -23.545958 ], [ -46.9435482, -23.5460109 ], [ -46.9433967, -23.5460699 ], [ -46.9432518, -23.5461338 ], [ -46.9430909, -23.5462174 ], [ -46.9429407, -23.546301 ], [ -46.9428267, -23.5463686 ], [ -46.9418329, -23.5469981 ], [ -46.9416988, -23.5470829 ], [ -46.9415862, -23.5471469 ], [ -46.9412335, -23.5473374 ], [ -46.9411141, -23.547405 ], [ -46.9409934, -23.54748 ], [ -46.9400721, -23.5480677 ], [ -46.9399406, -23.5481476 ], [ -46.9398159, -23.5482165 ], [ -46.9396939, -23.5482755 ], [ -46.9395745, -23.5483247 ], [ -46.9394739, -23.5483591 ], [ -46.939372, -23.5483898 ], [ -46.9392862, -23.5484107 ], [ -46.9391856, -23.5484316 ], [ -46.939081, -23.5484488 ], [ -46.9389777, -23.5484611 ], [ -46.9388946, -23.548466 ], [ -46.93879, -23.5484697 ], [ -46.9386907, -23.5484673 ], [ -46.9385821, -23.5484611 ], [ -46.9384761, -23.5484513 ], [ -46.9383809, -23.5484365 ], [ -46.9382817, -23.5484169 ], [ -46.9381677, -23.5483886 ], [ -46.9380604, -23.5483554 ], [ -46.9379598, -23.548321 ], [ -46.9378619, -23.548280399999989 ], [ -46.9377694, -23.5482361 ], [ -46.9376849, -23.5481931 ], [ -46.937591, -23.548139 ], [ -46.9375012, -23.54808 ], [ -46.9374167, -23.5480185 ], [ -46.9373255, -23.5479472 ], [ -46.9372517, -23.5478784 ], [ -46.9371739, -23.5478034 ], [ -46.9370921, -23.5477136 ], [ -46.9370157, -23.5476239 ], [ -46.9367374, -23.547295 ], [ -46.9366717, -23.5472114 ], [ -46.936612, -23.5471309 ], [ -46.9364504, -23.5469114 ], [ -46.9363847, -23.5468266 ], [ -46.936323, -23.5467522 ], [ -46.9351943, -23.54543 ] ] ] } },
{ "type": "Feature", "properties": { "fid": 37, "Name": "Linha 9 - Esmeralda > OSA", "description": "Varginha > Osasco • 36.3km • 21 estações • 50min • 439mil pass/d (MDU 2024) • 514mil pass/d (Nov/2024)", "Status_Obra": "Construído", "Modal": "Trem", "N_Linha": 9, "data_abertura": "1987-04-11" }, "geometry": { "type": "MultiLineString", "coordinates": [ [ [ -46.702595910774683, -23.56753655928815 ], [ -46.7018642, -23.5695428 ], [ -46.7017657, -23.5698054 ], [ -46.7016869, -23.5700079 ], [ -46.7016124, -23.5701897 ], [ -46.7011748, -23.5712373 ], [ -46.7010937, -23.571423 ], [ -46.7010126, -23.5715913 ], [ -46.7009576, -23.5716963 ], [ -46.7008939, -23.571807 ], [ -46.7008255, -23.5719151 ], [ -46.7007517, -23.572016 ], [ -46.7006579, -23.5721334 ], [ -46.7005573, -23.572244 ], [ -46.7004608, -23.5723399 ], [ -46.7003598, -23.5724322 ], [ -46.7002461, -23.5725243 ], [ -46.7001068, -23.5726263 ], [ -46.6999553, -23.5727266 ], [ -46.6997822, -23.572831 ], [ -46.6992974, -23.5731131 ], [ -46.6991459, -23.5732034 ], [ -46.6990164, -23.5732851 ], [ -46.6988763, -23.573378 ], [ -46.6987536, -23.5734671 ], [ -46.6986168, -23.5735734 ], [ -46.6984713, -23.5736957 ], [ -46.6983245, -23.5738272 ], [ -46.6978074, -23.5742967 ], [ -46.6976351, -23.5744574 ], [ -46.6974708, -23.5746169 ], [ -46.6973304, -23.5747604 ], [ -46.6971865, -23.5749088 ], [ -46.6970386, -23.5750689 ], [ -46.6968975, -23.5752279 ], [ -46.6967533, -23.5753929 ], [ -46.6966058, -23.5755708 ], [ -46.6964717, -23.5757373 ], [ -46.69635370000001, -23.5758904 ], [ -46.6962464, -23.5760354 ], [ -46.6961123, -23.5762253 ], [ -46.696001, -23.5763888 ], [ -46.6958991, -23.5765467 ], [ -46.6957777, -23.5767428 ], [ -46.6956456, -23.5769684 ], [ -46.6924618, -23.582516 ], [ -46.6923617, -23.5826893 ], [ -46.692277, -23.5828361 ], [ -46.6918004, -23.583628 ], [ -46.6917259, -23.5837579 ], [ -46.69165, -23.5838976 ], [ -46.6915667, -23.5840585 ], [ -46.6914875, -23.5842183 ], [ -46.69141170000001, -23.5843843 ], [ -46.6913353, -23.5845674 ], [ -46.6912742, -23.5847266 ], [ -46.6912153, -23.5848968 ], [ -46.6911649, -23.5850583 ], [ -46.6911194, -23.5852256 ], [ -46.6910741, -23.5854164 ], [ -46.6910376, -23.5855973 ], [ -46.6910097, -23.5857538 ], [ -46.6909826, -23.585934 ], [ -46.6909645, -23.586084 ], [ -46.6909477, -23.5862684 ], [ -46.6909303, -23.5864896 ], [ -46.6909186, -23.5866715 ], [ -46.6909095, -23.5868669 ], [ -46.6909061, -23.5870427 ], [ -46.6909054, -23.5872203 ], [ -46.6909108, -23.5874299 ], [ -46.6909209, -23.5875884 ], [ -46.6909376, -23.5877666 ], [ -46.6909584, -23.5879239 ], [ -46.6909845, -23.5880846 ], [ -46.6910194, -23.5882625 ], [ -46.6910543, -23.5884113 ], [ -46.6910957, -23.5885671 ], [ -46.6911395, -23.5887135 ], [ -46.6911968, -23.5888881 ], [ -46.6912568, -23.5890645 ], [ -46.6921117, -23.5913954 ], [ -46.6921647, -23.5915507 ], [ -46.6922177, -23.5917145 ], [ -46.6922613, -23.5918559 ], [ -46.6924877, -23.5926272 ], [ -46.6925327, -23.5927843 ], [ -46.6925684, -23.5929243 ], [ -46.692598, -23.5930528 ], [ -46.6926294, -23.5932112 ], [ -46.6926539, -23.5933532 ], [ -46.6926744, -23.5935087 ], [ -46.6926891, -23.5936616 ], [ -46.6926998, -23.593822 ], [ -46.6927045, -23.5939689 ], [ -46.6927059, -23.5941311 ], [ -46.6927099, -23.5945214 ], [ -46.6927143, -23.5947021 ], [ -46.6927213, -23.594863 ], [ -46.6927396, -23.595244 ], [ -46.6927502, -23.5954105 ], [ -46.6927649, -23.5955857 ], [ -46.6927809, -23.5957344 ], [ -46.6928037, -23.5959089 ], [ -46.6928332, -23.596081 ], [ -46.6928641, -23.596229 ], [ -46.6928976, -23.5963703 ], [ -46.6929432, -23.5965418 ], [ -46.6929828, -23.5966745 ], [ -46.6930278, -23.596811 ], [ -46.693078, -23.5969486 ], [ -46.6931357, -23.5970943 ], [ -46.6931994, -23.597241 ], [ -46.6932639, -23.5973768 ], [ -46.6933282, -23.5975066 ], [ -46.6934059, -23.5976467 ], [ -46.693477, -23.5977719 ], [ -46.6935601, -23.5979059 ], [ -46.6936359, -23.5980215 ], [ -46.6937271, -23.5981548 ], [ -46.6938371, -23.5983087 ], [ -46.6945781, -23.5993278 ], [ -46.6946794, -23.5994691 ], [ -46.6947847, -23.5996243 ], [ -46.6948826, -23.5997794 ], [ -46.694965, -23.5999202 ], [ -46.6950448, -23.6000658 ], [ -46.6951265, -23.6002275 ], [ -46.695191, -23.6003652 ], [ -46.6952594, -23.6005268 ], [ -46.6953234, -23.600689 ], [ -46.6953908, -23.600869 ], [ -46.6956441, -23.6015868 ], [ -46.6956972, -23.601738 ], [ -46.6957605, -23.6019175 ], [ -46.6960168, -23.6026609 ], [ -46.6961054, -23.6029151 ], [ -46.6964084, -23.6038297 ], [ -46.6964616, -23.6039867 ], [ -46.6970564, -23.6056801 ], [ -46.6971154, -23.6058429 ], [ -46.6971644, -23.6059744 ], [ -46.6973264, -23.6064014 ], [ -46.6974129, -23.6066484 ], [ -46.6974802, -23.6068474 ], [ -46.6975416, -23.6070373 ], [ -46.6976064, -23.6072487 ], [ -46.6976573, -23.6074288 ], [ -46.6977049, -23.6076017 ], [ -46.6977434, -23.6077459 ], [ -46.69779, -23.6079227 ], [ -46.697845, -23.608146699999985 ], [ -46.6978826, -23.6083123 ], [ -46.6995415, -23.6160063 ], [ -46.6995804, -23.6161804 ], [ -46.6996253, -23.6163635 ], [ -46.6996676, -23.6165202 ], [ -46.6997145, -23.6166683 ], [ -46.6997675, -23.6168109 ], [ -46.6998312, -23.6169669 ], [ -46.699915, -23.6171585 ], [ -46.7001265, -23.6176292 ], [ -46.7001988, -23.6178018 ], [ -46.7002542, -23.6179456 ], [ -46.7002978, -23.6180722 ], [ -46.700338, -23.618203 ], [ -46.7003723, -23.6183394 ], [ -46.7003983, -23.6184688 ], [ -46.7004192, -23.6185999 ], [ -46.7004366, -23.6187345 ], [ -46.7004922, -23.6192229 ], [ -46.7005203, -23.6194527 ], [ -46.7005411, -23.6196014 ], [ -46.700568, -23.6197464 ], [ -46.7005975, -23.6198735 ], [ -46.7006337, -23.6200112 ], [ -46.7006779, -23.6201531 ], [ -46.7007242, -23.6202859 ], [ -46.7007755, -23.6204149 ], [ -46.7008335, -23.6205476 ], [ -46.7008966, -23.6206741 ], [ -46.7009562, -23.6207823 ], [ -46.7010367, -23.6209175 ], [ -46.7011346, -23.6210674 ], [ -46.7012433, -23.6212191 ], [ -46.7013707, -23.6213862 ], [ -46.7014914, -23.621538 ], [ -46.7016356, -23.6217087 ], [ -46.7017643, -23.6218519 ], [ -46.7018857, -23.6219815 ], [ -46.7020285, -23.622124 ], [ -46.7021378, -23.6222266 ], [ -46.7022633, -23.6223407 ], [ -46.7024053, -23.6224631 ], [ -46.7025415, -23.6225726 ], [ -46.7026753, -23.6226743 ], [ -46.7028272, -23.6227851 ], [ -46.7030075, -23.6229085 ], [ -46.7031557, -23.6230049 ], [ -46.7033643, -23.623134 ], [ -46.7035768, -23.6232581 ], [ -46.7037772, -23.6233687 ], [ -46.7039509, -23.623459 ], [ -46.7041253, -23.6235456 ], [ -46.7043485, -23.6236464 ], [ -46.7045317, -23.6237219 ], [ -46.7047235, -23.6237954 ], [ -46.7049527, -23.6238768 ], [ -46.7052163, -23.6239628 ], [ -46.7075571, -23.6247018 ], [ -46.7077442, -23.6247627 ], [ -46.7079594, -23.6248352 ], [ -46.7081586, -23.624907 ], [ -46.7083471, -23.6249789 ], [ -46.7085395, -23.6250587 ], [ -46.7087373, -23.6251454 ], [ -46.7089197, -23.6252295 ], [ -46.7091362, -23.6253358 ], [ -46.7093442, -23.6254445 ], [ -46.7095359, -23.6255503 ], [ -46.7097156, -23.6256554 ], [ -46.7098947, -23.6257641 ], [ -46.7100636, -23.6258728 ], [ -46.7102219, -23.6259778 ], [ -46.7103801, -23.6260903 ], [ -46.7105417, -23.626215699999989 ], [ -46.7106726, -23.6263244 ], [ -46.710802, -23.6264393 ], [ -46.7109401, -23.6265702 ], [ -46.7110625, -23.6266921 ], [ -46.7112143, -23.6268478 ], [ -46.7115134, -23.6271568 ], [ -46.7117782, -23.6274339 ], [ -46.7134962, -23.6292688 ], [ -46.7136565, -23.6294372 ], [ -46.7138026, -23.6295871 ], [ -46.7142163, -23.6299938 ], [ -46.7143937, -23.6301676 ], [ -46.7145418, -23.6303157 ], [ -46.7147072, -23.6304859 ], [ -46.7148755, -23.6306634 ], [ -46.7214416, -23.637677 ], [ -46.72156, -23.6378053 ], [ -46.7216688, -23.6379285 ], [ -46.7217622, -23.6380362 ], [ -46.7222464, -23.638610499999988 ], [ -46.7223466, -23.6387288 ], [ -46.722447, -23.638845 ], [ -46.7225649, -23.6389754 ], [ -46.7232401, -23.6397015 ], [ -46.7233738, -23.63985 ], [ -46.7234923, -23.6399842 ], [ -46.7236063, -23.6401192 ], [ -46.7237262, -23.6402635 ], [ -46.7238405, -23.6404071 ], [ -46.7239303, -23.6405258 ], [ -46.7240312, -23.6406634 ], [ -46.7241219, -23.6407888 ], [ -46.7242068, -23.640911 ], [ -46.7242917, -23.6410364 ], [ -46.7244071, -23.6412115 ], [ -46.7245159, -23.6413805 ], [ -46.7246099, -23.6415325 ], [ -46.724706, -23.6416935 ], [ -46.7248007, -23.6418582 ], [ -46.7248869, -23.6420126 ], [ -46.7249734, -23.6421722 ], [ -46.7250572, -23.6423347 ], [ -46.7251323, -23.642485 ], [ -46.7252141, -23.6426499 ], [ -46.7254683, -23.6431876 ], [ -46.7255374, -23.6433381 ], [ -46.7256017, -23.6434862 ], [ -46.7256664, -23.6436434 ], [ -46.725713, -23.6437731 ], [ -46.7257583, -23.6439107 ], [ -46.7257981, -23.6440495 ], [ -46.7258324, -23.6441858 ], [ -46.7258606, -23.6443166 ], [ -46.7258841, -23.6444439 ], [ -46.7259038, -23.6445895 ], [ -46.7259176, -23.644719 ], [ -46.725928, -23.644861 ], [ -46.7259323, -23.6449912 ], [ -46.725931, -23.6451467 ], [ -46.7259243, -23.6452861 ], [ -46.7259129, -23.6454267 ], [ -46.7258968, -23.6455642 ], [ -46.7258727, -23.6457246 ], [ -46.7258405, -23.6459174 ], [ -46.7255655, -23.6473732 ], [ -46.7255236, -23.6475891 ], [ -46.7254844, -23.6477731 ], [ -46.7254421, -23.6479481 ], [ -46.7253888, -23.6481496 ], [ -46.7253356, -23.6483179 ], [ -46.7252853, -23.6484671 ], [ -46.7252289, -23.6486165 ], [ -46.7251672, -23.6487688 ], [ -46.7251055, -23.6489088 ], [ -46.7250344, -23.6490549 ], [ -46.7249567, -23.6492079 ], [ -46.7248695, -23.6493639 ], [ -46.7247817, -23.6495108 ], [ -46.7246864, -23.6496606 ], [ -46.7245926, -23.6497983 ], [ -46.7244891, -23.6499396 ], [ -46.7243877, -23.6500712 ], [ -46.72426, -23.6502294 ], [ -46.7241031, -23.6504173 ], [ -46.7211109, -23.6539163 ], [ -46.7208308, -23.6542458 ], [ -46.7193192, -23.655977 ], [ -46.7191943, -23.6561136 ], [ -46.7190746, -23.6562377 ], [ -46.7189458, -23.6563649 ], [ -46.7188083, -23.6564907 ], [ -46.7186621, -23.6566165 ], [ -46.718528, -23.6567245 ], [ -46.7183775, -23.6568402 ], [ -46.7182136, -23.6569608 ], [ -46.7168665, -23.6579023 ], [ -46.7166998, -23.6580141 ], [ -46.7165251, -23.6581283 ], [ -46.7150486, -23.6590784 ], [ -46.714821, -23.6592264 ], [ -46.7146027, -23.659372 ], [ -46.7143801, -23.659528 ], [ -46.7141608, -23.6596883 ], [ -46.7139664, -23.6598376 ], [ -46.7137759, -23.6599886 ], [ -46.7135975, -23.6601363 ], [ -46.7134023, -23.6603055 ], [ -46.7132233, -23.660469 ], [ -46.7130343, -23.6606475 ], [ -46.7119539, -23.6617133 ], [ -46.7118279, -23.6618435 ], [ -46.7117072, -23.6619786 ], [ -46.7115953, -23.6621168 ], [ -46.7114812, -23.6622709 ], [ -46.7113759, -23.6624214 ], [ -46.711266, -23.6625854 ], [ -46.7111694, -23.6627432 ], [ -46.7110876, -23.6628842 ], [ -46.7110125, -23.6630275 ], [ -46.7109421, -23.6631712 ], [ -46.7108774, -23.6633171 ], [ -46.7108121, -23.6634789 ], [ -46.7106196, -23.6639887 ], [ -46.7105596, -23.6641366 ], [ -46.7104976, -23.6642752 ], [ -46.7104392, -23.6643972 ], [ -46.7103795, -23.6645132 ], [ -46.7103015, -23.6646554 ], [ -46.71021, -23.6648135 ], [ -46.7101268, -23.6649468 ], [ -46.7100353, -23.6650834 ], [ -46.7099545, -23.6651997 ], [ -46.7098689, -23.6653161 ], [ -46.7097796, -23.6654292 ], [ -46.7091457, -23.6662083 ], [ -46.7090204, -23.6663693 ], [ -46.7089076, -23.6665203 ], [ -46.7087987, -23.6666751 ], [ -46.7086783, -23.6668538 ], [ -46.70857070000001, -23.6670202 ], [ -46.7084611, -23.6671965 ], [ -46.7052625, -23.6725593 ], [ -46.7051552, -23.6727332 ], [ -46.7050545, -23.6728912 ], [ -46.7049498, -23.6730534 ], [ -46.7044673, -23.6737871 ], [ -46.7043261, -23.6740035 ], [ -46.704201, -23.6741958 ], [ -46.7040592, -23.6744225 ], [ -46.7039034, -23.6746804 ], [ -46.7027646, -23.6766007 ], [ -46.7026535, -23.6767856 ], [ -46.7025424, -23.6769643 ], [ -46.7024596, -23.677089 ], [ -46.702353, -23.6772425 ], [ -46.702271890140963, -23.677352758760183 ] ] ] } },
{ "type": "Feature", "properties": { "fid": 38, "Name": "Linha 9 - Esmeralda > VAR", "description": "Osasco > Varginha • 36.3km • 21 estações • 50min • 439mil pass/d (MDU 2024) • 514mil pass/d (Nov/2024)", "Status_Obra": "Construído", "Modal": "Trem", "N_Linha": 9, "data_abertura": "1987-04-11" }, "geometry": { "type": "MultiLineString", "coordinates": [ [ [ -46.702716455363927, -23.567582568671643 ], [ -46.7026653, -23.5677228 ], [ -46.7026082, -23.5678722 ], [ -46.7025493, -23.5680179 ], [ -46.7023789, -23.5684431 ], [ -46.7023212, -23.5685888 ], [ -46.7022454, -23.5687842 ], [ -46.7018747, -23.5697916 ], [ -46.7017932, -23.5700006 ], [ -46.7017157, -23.5701911 ], [ -46.7013107, -23.5711616 ], [ -46.7012403, -23.571322 ], [ -46.70118, -23.5714492 ], [ -46.7011156, -23.5715703 ], [ -46.7010408, -23.5717 ], [ -46.7009606, -23.5718259 ], [ -46.7008735, -23.5719501 ], [ -46.7007837, -23.5720669 ], [ -46.7006912, -23.5721744 ], [ -46.7005617, -23.5723115 ], [ -46.700443, -23.5724264 ], [ -46.7003284, -23.5725302 ], [ -46.7002057, -23.5726341 ], [ -46.7000715, -23.5727386 ], [ -46.6999281, -23.5728425 ], [ -46.6997852, -23.572939 ], [ -46.699645, -23.5730275 ], [ -46.6992367, -23.5732727 ], [ -46.6991019, -23.5733551 ], [ -46.6989825, -23.5734337 ], [ -46.6988666, -23.5735167 ], [ -46.69876, -23.5735972 ], [ -46.6986573, -23.5736802 ], [ -46.698548, -23.573772 ], [ -46.6984353, -23.5738713 ], [ -46.6972947, -23.5749069 ], [ -46.6971244, -23.5750673 ], [ -46.6969917, -23.5751995 ], [ -46.6968368, -23.5753648 ], [ -46.6966832, -23.575541799999989 ], [ -46.6965465, -23.5757096 ], [ -46.6963942, -23.5759056 ], [ -46.6962675, -23.5760783 ], [ -46.6961367, -23.5762627 ], [ -46.6960207, -23.5764354 ], [ -46.6959074, -23.5766112 ], [ -46.6958109, -23.5767691 ], [ -46.6957169, -23.5769271 ], [ -46.6924367, -23.5826418 ], [ -46.69233, -23.5828351 ], [ -46.6922174, -23.5830413 ], [ -46.6921201, -23.5832233 ], [ -46.6920095, -23.5834328 ], [ -46.6916575, -23.5841272 ], [ -46.6915816, -23.5842858 ], [ -46.691518, -23.5844234 ], [ -46.691461, -23.5845574 ], [ -46.6914073, -23.5846938 ], [ -46.691361, -23.584821 ], [ -46.6913121, -23.584966699999988 ], [ -46.6912658, -23.5851166 ], [ -46.691223, -23.5852751 ], [ -46.691184, -23.5854399 ], [ -46.6911519, -23.5855917 ], [ -46.691123, -23.5857558 ], [ -46.6910988, -23.585918 ], [ -46.6910778, -23.5860809 ], [ -46.6910581, -23.5862597 ], [ -46.6910414, -23.5864553 ], [ -46.6910274, -23.5866784 ], [ -46.6910183, -23.5868662 ], [ -46.6910132, -23.5870564 ], [ -46.6910126, -23.5872401 ], [ -46.6910173, -23.5874202 ], [ -46.691028, -23.587583 ], [ -46.6910427, -23.5877459 ], [ -46.6910629, -23.587905 ], [ -46.691087, -23.5880648 ], [ -46.6911199, -23.5882412 ], [ -46.6911635, -23.5884287 ], [ -46.6912151, -23.5886215 ], [ -46.6912755, -23.5888231 ], [ -46.6915968, -23.5898345 ], [ -46.6916766, -23.5900692 ], [ -46.6917718, -23.5903328 ], [ -46.6924406, -23.5921461 ], [ -46.6925049, -23.5923227 ], [ -46.6925699, -23.5925105 ], [ -46.6926236, -23.5926844 ], [ -46.6926686, -23.5928479 ], [ -46.6927101, -23.5930266 ], [ -46.6927457, -23.5932043 ], [ -46.6927745, -23.5933837 ], [ -46.6927993, -23.5935834 ], [ -46.6928114, -23.5937493 ], [ -46.6928187, -23.5938876 ], [ -46.6928215, -23.5940351 ], [ -46.6928221, -23.5942446 ], [ -46.6928194, -23.5944173 ], [ -46.6928019, -23.5949352 ], [ -46.6927978, -23.5951477 ], [ -46.6927992, -23.5952841 ], [ -46.6928032, -23.595399 ], [ -46.6928113, -23.5955238 ], [ -46.6928233, -23.5956676 ], [ -46.6928374, -23.5958021 ], [ -46.6928582, -23.5959497 ], [ -46.692889, -23.5961235 ], [ -46.6929172, -23.5962569 ], [ -46.6929521, -23.5964055 ], [ -46.6929882, -23.5965384 ], [ -46.6930238, -23.5966563 ], [ -46.6930654, -23.5967872 ], [ -46.6931049, -23.5968978 ], [ -46.6931572, -23.5970342 ], [ -46.6932136, -23.59717 ], [ -46.69327590000001, -23.5973058 ], [ -46.6933443, -23.5974453 ], [ -46.6934061, -23.5975639 ], [ -46.6934731, -23.5976843 ], [ -46.6935535, -23.5978195 ], [ -46.6936226, -23.5979277 ], [ -46.6937272, -23.5980837 ], [ -46.6938412, -23.5982447 ], [ -46.6946848, -23.5994024 ], [ -46.6947827, -23.5995437 ], [ -46.6948658, -23.5996703 ], [ -46.6949409, -23.5997932 ], [ -46.695014, -23.5999174 ], [ -46.6950938, -23.6000624 ], [ -46.6951729, -23.6002208 ], [ -46.6952487, -23.6003855 ], [ -46.6953111, -23.6005337 ], [ -46.6953687, -23.6006786 ], [ -46.6954291, -23.6008421 ], [ -46.6956879, -23.601577 ], [ -46.6957516, -23.6017515 ], [ -46.6958241, -23.6019438 ], [ -46.6962907, -23.6031746 ], [ -46.6963782, -23.6034139 ], [ -46.696455, -23.6036299 ], [ -46.697305900000011, -23.6060539 ], [ -46.6974508, -23.6064889 ], [ -46.6975279, -23.606739 ], [ -46.6975896, -23.6069418 ], [ -46.6976526, -23.6071641 ], [ -46.6977036, -23.6073522 ], [ -46.6977569, -23.6075691 ], [ -46.6978157, -23.6078115 ], [ -46.6979323, -23.6083414 ], [ -46.6979765, -23.6085497 ], [ -46.6995704, -23.6159405 ], [ -46.6996113, -23.6161248 ], [ -46.6996481, -23.6162833 ], [ -46.6996878, -23.6164376 ], [ -46.69973, -23.6165795 ], [ -46.6997689, -23.6166962 ], [ -46.6998171, -23.6168252 ], [ -46.6998735, -23.6169609 ], [ -46.6999278, -23.6170863 ], [ -46.7001652, -23.6176159 ], [ -46.7002343, -23.6177745 ], [ -46.7002839, -23.6179017 ], [ -46.7003308, -23.6180368 ], [ -46.7003724, -23.6181713 ], [ -46.7004066, -23.6183046 ], [ -46.7004314, -23.618422 ], [ -46.7004529, -23.6185455 ], [ -46.7004736, -23.6186831 ], [ -46.7004917, -23.6188288 ], [ -46.7005434, -23.6192655 ], [ -46.7005608, -23.6194044 ], [ -46.700581, -23.6195315 ], [ -46.7006058, -23.6196576 ], [ -46.7006326, -23.6197718 ], [ -46.7006675, -23.6198977 ], [ -46.7007064, -23.6200231 ], [ -46.700753, -23.6201521 ], [ -46.7008067, -23.6202819 ], [ -46.7008726, -23.6204224 ], [ -46.700933, -23.620540399999989 ], [ -46.7010201, -23.6206921 ], [ -46.7011248, -23.620859799999987 ], [ -46.7012233, -23.6210067 ], [ -46.7013246, -23.6211505 ], [ -46.7014265, -23.6212862 ], [ -46.7015331, -23.621422599999988 ], [ -46.7016491, -23.6215627 ], [ -46.7017551, -23.6216843 ], [ -46.7018697, -23.6218097 ], [ -46.7019837, -23.6219307 ], [ -46.7021118, -23.6220579 ], [ -46.7022332, -23.6221746 ], [ -46.7023764, -23.6223058 ], [ -46.7025289, -23.6224412 ], [ -46.7026711, -23.6225647 ], [ -46.7028052, -23.622676 ], [ -46.7029425, -23.6227853 ], [ -46.7030922, -23.6228971 ], [ -46.7032497, -23.6230065 ], [ -46.7034214, -23.6231188 ], [ -46.7035857, -23.6232166 ], [ -46.7037385, -23.6233026 ], [ -46.7039009, -23.6233904 ], [ -46.704055, -23.6234678 ], [ -46.7042234, -23.6235465 ], [ -46.7043924, -23.6236215 ], [ -46.7045606, -23.6236914 ], [ -46.7047552, -23.6237658 ], [ -46.7049737, -23.6238432 ], [ -46.7051816, -23.6239114 ], [ -46.7076017, -23.6246751 ], [ -46.7078718, -23.6247647 ], [ -46.708077, -23.624836 ], [ -46.708287, -23.6249146 ], [ -46.7084995, -23.625 ], [ -46.7087268, -23.6250977 ], [ -46.708924, -23.6251881 ], [ -46.709105, -23.6252759 ], [ -46.70927, -23.6253607 ], [ -46.7094235, -23.6254424 ], [ -46.7096065, -23.6255456 ], [ -46.7097856, -23.6256518 ], [ -46.709968, -23.6257642 ], [ -46.7101477, -23.6258816 ], [ -46.7103147, -23.6259953 ], [ -46.710495, -23.6261268 ], [ -46.7106533, -23.6262454 ], [ -46.7108223, -23.6263762 ], [ -46.7109926, -23.626515 ], [ -46.7111509, -23.6266502 ], [ -46.7113044, -23.6267896 ], [ -46.7114406, -23.6269205 ], [ -46.7116447, -23.627133 ], [ -46.7118529, -23.627353 ], [ -46.7134747, -23.6290841 ], [ -46.7136684, -23.629292 ], [ -46.7138555, -23.6294962 ], [ -46.714585, -23.6302916 ], [ -46.7148329, -23.6305591 ], [ -46.7233181, -23.6396232 ], [ -46.7234595, -23.639778 ], [ -46.723607, -23.6399439 ], [ -46.7237646, -23.6401319 ], [ -46.7239048, -23.6403039 ], [ -46.7240589, -23.6405035 ], [ -46.7241844, -23.6406761 ], [ -46.7242924, -23.6408334 ], [ -46.7244003, -23.6409992 ], [ -46.7245059, -23.64117 ], [ -46.7246008, -23.6413273 ], [ -46.7246966, -23.6414956 ], [ -46.7247852, -23.6416633 ], [ -46.7248925, -23.6418764 ], [ -46.7255973, -23.6433691 ], [ -46.7256723, -23.6435399 ], [ -46.7257421, -23.6437112 ], [ -46.7257997, -23.6438716 ], [ -46.7258467, -23.644019 ], [ -46.7258889, -23.6441707 ], [ -46.7259292, -23.644336 ], [ -46.72596, -23.6444951 ], [ -46.7259794, -23.6446314 ], [ -46.7259962, -23.6447849 ], [ -46.7260056, -23.6449281 ], [ -46.7260097, -23.6450928 ], [ -46.72600820000001, -23.645229 ], [ -46.7260016, -23.6453783 ], [ -46.7259901, -23.645511 ], [ -46.7259741, -23.6456456 ], [ -46.7259546, -23.6457856 ], [ -46.7259244, -23.6459662 ], [ -46.7256589, -23.6473912 ], [ -46.7256173, -23.647598899999981 ], [ -46.7255764, -23.6477813 ], [ -46.7255315, -23.6479601 ], [ -46.7254886, -23.6481148 ], [ -46.725439, -23.6482739 ], [ -46.7253894, -23.6484189 ], [ -46.7253263, -23.6485823 ], [ -46.7252546, -23.6487537 ], [ -46.7251842, -23.6489072 ], [ -46.7251097, -23.6490577 ], [ -46.725034, -23.6492002 ], [ -46.7249582, -23.6493323 ], [ -46.7248724, -23.6494736 ], [ -46.7247986, -23.6495878 ], [ -46.7247115, -23.6497167 ], [ -46.7246256, -23.6498371 ], [ -46.7245304, -23.6499619 ], [ -46.7244151, -23.6501087 ], [ -46.7242448, -23.6503119 ], [ -46.7210502, -23.6540483 ], [ -46.720954, -23.6541638 ], [ -46.7208443, -23.6543001 ], [ -46.72021, -23.655106 ], [ -46.7200987, -23.6552429 ], [ -46.7199511, -23.6554198 ], [ -46.7195596, -23.655886 ], [ -46.7194741, -23.6559852 ], [ -46.7193926, -23.656077 ], [ -46.7192967, -23.6561802 ], [ -46.7191914, -23.6562877 ], [ -46.7190861, -23.6563906 ], [ -46.71896610000001, -23.6565045 ], [ -46.7188569, -23.6566016 ], [ -46.7187415, -23.6567004 ], [ -46.7186174, -23.6568012 ], [ -46.718482, -23.6569075 ], [ -46.7183499, -23.6570075 ], [ -46.7182346, -23.6570917 ], [ -46.7181018, -23.6571807 ], [ -46.7179677, -23.6572668 ], [ -46.7165354, -23.6581686 ], [ -46.7162411, -23.6583564 ], [ -46.7152507, -23.6589937 ], [ -46.7150287, -23.6591399 ], [ -46.7148362, -23.6592696 ], [ -46.7146431, -23.6594034 ], [ -46.7144761, -23.6595232 ], [ -46.714334, -23.6596269 ], [ -46.7141536, -23.6597633 ], [ -46.7140021, -23.6598807 ], [ -46.7138384, -23.660010799999988 ], [ -46.7136152, -23.6601963 ], [ -46.7134274, -23.6603554 ], [ -46.7132142, -23.6605452 ], [ -46.7130398, -23.6607046 ], [ -46.7128641, -23.6608732 ], [ -46.7126791, -23.6610556 ], [ -46.7125456, -23.6611913 ], [ -46.7124075, -23.661335 ], [ -46.7122553, -23.6614978 ], [ -46.7121092, -23.6616599 ], [ -46.711965, -23.6618245 ], [ -46.7118235, -23.6619904 ], [ -46.7117243, -23.6621113 ], [ -46.7116209, -23.6622447 ], [ -46.7115337, -23.6623655 ], [ -46.7114513, -23.6624903 ], [ -46.7113809, -23.6626057 ], [ -46.7113118, -23.6627311 ], [ -46.7112468, -23.6628588 ], [ -46.711183, -23.6629865 ], [ -46.7105008, -23.6643638 ], [ -46.7104386, -23.6644862 ], [ -46.7103694, -23.664617499999988 ], [ -46.7103006, -23.6647403 ], [ -46.7102249, -23.6648671 ], [ -46.7101517, -23.6649814 ], [ -46.7100629, -23.6651158 ], [ -46.7099761, -23.665238 ], [ -46.7098835, -23.6653634 ], [ -46.709789, -23.6654831 ], [ -46.7092754, -23.6661095 ], [ -46.7091554, -23.6662594 ], [ -46.7090266, -23.6664277 ], [ -46.7088901, -23.6666138 ], [ -46.708759, -23.6668024 ], [ -46.7086284, -23.6670044 ], [ -46.7085096, -23.6671973 ], [ -46.7053393, -23.6725126 ], [ -46.705238, -23.6726784 ], [ -46.705136, -23.6728455 ], [ -46.7050295, -23.6730101 ], [ -46.7049356, -23.6731519 ], [ -46.7045484, -23.6737381 ], [ -46.7044474, -23.6738927 ], [ -46.7043435, -23.6740519 ], [ -46.7042415, -23.6742086 ], [ -46.70415, -23.674355 ], [ -46.7040558, -23.6745079 ], [ -46.7032635, -23.6758385 ], [ -46.7027804, -23.6766586 ], [ -46.7026785, -23.6768256 ], [ -46.7025846, -23.6769767 ], [ -46.7025001, -23.6771068 ], [ -46.7023982, -23.6772536 ], [ -46.70230981783746, -23.67737551541509 ] ] ] } },
{ "type": "Feature", "properties": { "fid": 39, "Name": "L9 via 3 [Jurubatuba]", "description": null, "Status_Obra": "Construído", "Modal": "Trem", "N_Linha": 9, "data_abertura": "2007-10-17" }, "geometry": { "type": "MultiLineString", "coordinates": [ [ [ -46.70240061076143, -23.677429991185818 ], [ -46.702289, -23.677576 ], [ -46.7021576, -23.6777387 ], [ -46.7020322, -23.6778861 ], [ -46.7018571, -23.6780789 ], [ -46.701508, -23.6784413 ], [ -46.7013772, -23.6785641 ], [ -46.7012565, -23.678671 ], [ -46.7009252, -23.678962 ], [ -46.7007831, -23.679092199999989 ], [ -46.7006537, -23.6792126 ], [ -46.7005477, -23.6793127 ], [ -46.7000153, -23.6798721 ], [ -46.6998725, -23.680014 ], [ -46.6997364, -23.6801399 ], [ -46.6995761, -23.6802891 ], [ -46.6994353, -23.6804267 ], [ -46.699279, -23.68059 ] ] ] } },
{ "type": "Feature", "properties": { "fid": 40, "Name": "Linha 10 - Turquesa > BFU", "description": "Rio Grande da Serra > Palmeiras-Barra Funda • 41.1km • 15 estações • 58min • 409mil pass/d • ATP • Headway: 360s", "Status_Obra": "Construído", "Modal": "Trem", "N_Linha": 10, "data_abertura": "1867-02-16" }, "geometry": { "type": "MultiLineString", "coordinates": [ [ [ -46.3909738, -23.7444159 ], [ -46.3910664, -23.744265 ], [ -46.3911442, -23.7441434 ], [ -46.3912354, -23.7440121 ], [ -46.3913333, -23.7438801 ], [ -46.3914298, -23.7437573 ], [ -46.391527, -23.7436401 ], [ -46.3916223, -23.7435327 ], [ -46.3917336, -23.743413 ], [ -46.3918509, -23.7432927 ], [ -46.3919696, -23.7431761 ], [ -46.3920849, -23.7430724 ], [ -46.3922211, -23.7429545 ], [ -46.3923471, -23.7428557 ], [ -46.3924859, -23.7427513 ], [ -46.3926281, -23.7426507 ], [ -46.3927803, -23.7425494 ], [ -46.3929278, -23.7424579 ], [ -46.3930861, -23.7423653 ], [ -46.3932651, -23.7422689 ], [ -46.3934281, -23.7421866 ], [ -46.3936051, -23.7421044 ], [ -46.3937881, -23.7420271 ], [ -46.3939551, -23.7419638 ], [ -46.3941288, -23.7419012 ], [ -46.3943333, -23.7418325 ], [ -46.394517, -23.741774199999988 ], [ -46.3946941, -23.7417208 ], [ -46.3970014, -23.7410419 ], [ -46.3971939, -23.740983 ], [ -46.3973662, -23.740929 ], [ -46.3975339, -23.7408737 ], [ -46.3976957, -23.7408184 ], [ -46.3978348, -23.7407729 ], [ -46.3979898, -23.7407258 ], [ -46.3981388, -23.7406829 ], [ -46.3982732, -23.7406417 ], [ -46.3983972, -23.7405978 ], [ -46.3993038, -23.740259 ], [ -46.399505, -23.740178 ], [ -46.3996879, -23.7400996 ], [ -46.3998648, -23.7400162 ], [ -46.4000381, -23.7399269 ], [ -46.4001806, -23.7398493 ], [ -46.4003198, -23.7397673 ], [ -46.4004914, -23.7396624 ], [ -46.4006617, -23.7395494 ], [ -46.4008054, -23.7394481 ], [ -46.4009363, -23.7393499 ], [ -46.4010621, -23.7392498 ], [ -46.4011941, -23.7391418 ], [ -46.4013095, -23.7390399 ], [ -46.4014282, -23.7389313 ], [ -46.4015589, -23.7388035 ], [ -46.4016756, -23.738682 ], [ -46.4017902, -23.7385563 ], [ -46.4019046, -23.7384234 ], [ -46.4020236, -23.7382769 ], [ -46.4021355, -23.7381302 ], [ -46.4022449, -23.737979 ], [ -46.4023441, -23.7378297 ], [ -46.4024305, -23.7376878 ], [ -46.4025137, -23.7375438 ], [ -46.4026009, -23.7373795 ], [ -46.4026811, -23.7372175 ], [ -46.4027492, -23.7370665 ], [ -46.402815, -23.7369066 ], [ -46.4028761, -23.7367447 ], [ -46.4029338, -23.7365736 ], [ -46.4029849, -23.7364021 ], [ -46.403028, -23.7362421 ], [ -46.4030696, -23.7360635 ], [ -46.4031038, -23.7358935 ], [ -46.40313470000001, -23.7357014 ], [ -46.4031592, -23.7355181 ], [ -46.4031812, -23.7353117 ], [ -46.4031991, -23.7350955 ], [ -46.4032517, -23.7344322 ], [ -46.4032696, -23.7342384 ], [ -46.4032893, -23.7340537 ], [ -46.4033119, -23.7338917 ], [ -46.4033405, -23.7337193 ], [ -46.403374, -23.7335542 ], [ -46.4034108, -23.7333989 ], [ -46.4034565, -23.7332337 ], [ -46.4035169, -23.7330391 ], [ -46.4038649, -23.732025 ], [ -46.4039132, -23.7318765 ], [ -46.4039668, -23.7316961 ], [ -46.4040093, -23.7315431 ], [ -46.4040473, -23.7313787 ], [ -46.4040746, -23.7312332 ], [ -46.4040983, -23.7310772 ], [ -46.4041138, -23.7309337 ], [ -46.4041263, -23.7307706 ], [ -46.4041321, -23.730604899999989 ], [ -46.4041315, -23.7304454 ], [ -46.4041235, -23.7302766 ], [ -46.4041089, -23.7301154 ], [ -46.4040905, -23.7299707 ], [ -46.4040628, -23.7298072 ], [ -46.4040352, -23.7296629 ], [ -46.4040007, -23.7295024 ], [ -46.4039561, -23.7293124 ], [ -46.4038173, -23.7287237 ], [ -46.4037844, -23.7285714 ], [ -46.403755, -23.7284143 ], [ -46.4037294, -23.7282564 ], [ -46.4037104, -23.7281067 ], [ -46.4036973, -23.7279611 ], [ -46.4036881, -23.7278026 ], [ -46.4036847, -23.7276561 ], [ -46.4036867, -23.7274987 ], [ -46.4036909, -23.7273368 ], [ -46.4038147, -23.7253 ], [ -46.4038256, -23.7250978 ], [ -46.4038318, -23.7249404 ], [ -46.4038354, -23.7247941 ], [ -46.4038407, -23.7244039 ], [ -46.4038458, -23.724243 ], [ -46.4038564, -23.7240729 ], [ -46.4038724, -23.7239053 ], [ -46.4038945, -23.7237472 ], [ -46.4039239, -23.7235873 ], [ -46.4039574, -23.7234416 ], [ -46.4040024, -23.7232811 ], [ -46.4040459, -23.7231417 ], [ -46.4041016, -23.7229894 ], [ -46.4041646, -23.7228353 ], [ -46.4042284, -23.7226979 ], [ -46.4043054, -23.7225456 ], [ -46.4043805, -23.7224108 ], [ -46.4044704, -23.7222644 ], [ -46.4045515, -23.7221435 ], [ -46.4046441, -23.722017 ], [ -46.40474, -23.721897 ], [ -46.4048406, -23.7217777 ], [ -46.4049464, -23.7216603 ], [ -46.4050492, -23.7215554 ], [ -46.4051606, -23.7214449 ], [ -46.4052794, -23.721337 ], [ -46.4054075, -23.7212259 ], [ -46.4055438, -23.7211175 ], [ -46.4056687, -23.721025 ], [ -46.4058122, -23.7209256 ], [ -46.4059483, -23.7208371 ], [ -46.4060918, -23.7207456 ], [ -46.4097558, -23.7184797 ], [ -46.4099489, -23.7183582 ], [ -46.4101037, -23.7182569 ], [ -46.4102755, -23.718142 ], [ -46.4104214, -23.7180389 ], [ -46.4105618, -23.7179351 ], [ -46.4107046, -23.717824 ], [ -46.410828, -23.7177241 ], [ -46.4109533, -23.7176175 ], [ -46.4110891, -23.717496199999989 ], [ -46.4112211, -23.7173731 ], [ -46.4113591, -23.7172377 ], [ -46.4114975, -23.7170988 ], [ -46.4116426, -23.7169501 ], [ -46.4199615, -23.7082951 ], [ -46.4201208, -23.7081312 ], [ -46.4202647, -23.7079869 ], [ -46.4204458, -23.7078125 ], [ -46.4206017, -23.7076683 ], [ -46.4207623, -23.7075283 ], [ -46.4209058, -23.7074079 ], [ -46.4210493, -23.7072968 ], [ -46.4212226, -23.707171 ], [ -46.4213819, -23.7070648 ], [ -46.4215428, -23.706965 ], [ -46.4217215, -23.7068592 ], [ -46.4219102, -23.7067584 ], [ -46.422096, -23.7066674 ], [ -46.4222843, -23.7065843 ], [ -46.4224691, -23.7065099 ], [ -46.4226539, -23.7064436 ], [ -46.4228604, -23.7063747 ], [ -46.42304140000001, -23.7063213 ], [ -46.423268, -23.7062589 ], [ -46.423483, -23.7062007 ], [ -46.4237207, -23.7061413 ], [ -46.4247187, -23.7058982 ], [ -46.4249006, -23.7058549 ], [ -46.4251128, -23.7058042 ], [ -46.4268419, -23.7054039 ], [ -46.4271047, -23.7053428 ], [ -46.4273567, -23.7052853 ], [ -46.4309563, -23.7044719 ], [ -46.4312209, -23.7044086 ], [ -46.4314941, -23.7043405 ], [ -46.4317211, -23.704276 ], [ -46.4319431, -23.7042073 ], [ -46.4321315, -23.7041403 ], [ -46.4323185, -23.7040682 ], [ -46.4324895, -23.7039942 ], [ -46.4326682, -23.7039109 ], [ -46.4328215, -23.7038314 ], [ -46.4329821, -23.7037424 ], [ -46.433136, -23.7036504 ], [ -46.4332695, -23.703564499999988 ], [ -46.433421, -23.7034625 ], [ -46.4335702, -23.7033532 ], [ -46.4337229, -23.7032332 ], [ -46.4338723, -23.7031064 ], [ -46.4340027, -23.7029879 ], [ -46.4341283, -23.7028663 ], [ -46.4342417, -23.7027515 ], [ -46.4343813, -23.7025988 ], [ -46.4344994, -23.7024583 ], [ -46.4345984, -23.7023322 ], [ -46.4347104, -23.7021835 ], [ -46.4348086, -23.7020374 ], [ -46.4349011, -23.7018919 ], [ -46.4349835, -23.7017562 ], [ -46.4350592, -23.7016218 ], [ -46.4351242, -23.7015014 ], [ -46.4351876, -23.7013768 ], [ -46.4352482, -23.7012497 ], [ -46.4356593, -23.7003588 ], [ -46.4357454, -23.7001806 ], [ -46.4358294, -23.7000165 ], [ -46.4358997, -23.6998861 ], [ -46.4359996, -23.6997178 ], [ -46.4360896, -23.6995778 ], [ -46.4361783, -23.6994477 ], [ -46.4362782, -23.6993106 ], [ -46.4363801, -23.6991817 ], [ -46.4364844, -23.6990562 ], [ -46.4366019, -23.6989225 ], [ -46.4367327, -23.6987789 ], [ -46.4378774, -23.6975712 ], [ -46.4380816, -23.697355 ], [ -46.4382952, -23.6971395 ], [ -46.4384327, -23.6970072 ], [ -46.4385762, -23.6968779 ], [ -46.4387318, -23.6967502 ], [ -46.4388798, -23.6966375 ], [ -46.4390198, -23.6965402 ], [ -46.4391737, -23.6964413 ], [ -46.439342, -23.6963425 ], [ -46.4395157, -23.6962498 ], [ -46.4396852, -23.6961675 ], [ -46.439857, -23.6960914 ], [ -46.4400544, -23.6960134 ], [ -46.4402599, -23.6959434 ], [ -46.4404282, -23.6958918 ], [ -46.4405985, -23.6958477 ], [ -46.4407793, -23.6958056 ], [ -46.4409794, -23.6957672 ], [ -46.4411752, -23.6957377 ], [ -46.4413513, -23.695719 ], [ -46.4415299, -23.695704599999988 ], [ -46.4417053, -23.695697 ], [ -46.4418996, -23.6956943 ], [ -46.4420812, -23.695697 ], [ -46.4422716, -23.6957034 ], [ -46.4437153, -23.695763 ], [ -46.4439144, -23.6957672 ], [ -46.4441082, -23.6957648 ], [ -46.4442926, -23.6957537 ], [ -46.444487, -23.695734 ], [ -46.4446796, -23.6957058 ], [ -46.4448731, -23.6956678 ], [ -46.4450531, -23.695624799999987 ], [ -46.4452456, -23.6955729 ], [ -46.445426, -23.6955156 ], [ -46.445615, -23.6954443 ], [ -46.4457914, -23.6953691 ], [ -46.4459604, -23.6952884 ], [ -46.4461213, -23.695201 ], [ -46.4462615, -23.6951158 ], [ -46.446401, -23.6950264 ], [ -46.4465452, -23.6949248 ], [ -46.44667590000001, -23.694824 ], [ -46.4468123, -23.6947104 ], [ -46.4469313, -23.6946024 ], [ -46.4470453, -23.6944894 ], [ -46.447154, -23.6943726 ], [ -46.4472485, -23.6942632 ], [ -46.4473444, -23.6941419 ], [ -46.4474319, -23.6940267 ], [ -46.4475261, -23.693895 ], [ -46.4476274, -23.6937455 ], [ -46.4490878, -23.6915457 ], [ -46.4492036, -23.6913672 ], [ -46.4493161, -23.6911898 ], [ -46.4494078, -23.6910369 ], [ -46.4495029, -23.6908726 ], [ -46.4495844, -23.6907229 ], [ -46.449656, -23.6905866 ], [ -46.4497364, -23.6904264 ], [ -46.4498139, -23.6902687 ], [ -46.4498986, -23.6900953 ], [ -46.4513118, -23.6871121 ], [ -46.451394, -23.6869325 ], [ -46.4514755, -23.6867492 ], [ -46.4515507, -23.6865713 ], [ -46.4516299, -23.686371 ], [ -46.4517044, -23.6861656 ], [ -46.4517567, -23.6860057 ], [ -46.4518096, -23.685835 ], [ -46.4518574, -23.6856616 ], [ -46.4519019, -23.6854871 ], [ -46.4519458, -23.6852971 ], [ -46.4519863, -23.685096 ], [ -46.4520255, -23.6848826 ], [ -46.4521358, -23.6842425 ], [ -46.4521685, -23.6840651 ], [ -46.4522065, -23.6838841 ], [ -46.4522423, -23.6837253 ], [ -46.4522821, -23.6835652 ], [ -46.4523238, -23.6834149 ], [ -46.4523761, -23.6832417 ], [ -46.4524298, -23.6830802 ], [ -46.4524875, -23.6829181 ], [ -46.4525542, -23.6827422 ], [ -46.4526317, -23.6825442 ], [ -46.452849, -23.682004400000011 ], [ -46.4529187, -23.681826 ], [ -46.452987, -23.681642 ], [ -46.4530568, -23.681445 ], [ -46.4531145, -23.6812705 ], [ -46.4531578, -23.6811277 ], [ -46.4532034, -23.6809637 ], [ -46.4532506, -23.6807762 ], [ -46.4532905, -23.6805997 ], [ -46.4533255, -23.6804229 ], [ -46.4533612, -23.6802167 ], [ -46.4533955, -23.6800031 ], [ -46.4537675, -23.6773553 ], [ -46.4537954, -23.6771678 ], [ -46.4538292, -23.6769638 ], [ -46.4538578, -23.6768078 ], [ -46.4538931, -23.6766348 ], [ -46.4539305, -23.6764797 ], [ -46.453974, -23.676311 ], [ -46.4540198, -23.6761532 ], [ -46.4540794, -23.6759706 ], [ -46.4541337, -23.6758204 ], [ -46.4541968, -23.6756592 ], [ -46.4542718, -23.6754828 ], [ -46.4543415, -23.6753322 ], [ -46.4544194, -23.675175 ], [ -46.4545025, -23.675019 ], [ -46.4545816, -23.6748771 ], [ -46.4546768, -23.6747217 ], [ -46.4547625, -23.6745881 ], [ -46.4548629, -23.6744386 ], [ -46.4549726, -23.6742869 ], [ -46.4550973, -23.6741242 ], [ -46.4552113, -23.6739831 ], [ -46.4553284, -23.673845499999988 ], [ -46.455461, -23.6736999 ], [ -46.455619, -23.6735326 ], [ -46.455753, -23.6733941 ], [ -46.4588322, -23.6702865 ], [ -46.4589985, -23.6701206 ], [ -46.4591677, -23.6699556 ], [ -46.4593422, -23.6697918 ], [ -46.4594799, -23.6696681 ], [ -46.4596135, -23.6695538 ], [ -46.4597509, -23.6694401 ], [ -46.4599287, -23.6693008 ], [ -46.4600715, -23.669193199999988 ], [ -46.4602203, -23.669087 ], [ -46.4603904, -23.6689698 ], [ -46.4605954, -23.6688319 ], [ -46.4608541, -23.6686621 ], [ -46.4700814, -23.662588499999988 ], [ -46.4702903, -23.6624522 ], [ -46.4705202, -23.662306 ], [ -46.4707245, -23.6621783 ], [ -46.4709418, -23.6620506 ], [ -46.4711396, -23.6619388 ], [ -46.4713491, -23.6618267 ], [ -46.4715748, -23.6617146 ], [ -46.4718058, -23.6616044 ], [ -46.472018, -23.6615101 ], [ -46.4722424, -23.6614125 ], [ -46.4724807, -23.6613106 ], [ -46.4804047, -23.6579725 ], [ -46.4806562, -23.6578699 ], [ -46.4809203, -23.6577661 ], [ -46.481154, -23.6576798 ], [ -46.4814087, -23.6575912 ], [ -46.481656, -23.6575124 ], [ -46.4818876, -23.657447 ], [ -46.4820986, -23.6573932 ], [ -46.482287, -23.6573483 ], [ -46.4825254, -23.6572986 ], [ -46.4827597, -23.6572562 ], [ -46.4829804, -23.6572207 ], [ -46.4832117, -23.6571894 ], [ -46.4834277, -23.6571654 ], [ -46.4836491, -23.6571463 ], [ -46.4838822, -23.6571304 ], [ -46.4841082, -23.6571211 ], [ -46.4843315, -23.657118 ], [ -46.4845761, -23.6571192 ], [ -46.4848182, -23.6571277 ], [ -46.4850496, -23.6571398 ], [ -46.4852971, -23.6571609 ], [ -46.4855057, -23.6571831 ], [ -46.4857202, -23.6572114 ], [ -46.485977, -23.6572513 ], [ -46.4862067, -23.6572924 ], [ -46.4864095, -23.6573335 ], [ -46.4866341, -23.6573846 ], [ -46.4868404, -23.6574361 ], [ -46.487046, -23.6574901 ], [ -46.4872609, -23.6575494 ], [ -46.4875053, -23.657619 ], [ -46.4977566, -23.6605575 ], [ -46.4980832, -23.6606453 ], [ -46.4983071, -23.6607007 ], [ -46.4985264, -23.6607517 ], [ -46.4987591, -23.6608014 ], [ -46.4989431, -23.6608357 ], [ -46.4991426, -23.6608695 ], [ -46.4993526, -23.6608996 ], [ -46.4995504, -23.6609237 ], [ -46.4997444, -23.6609433 ], [ -46.4999624, -23.6609605 ], [ -46.5001594, -23.6609709 ], [ -46.5003872, -23.6609777 ], [ -46.500629, -23.6609801 ], [ -46.5008445, -23.6609764 ], [ -46.5010831, -23.6609663 ], [ -46.5013116, -23.6609512 ], [ -46.5015292, -23.660931 ], [ -46.5017697, -23.6609028 ], [ -46.5020028, -23.6608696 ], [ -46.5022533, -23.6608278 ], [ -46.5024946, -23.660782 ], [ -46.5027588, -23.6607263 ], [ -46.5030395, -23.6606624 ], [ -46.5184938, -23.656998 ], [ -46.5188299, -23.6569159 ], [ -46.5191036, -23.6568461 ], [ -46.5193605, -23.6567747 ], [ -46.5195926, -23.6567035 ], [ -46.5198175, -23.6566295 ], [ -46.5200465, -23.6565493 ], [ -46.5202475, -23.6564739 ], [ -46.5205773, -23.6563451 ], [ -46.5232773, -23.6552606 ], [ -46.5234456, -23.6551952 ], [ -46.5236139, -23.655139 ], [ -46.5239471, -23.655027 ], [ -46.5241168, -23.6549691 ], [ -46.5242848, -23.6549091 ], [ -46.5244749, -23.654835 ], [ -46.5254117, -23.6544574 ], [ -46.5255806, -23.6543879 ], [ -46.5257441, -23.6543154 ], [ -46.5259259, -23.6542289 ], [ -46.5261131, -23.6541323 ], [ -46.526288, -23.6540335 ], [ -46.5264545, -23.6539319 ], [ -46.5266196, -23.6538243 ], [ -46.5267789, -23.6537123 ], [ -46.526915, -23.6536121 ], [ -46.5270659, -23.6534924 ], [ -46.5271839, -23.6533929 ], [ -46.5273019, -23.653283 ], [ -46.5274368, -23.6531497 ], [ -46.5275579, -23.6530253 ], [ -46.5276842, -23.6528912 ], [ -46.5277958, -23.6527633 ], [ -46.5289368, -23.65135 ], [ -46.5290578, -23.6511945 ], [ -46.5291616, -23.6510524 ], [ -46.5292607, -23.6509078 ], [ -46.5293639, -23.6507492 ], [ -46.5294725, -23.650573 ], [ -46.529976, -23.6497367 ], [ -46.5300551, -23.6496029 ], [ -46.530128, -23.649471 ], [ -46.530205, -23.6493208 ], [ -46.530347, -23.649033 ], [ -46.5304165, -23.6488927 ], [ -46.5304814, -23.6487664 ], [ -46.5305583, -23.6486249 ], [ -46.5306461, -23.648479 ], [ -46.5479047, -23.6198939 ], [ -46.5480887, -23.6195943 ], [ -46.54825, -23.6193428 ], [ -46.5483925, -23.6191311 ], [ -46.5485276, -23.6189447 ], [ -46.5486604, -23.6187708 ], [ -46.54881, -23.6185883 ], [ -46.5489535, -23.6184249 ], [ -46.5491057, -23.6182611 ], [ -46.5492572, -23.618109 ], [ -46.5494082, -23.6179648 ], [ -46.5495664, -23.6178216 ], [ -46.5497059, -23.6177017 ], [ -46.5498614, -23.6175746 ], [ -46.5500167, -23.6174545 ], [ -46.5501726, -23.6173411 ], [ -46.5503502, -23.6172176 ], [ -46.5505333, -23.6170985 ], [ -46.5507103, -23.6169885 ], [ -46.5508974, -23.6168809 ], [ -46.5510932, -23.6167752 ], [ -46.5512856, -23.616679399999988 ], [ -46.5514881, -23.6165841 ], [ -46.5517493, -23.616472 ], [ -46.552007, -23.6163692 ], [ -46.5522529, -23.6162782 ], [ -46.552496, -23.616191 ], [ -46.5749663, -23.6083794 ], [ -46.57521710000001, -23.608289 ], [ -46.5754417, -23.608203 ], [ -46.5756335, -23.6081244 ], [ -46.5758346, -23.6080335 ], [ -46.5760156, -23.6079443 ], [ -46.5762188, -23.6078355 ], [ -46.5764075, -23.6077268 ], [ -46.5766271, -23.6075842 ], [ -46.5768308, -23.6074399 ], [ -46.5770201, -23.6072955 ], [ -46.5771891, -23.6071535 ], [ -46.5773478, -23.6070091 ], [ -46.577509, -23.6068509 ], [ -46.5776494, -23.6067068 ], [ -46.5777918, -23.6065505 ], [ -46.5780065, -23.6063031 ], [ -46.593865, -23.5875288 ], [ -46.5940252, -23.587336 ], [ -46.5941779, -23.5871432 ], [ -46.5943083, -23.5869727 ], [ -46.5944163, -23.5868238 ], [ -46.5945431, -23.5866457 ], [ -46.5946577, -23.5864786 ], [ -46.594761, -23.5863176 ], [ -46.5948682, -23.5861461 ], [ -46.5949742, -23.5859701 ], [ -46.5950675, -23.5858088 ], [ -46.5951593, -23.5856428 ], [ -46.5952517, -23.5854658 ], [ -46.5953497, -23.5852719 ], [ -46.5954517, -23.5850626 ], [ -46.6088172, -23.5569795 ], [ -46.6089017, -23.5568073 ], [ -46.6089835, -23.5566482 ], [ -46.6091062, -23.5564214 ], [ -46.6092201, -23.5562188 ], [ -46.6093388, -23.5560218 ], [ -46.6094814, -23.5557927 ], [ -46.6096131, -23.5555876 ], [ -46.6104099, -23.5544087 ], [ -46.6105517, -23.5542035 ], [ -46.6106922, -23.5540068 ], [ -46.6110953, -23.5534542 ], [ -46.611216, -23.5532831 ], [ -46.6113381, -23.5531033 ], [ -46.617088, -23.544595 ], [ -46.617098215110765, -23.544579903652856 ] ] ] } },
{ "type": "Feature", "properties": { "fid": 41, "Name": "Linha 10 - Turquesa > RGS", "description": "Palmeiras-Barra Funda > Rio Grande da Serra • 41.1km • 15 estações • 58min • 409mil pass/d • ATP • Headway: 360s", "Status_Obra": "Construído", "Modal": "Trem", "N_Linha": 10, "data_abertura": "1867-02-16" }, "geometry": { "type": "MultiLineString", "coordinates": [ [ [ -46.3909738, -23.7444159 ], [ -46.3910664, -23.744265 ], [ -46.3911442, -23.7441434 ], [ -46.3912354, -23.7440121 ], [ -46.3913333, -23.7438801 ], [ -46.3914298, -23.7437573 ], [ -46.391527, -23.7436401 ], [ -46.3916223, -23.7435327 ], [ -46.3917336, -23.743413 ], [ -46.3918509, -23.7432927 ], [ -46.3919696, -23.7431761 ], [ -46.3920849, -23.7430724 ], [ -46.3922211, -23.7429545 ], [ -46.3923471, -23.7428557 ], [ -46.3924859, -23.7427513 ], [ -46.3926281, -23.7426507 ], [ -46.3927803, -23.7425494 ], [ -46.3929278, -23.7424579 ], [ -46.3930861, -23.7423653 ], [ -46.3932651, -23.7422689 ], [ -46.3934281, -23.7421866 ], [ -46.3936051, -23.7421044 ], [ -46.3937881, -23.7420271 ], [ -46.3939551, -23.7419638 ], [ -46.3941288, -23.7419012 ], [ -46.3943333, -23.7418325 ], [ -46.394517, -23.741774199999988 ], [ -46.3946941, -23.7417208 ], [ -46.3970014, -23.7410419 ], [ -46.3971939, -23.740983 ], [ -46.3973662, -23.740929 ], [ -46.3975339, -23.7408737 ], [ -46.3977199, -23.7408097 ], [ -46.39912540000001, -23.7402855 ], [ -46.3992967, -23.7402205 ], [ -46.399468, -23.7401523 ], [ -46.3996403, -23.7400793 ], [ -46.399824, -23.7399945 ], [ -46.3999896, -23.7399111 ], [ -46.400164, -23.7398166 ], [ -46.4003189, -23.7397263 ], [ -46.4004772, -23.7396274 ], [ -46.4006368, -23.7395219 ], [ -46.4007702, -23.7394262 ], [ -46.4008989, -23.7393298 ], [ -46.4010479, -23.7392125 ], [ -46.4011766, -23.7391051 ], [ -46.4013261, -23.7389737 ], [ -46.4014522, -23.7388546 ], [ -46.4015682, -23.7387399 ], [ -46.4016782, -23.7386245 ], [ -46.4017821, -23.7385085 ], [ -46.4019048, -23.7383637 ], [ -46.402002, -23.7382415 ], [ -46.4021153, -23.7380936 ], [ -46.4022146, -23.7379561 ], [ -46.4023044, -23.7378192 ], [ -46.402387, -23.737686 ], [ -46.4024607, -23.7375564 ], [ -46.40252910000001, -23.7374319 ], [ -46.4025968, -23.7372992 ], [ -46.4026612, -23.7371661 ], [ -46.4027276, -23.7370169 ], [ -46.4027873, -23.7368677 ], [ -46.4028435, -23.7367143 ], [ -46.4028965, -23.7365578 ], [ -46.4029475, -23.7363896 ], [ -46.4029824, -23.7362583 ], [ -46.4030179, -23.7361116 ], [ -46.4030474, -23.7359704 ], [ -46.4030736, -23.7358273 ], [ -46.4030983, -23.7356665 ], [ -46.4031178, -23.7355155 ], [ -46.4031352, -23.7353467 ], [ -46.4031527, -23.7351613 ], [ -46.4032171, -23.7343762 ], [ -46.4032342, -23.7342083 ], [ -46.4032513, -23.7340521 ], [ -46.4032707, -23.733906 ], [ -46.4032935, -23.7337635 ], [ -46.4033223, -23.7336132 ], [ -46.4033492, -23.7334899 ], [ -46.403384, -23.7333489 ], [ -46.4034269, -23.733197 ], [ -46.4034752, -23.7330429 ], [ -46.4035289, -23.732880200000011 ], [ -46.4038252, -23.7320172 ], [ -46.4038749, -23.7318662 ], [ -46.4039225, -23.7317084 ], [ -46.4039621, -23.7315599 ], [ -46.4039935, -23.7314248 ], [ -46.4040244, -23.7312788 ], [ -46.4040472, -23.7311468 ], [ -46.4040653, -23.7310123 ], [ -46.4040794, -23.7308656 ], [ -46.40408810000001, -23.7307238 ], [ -46.4040931, -23.7305851 ], [ -46.4040915, -23.7304476 ], [ -46.4040848, -23.7303002 ], [ -46.4040707, -23.7301456 ], [ -46.4040532, -23.7300013 ], [ -46.4040278, -23.7298387 ], [ -46.4039989, -23.729687 ], [ -46.4039694, -23.7295495 ], [ -46.4039346, -23.7293978 ], [ -46.4037743, -23.7287238 ], [ -46.4037455, -23.728594 ], [ -46.4037227, -23.7284771 ], [ -46.4036999, -23.7283445 ], [ -46.4036804, -23.7281978 ], [ -46.4036657, -23.7280529 ], [ -46.403655, -23.727908 ], [ -46.4036482, -23.7277657 ], [ -46.4036448, -23.727614 ], [ -46.4036462, -23.7274599 ], [ -46.4036529, -23.7272917 ], [ -46.4037743, -23.7252893 ], [ -46.4037837, -23.7251296 ], [ -46.4037904, -23.7249755 ], [ -46.403795, -23.7248276 ], [ -46.4038031, -23.7243905 ], [ -46.4038092, -23.7242236 ], [ -46.4038193, -23.7240473 ], [ -46.4038326, -23.723905599999988 ], [ -46.40385, -23.7237735 ], [ -46.4038728, -23.7236397 ], [ -46.403899, -23.7235084 ], [ -46.4039339, -23.7233683 ], [ -46.4039714, -23.723237 ], [ -46.4040143, -23.7231056 ], [ -46.4040626, -23.7229706 ], [ -46.4041163, -23.7228392 ], [ -46.404178, -23.7227029 ], [ -46.4042394, -23.7225783 ], [ -46.4043061, -23.7224537 ], [ -46.4043844, -23.7223204 ], [ -46.4044677, -23.7221922 ], [ -46.4045676, -23.7220491 ], [ -46.4046742, -23.7219098 ], [ -46.4047962, -23.7217656 ], [ -46.4049229, -23.721628 ], [ -46.405043, -23.721503399999989 ], [ -46.4051711, -23.7213775 ], [ -46.4052997, -23.7212609 ], [ -46.4054399, -23.7211449 ], [ -46.40558080000001, -23.7210387 ], [ -46.4057149, -23.7209448 ], [ -46.4058751, -23.7208397 ], [ -46.4060576, -23.7207232 ], [ -46.4098857, -23.7183522 ], [ -46.4100701, -23.7182325 ], [ -46.4102465, -23.7181122 ], [ -46.4104188, -23.7179888 ], [ -46.410567, -23.7178771 ], [ -46.4107259, -23.717753 ], [ -46.4108848, -23.7176216 ], [ -46.4110337, -23.7174909 ], [ -46.4111752, -23.7173595 ], [ -46.4113368, -23.717202 ], [ -46.4115031, -23.7170348 ], [ -46.4199715, -23.7082296 ], [ -46.4201281, -23.7080678 ], [ -46.4202753, -23.7079208 ], [ -46.4204207, -23.7077801 ], [ -46.420587, -23.7076274 ], [ -46.4207265, -23.7075063 ], [ -46.4208613, -23.7073946 ], [ -46.4210129, -23.7072743 ], [ -46.421149, -23.7071754 ], [ -46.4212885, -23.7070791 ], [ -46.4214245, -23.7069913 ], [ -46.4215664, -23.7069053 ], [ -46.4217055, -23.7068243 ], [ -46.4218638, -23.7067395 ], [ -46.4220274, -23.7066585 ], [ -46.4221836, -23.7065854 ], [ -46.4223553, -23.7065135 ], [ -46.4225246, -23.7064482 ], [ -46.4226953, -23.7063889 ], [ -46.422873, -23.7063318 ], [ -46.4230674, -23.7062747 ], [ -46.4232864, -23.7062146 ], [ -46.4235228, -23.7061538 ], [ -46.4247055, -23.7058628 ], [ -46.4249317, -23.7058083 ], [ -46.4251391, -23.70576 ], [ -46.4269927, -23.7053279 ], [ -46.4273697, -23.705242 ], [ -46.4309852, -23.704426 ], [ -46.43123, -23.7043686 ], [ -46.4314902, -23.7043033 ], [ -46.4316726, -23.7042536 ], [ -46.4318288, -23.7042063 ], [ -46.4319978, -23.7041504 ], [ -46.4321815, -23.7040829 ], [ -46.4323498, -23.7040153 ], [ -46.4325189, -23.703941 ], [ -46.4326899, -23.7038575 ], [ -46.4328548, -23.7037716 ], [ -46.433005, -23.7036869 ], [ -46.4331491, -23.7035997 ], [ -46.4332819, -23.7035119 ], [ -46.4334282, -23.7034111 ], [ -46.4335502, -23.7033215 ], [ -46.4336904, -23.7032116 ], [ -46.433823, -23.7031005 ], [ -46.4339572, -23.7029808 ], [ -46.4340711, -23.7028733 ], [ -46.4341899, -23.7027517 ], [ -46.4342938, -23.702640599999985 ], [ -46.4344058, -23.7025129 ], [ -46.4345097, -23.7023877 ], [ -46.434605, -23.7022642 ], [ -46.4347062, -23.7021236 ], [ -46.4347994, -23.7019849 ], [ -46.4348994, -23.7018234 ], [ -46.4349832, -23.7016754 ], [ -46.4350528, -23.701552 ], [ -46.4351266, -23.7014114 ], [ -46.4351997, -23.7012622 ], [ -46.4357006, -23.7001847 ], [ -46.435771, -23.7000447 ], [ -46.4358495, -23.6998991 ], [ -46.43593, -23.6997616 ], [ -46.4360198, -23.6996149 ], [ -46.436113, -23.6994754 ], [ -46.4362177, -23.699329399999989 ], [ -46.4363188, -23.6991973 ], [ -46.4364235, -23.6990689 ], [ -46.4365334, -23.6989407 ], [ -46.4366555, -23.6988062 ], [ -46.4367769, -23.6986736 ], [ -46.438079, -23.69730190000001 ], [ -46.4382202, -23.6971585 ], [ -46.4383533, -23.6970287 ], [ -46.4384653, -23.6969254 ], [ -46.4385833, -23.6968211 ], [ -46.438699, -23.6967272 ], [ -46.4388261, -23.6966295 ], [ -46.4389568, -23.6965368 ], [ -46.4390862, -23.6964514 ], [ -46.439219, -23.6963698 ], [ -46.4393551, -23.6962906 ], [ -46.4395006, -23.6962126 ], [ -46.4396542, -23.696139 ], [ -46.4398326, -23.6960598 ], [ -46.4399841, -23.6959989 ], [ -46.4401497, -23.6959394 ], [ -46.4403235, -23.6958823 ], [ -46.4405118, -23.6958288 ], [ -46.4406996, -23.6957822 ], [ -46.4408766, -23.6957459 ], [ -46.4410865, -23.6957116 ], [ -46.4412856, -23.6956864 ], [ -46.4414882, -23.6956686 ], [ -46.4416847, -23.6956588 ], [ -46.4418643, -23.6956563 ], [ -46.4420427, -23.69566 ], [ -46.4422332, -23.6956661 ], [ -46.4436776, -23.6957269 ], [ -46.4438472, -23.6957319 ], [ -46.4440188, -23.6957312 ], [ -46.4441865, -23.6957245 ], [ -46.4443555, -23.695711599999989 ], [ -46.4445204, -23.6956925 ], [ -46.4447115, -23.6956622 ], [ -46.4448953, -23.6956244 ], [ -46.445085, -23.6955778 ], [ -46.4452574, -23.6955268 ], [ -46.4454264, -23.6954721 ], [ -46.4455852, -23.6954132 ], [ -46.4457529, -23.6953431 ], [ -46.4459064, -23.6952701 ], [ -46.446062, -23.6951884 ], [ -46.4462196, -23.6950975 ], [ -46.4463578, -23.6950092 ], [ -46.4465006, -23.6949103 ], [ -46.44664, -23.6948047 ], [ -46.4467641, -23.6947022 ], [ -46.4468981, -23.6945812 ], [ -46.4469995, -23.6944811 ], [ -46.4471101, -23.6943644 ], [ -46.4472254, -23.6942287 ], [ -46.4473481, -23.6940727 ], [ -46.4474621, -23.6939156 ], [ -46.4475728, -23.6937541 ], [ -46.4490104, -23.6915909 ], [ -46.449107, -23.6914453 ], [ -46.4492143, -23.6912764 ], [ -46.4492968, -23.6911438 ], [ -46.4493746, -23.691013 ], [ -46.4494597, -23.6908656 ], [ -46.4495542, -23.6906943 ], [ -46.4496628, -23.6904874 ], [ -46.449746, -23.6903204 ], [ -46.451183, -23.6872931 ], [ -46.4512514, -23.687145699999988 ], [ -46.4513292, -23.6869793 ], [ -46.4514042, -23.6868092 ], [ -46.4514767, -23.6866422 ], [ -46.4515445, -23.6864788 ], [ -46.4516041, -23.6863228 ], [ -46.4516598, -23.6861712 ], [ -46.4517121, -23.6860147 ], [ -46.451757, -23.6858734 ], [ -46.4518033, -23.6857125 ], [ -46.4518414, -23.6855676 ], [ -46.4518791, -23.6854104 ], [ -46.4519152, -23.685244499999989 ], [ -46.4519501, -23.6850662 ], [ -46.4519843, -23.6848921 ], [ -46.452113, -23.6841491 ], [ -46.4521526, -23.6839458 ], [ -46.4521882, -23.6837794 ], [ -46.4522264, -23.6836271 ], [ -46.4522739, -23.6834503 ], [ -46.4523236, -23.6832826 ], [ -46.4523752, -23.6831248 ], [ -46.4524356, -23.682954 ], [ -46.4524979, -23.6827871 ], [ -46.4528809, -23.6818155 ], [ -46.4529485, -23.6816381 ], [ -46.4530143, -23.6814564 ], [ -46.4530733, -23.6812758 ], [ -46.4531202, -23.6811223 ], [ -46.4531665, -23.680954 ], [ -46.4532047, -23.6808036 ], [ -46.4532429, -23.6806341 ], [ -46.4532765, -23.680472 ], [ -46.453312, -23.6802779 ], [ -46.4533408, -23.6800921 ], [ -46.4533696, -23.6799094 ], [ -46.4537499, -23.6771982 ], [ -46.4537848, -23.6769851 ], [ -46.4538177, -23.6768039 ], [ -46.4538552, -23.6766216 ], [ -46.4538967, -23.6764477 ], [ -46.4539417, -23.676282 ], [ -46.4539873, -23.6761272 ], [ -46.4540423, -23.6759583 ], [ -46.4541053, -23.6757858 ], [ -46.4541696, -23.6756199 ], [ -46.4542461, -23.6754419 ], [ -46.4543252, -23.6752717 ], [ -46.454407, -23.6751078 ], [ -46.4544982, -23.6749407 ], [ -46.4545894, -23.6747854 ], [ -46.4546833, -23.6746349 ], [ -46.4547718, -23.6744998 ], [ -46.4548603, -23.674372 ], [ -46.4549535, -23.6742431 ], [ -46.4550447, -23.6741246 ], [ -46.4551546, -23.6739894 ], [ -46.4552754, -23.673847 ], [ -46.4553867, -23.6737223 ], [ -46.4554987, -23.6736001 ], [ -46.4556348, -23.6734576 ], [ -46.4588836, -23.6701812 ], [ -46.4590506, -23.6700178 ], [ -46.4592216, -23.6698545 ], [ -46.4593832, -23.6697059 ], [ -46.4595112, -23.6695929 ], [ -46.459644, -23.6694804 ], [ -46.459813, -23.6693435 ], [ -46.4599551, -23.6692342 ], [ -46.4601081, -23.6691212 ], [ -46.460261, -23.6690149 ], [ -46.4605678, -23.6688066 ], [ -46.460831, -23.668632 ], [ -46.4702914, -23.662407 ], [ -46.4705334, -23.6622516 ], [ -46.4707561, -23.6621146 ], [ -46.470919, -23.662018199999988 ], [ -46.4710927, -23.6619193 ], [ -46.4712905, -23.6618124 ], [ -46.4714876, -23.6617132 ], [ -46.4716908, -23.6616153 ], [ -46.4719188, -23.6615115 ], [ -46.4721407, -23.6614151 ], [ -46.4724351, -23.6612891 ], [ -46.4803678, -23.6579461 ], [ -46.4806809, -23.6578184 ], [ -46.4809652, -23.6577078 ], [ -46.4812167, -23.6576163 ], [ -46.4814353, -23.6575426 ], [ -46.4817068, -23.657459 ], [ -46.4819422, -23.6573939 ], [ -46.4821736, -23.6573369 ], [ -46.4823988, -23.657287 ], [ -46.48261140000001, -23.6572447 ], [ -46.48282, -23.6572079 ], [ -46.4830594, -23.6571716 ], [ -46.4833082, -23.6571403 ], [ -46.4835227, -23.6571194 ], [ -46.4837353, -23.6571035 ], [ -46.4839539, -23.6570911 ], [ -46.4841953, -23.6570825 ], [ -46.4844334, -23.6570807 ], [ -46.4846814, -23.6570857 ], [ -46.4849222, -23.6570961 ], [ -46.4851521, -23.6571115 ], [ -46.4854217, -23.6571366 ], [ -46.4856778, -23.6571679 ], [ -46.48590380000001, -23.6572017 ], [ -46.4861418, -23.6572422 ], [ -46.4863833, -23.6572895 ], [ -46.4865872, -23.6573356 ], [ -46.4868366, -23.657397 ], [ -46.4870954, -23.6574658 ], [ -46.4873925, -23.6575481 ], [ -46.4973217, -23.6603946 ], [ -46.4977289, -23.6605081 ], [ -46.4981146, -23.6606117 ], [ -46.4983398, -23.6606712 ], [ -46.4985786, -23.6607283 ], [ -46.4988147, -23.6607769 ], [ -46.4990399, -23.6608175 ], [ -46.49929, -23.6608556 ], [ -46.4995194, -23.6608845 ], [ -46.4997193, -23.660904 ], [ -46.4999512, -23.6609225 ], [ -46.5001946, -23.660935399999989 ], [ -46.5004313, -23.6609421 ], [ -46.5006648, -23.6609434 ], [ -46.5008765, -23.660939 ], [ -46.5010932, -23.6609286 ], [ -46.5013118, -23.6609138 ], [ -46.5015163, -23.6608954 ], [ -46.5017376, -23.6608697 ], [ -46.5019829, -23.6608352 ], [ -46.5022137, -23.6607972 ], [ -46.502439, -23.6607548 ], [ -46.5026616, -23.6607094 ], [ -46.5028638, -23.6606639 ], [ -46.5031792, -23.6605908 ], [ -46.5184182, -23.6569775 ], [ -46.518722, -23.656904 ], [ -46.5189922, -23.6568366 ], [ -46.5192879, -23.656757 ], [ -46.519526, -23.6566871 ], [ -46.519764, -23.656609 ], [ -46.5200483, -23.6565082 ], [ -46.5203136, -23.6564091 ], [ -46.5205908, -23.6563001 ], [ -46.5227829, -23.6554187 ], [ -46.5229974, -23.6553241 ], [ -46.5231718, -23.6552418 ], [ -46.5234326, -23.6551159 ], [ -46.5235814, -23.6550477 ], [ -46.5237196, -23.654988 ], [ -46.5238611, -23.6549298 ], [ -46.5248971, -23.6545146 ], [ -46.5251382, -23.6544141 ], [ -46.52539, -23.6543038 ], [ -46.5255918, -23.6542092 ], [ -46.525795, -23.6541086 ], [ -46.5259761, -23.6540133 ], [ -46.5261491, -23.653917 ], [ -46.5263462, -23.6537989 ], [ -46.5265105, -23.6536939 ], [ -46.5266754, -23.6535773 ], [ -46.5268122, -23.6534692 ], [ -46.5269376, -23.6533611 ], [ -46.5270603, -23.6532456 ], [ -46.5271823, -23.6531184 ], [ -46.5273084, -23.652979 ], [ -46.527431, -23.6528328 ], [ -46.5275899, -23.6526374 ], [ -46.5289143, -23.6509938 ], [ -46.5290529, -23.6508178 ], [ -46.5291782, -23.6506539 ], [ -46.5293029, -23.650483 ], [ -46.5294297, -23.6502984 ], [ -46.529547, -23.6501176 ], [ -46.5296697, -23.6499173 ], [ -46.5427796, -23.6282106 ], [ -46.5428943, -23.6280239 ], [ -46.543182, -23.6275634 ], [ -46.5433027, -23.6273702 ], [ -46.5444374, -23.625493 ], [ -46.54456720000001, -23.6252758 ], [ -46.544671, -23.6251023 ], [ -46.5447909, -23.6248982 ], [ -46.5450722, -23.6244131 ], [ -46.5451765, -23.6242382 ], [ -46.5478549, -23.6197982 ], [ -46.5479643, -23.6196189 ], [ -46.5480645, -23.6194582 ], [ -46.5481721, -23.6192914 ], [ -46.5483203, -23.619077 ], [ -46.5484726, -23.6188687 ], [ -46.5486086, -23.618693 ], [ -46.5487669, -23.6185043 ], [ -46.5489472, -23.6183004 ], [ -46.54911520000001, -23.6181262 ], [ -46.5492711, -23.6179722 ], [ -46.5494582, -23.6177984 ], [ -46.5496145, -23.6176626 ], [ -46.5497921, -23.6175152 ], [ -46.5499617, -23.6173838 ], [ -46.5501535, -23.6172449 ], [ -46.5503346, -23.6171189 ], [ -46.5505271, -23.6169954 ], [ -46.5507269, -23.6168738 ], [ -46.5509388, -23.6167546 ], [ -46.551144, -23.6166477 ], [ -46.5513894, -23.6165309 ], [ -46.5516141, -23.6164314 ], [ -46.5518641, -23.6163301 ], [ -46.5521673, -23.6162149 ], [ -46.5524537, -23.6161132 ], [ -46.5680223, -23.6106988 ], [ -46.5682617, -23.6106151 ], [ -46.568448, -23.6105458 ], [ -46.5688651, -23.610378 ], [ -46.5690723, -23.6103012 ], [ -46.5692768, -23.6102287 ], [ -46.569482, -23.6101568 ], [ -46.5711337, -23.6095878 ], [ -46.5715064, -23.6094655 ], [ -46.5720781, -23.6092791 ], [ -46.57239, -23.6091772 ], [ -46.5726966, -23.6090742 ], [ -46.5747686, -23.6083601 ], [ -46.5749664, -23.6082894 ], [ -46.5751816, -23.6082108 ], [ -46.5754048, -23.6081242 ], [ -46.5756088, -23.608038799999989 ], [ -46.5758247, -23.6079405 ], [ -46.5760131, -23.607847 ], [ -46.5762102, -23.6077389 ], [ -46.5763987, -23.6076253 ], [ -46.576569, -23.6075153 ], [ -46.5767393, -23.6073961 ], [ -46.5768855, -23.6072867 ], [ -46.5770384, -23.6071626 ], [ -46.5771825, -23.6070373 ], [ -46.577314, -23.6069156 ], [ -46.57744, -23.6067902 ], [ -46.577613, -23.6066071 ], [ -46.5778122, -23.606386 ], [ -46.5779926, -23.606175199999988 ], [ -46.58741280000001, -23.5950197 ], [ -46.5875831, -23.5948116 ], [ -46.58775, -23.5945981 ], [ -46.588193, -23.5940149 ], [ -46.5883092, -23.5938665 ], [ -46.5884267, -23.5937193 ], [ -46.588546, -23.5935768 ], [ -46.5901621, -23.5916633 ], [ -46.5902947, -23.5915151 ], [ -46.5904384, -23.5913566 ], [ -46.5909493, -23.5908164 ], [ -46.5911048, -23.590645 ], [ -46.5912772, -23.5904466 ], [ -46.5937569, -23.5875128 ], [ -46.5939098, -23.5873263 ], [ -46.5940747, -23.5871238 ], [ -46.5942303, -23.5869222 ], [ -46.5943758, -23.5867232 ], [ -46.5945103, -23.5865333 ], [ -46.5946441, -23.5863311 ], [ -46.5947734, -23.5861264 ], [ -46.5948787, -23.5859525 ], [ -46.5950001, -23.5857405 ], [ -46.5951158, -23.5855303 ], [ -46.5952274, -23.585317 ], [ -46.5953455, -23.5850835 ], [ -46.5956507, -23.5844636 ], [ -46.5957716, -23.584213099999989 ], [ -46.5969463, -23.5817426 ], [ -46.5970873, -23.5814425 ], [ -46.5973465, -23.5808747 ], [ -46.5974481, -23.5806573 ], [ -46.5979317, -23.5796361 ], [ -46.6048651, -23.5650689 ], [ -46.605429, -23.5638831 ], [ -46.6072562, -23.5600463 ], [ -46.6073581, -23.5598352 ], [ -46.6074601, -23.5596278 ], [ -46.6077096, -23.5591262 ], [ -46.607778, -23.5589861 ], [ -46.6087396, -23.5569639 ], [ -46.6088484, -23.5567373 ], [ -46.6089292, -23.5565765 ], [ -46.6090332, -23.5563731 ], [ -46.6091244, -23.5562044 ], [ -46.6092142, -23.5560455 ], [ -46.6093027, -23.5558998 ], [ -46.6093751, -23.5557824 ], [ -46.6094482, -23.5556761 ], [ -46.6095421, -23.555552 ], [ -46.6098804, -23.5551106 ], [ -46.6099558, -23.555008 ], [ -46.6100503, -23.5548722 ], [ -46.6103916, -23.5543679 ], [ -46.6105213, -23.5541791 ], [ -46.6106537, -23.5539909 ], [ -46.6109969, -23.5535258 ], [ -46.6111585, -23.5532993 ], [ -46.6112907, -23.553106 ], [ -46.617063535644995, -23.544560199411212 ] ] ] } },
{ "type": "Feature", "properties": { "fid": 42, "Name": "Linha 10 - Turquesa Expresso", "description": null, "Status_Obra": "Construído", "Modal": "Trem", "N_Linha": 10, "data_abertura": null }, "geometry": { "type": "MultiLineString", "coordinates": [ [ [ -46.5899592, -23.5920879 ], [ -46.5779751, -23.6062785 ], [ -46.5778135, -23.6064659 ], [ -46.5776707, -23.6066276 ], [ -46.577513, -23.606794 ], [ -46.5773655, -23.6069403 ], [ -46.5772362, -23.6070607 ], [ -46.5770953, -23.6071842 ], [ -46.5769659, -23.6072893 ], [ -46.5768063, -23.607411 ], [ -46.5766561, -23.6075185 ], [ -46.5764872, -23.6076303 ], [ -46.5763081, -23.6077408 ], [ -46.5761022, -23.6078564 ], [ -46.5759205, -23.6079511 ], [ -46.5757173, -23.6080469 ], [ -46.5755296, -23.6081286 ], [ -46.5753109, -23.6082158 ], [ -46.5751098, -23.6082908 ], [ -46.5748396, -23.6083861 ], [ -46.5524223, -23.6161786 ], [ -46.5521527, -23.6162751 ], [ -46.5519342, -23.6163586 ], [ -46.5517391, -23.6164366 ], [ -46.55155, -23.6165177 ], [ -46.5513595, -23.6166038 ], [ -46.5511375, -23.616712 ], [ -46.550941, -23.6168151 ], [ -46.5507641, -23.6169159 ], [ -46.5505816, -23.6170246 ], [ -46.5503805, -23.6171543 ], [ -46.5501934, -23.6172821 ], [ -46.5500138, -23.6174123 ], [ -46.5498608, -23.6175285 ], [ -46.5497207, -23.6176408 ], [ -46.5495644, -23.6177729 ], [ -46.5494008, -23.6179198 ], [ -46.5492432, -23.6180703 ], [ -46.5491024, -23.6182116 ], [ -46.548967, -23.6183542 ], [ -46.548839, -23.6184979 ], [ -46.5487048, -23.6186558 ], [ -46.5485713, -23.6188229 ], [ -46.5484332, -23.619006 ], [ -46.5483293, -23.619154 ], [ -46.5482167, -23.6193224 ], [ -46.5481053, -23.6194945 ], [ -46.5479812, -23.6196916 ], [ -46.5478626, -23.6198883 ], [ -46.5295795, -23.6501682 ], [ -46.5294345, -23.6504022 ], [ -46.5293072, -23.6506012 ], [ -46.5291885, -23.6507775 ], [ -46.529069, -23.6509446 ], [ -46.5289384, -23.6511184 ], [ -46.5288049, -23.6512915 ], [ -46.5277641, -23.6525842 ], [ -46.5276627, -23.6527078 ], [ -46.5275653, -23.6528239 ], [ -46.5274497, -23.6529592 ], [ -46.5273464, -23.6530709 ], [ -46.5272446, -23.6531736 ], [ -46.527134, -23.6532792 ], [ -46.5270158, -23.6533818 ], [ -46.5268959, -23.65348 ], [ -46.5267799, -23.6535691 ], [ -46.5266625, -23.6536532 ], [ -46.5265037, -23.6537607 ], [ -46.5263392, -23.6538633 ], [ -46.5261448, -23.6539788 ], [ -46.5259779, -23.6540722 ], [ -46.525809, -23.6541612 ], [ -46.5256211, -23.654254 ], [ -46.5254234, -23.6543461 ], [ -46.5252007, -23.6544443 ], [ -46.5249788, -23.6545371 ], [ -46.5227829, -23.6554187 ] ] ] } },
{ "type": "Feature", "properties": { "fid": 43, "Name": "L10 via 4 [São Caetano do Sul]\n", "description": null, "Status_Obra": "Construído", "Modal": "Trem", "N_Linha": 10, "data_abertura": null }, "geometry": { "type": "MultiLineString", "coordinates": [ [ [ -46.5717959, -23.6094817 ], [ -46.5716564, -23.6095345 ], [ -46.5715009, -23.609599 ], [ -46.5713372, -23.6096752 ], [ -46.5710811, -23.6098006 ], [ -46.5709671, -23.6098522 ], [ -46.5708571, -23.6098964 ], [ -46.5707606, -23.6099308 ], [ -46.5686651, -23.610655799999989 ], [ -46.568537, -23.610697 ], [ -46.5683774, -23.6107419 ], [ -46.568189, -23.6107935 ], [ -46.5680569, -23.6108322 ], [ -46.5679409, -23.6108709 ], [ -46.5676371, -23.610979 ], [ -46.5675144, -23.611019 ], [ -46.566874, -23.6112039 ], [ -46.5667386, -23.6112432 ], [ -46.5666105, -23.6112844 ] ] ] } },
{ "type": "Feature", "properties": { "fid": 44, "Name": "L10 via 4 [Santo André]\n", "description": null, "Status_Obra": "Construído", "Modal": "Trem", "N_Linha": 10, "data_abertura": null }, "geometry": { "type": "MultiLineString", "coordinates": [ [ [ -46.523272, -23.655262 ], [ -46.5250308, -23.654553799999988 ], [ -46.5252735, -23.6544531 ], [ -46.5254687, -23.6543677 ], [ -46.5256269, -23.6542928 ], [ -46.5257939, -23.6542105 ], [ -46.5259682, -23.6541208 ], [ -46.5261205, -23.6540367 ], [ -46.5262787, -23.6539445 ], [ -46.5264336, -23.6538512 ], [ -46.5265697, -23.6537646 ], [ -46.5267079, -23.6536731 ], [ -46.5268286, -23.6535877 ], [ -46.5269412, -23.6535005 ], [ -46.5270451, -23.6534151 ], [ -46.5271491, -23.6533223 ], [ -46.5272463, -23.6532314 ], [ -46.5273362, -23.6531375 ], [ -46.5274455, -23.6530195 ], [ -46.5275487, -23.6529004 ], [ -46.5276473, -23.6527849 ], [ -46.5277452, -23.6526651 ], [ -46.5287906, -23.6513703 ], [ -46.5289026, -23.6512278 ], [ -46.5290233, -23.6510712 ], [ -46.5291232, -23.6509355 ], [ -46.5292399, -23.6507678 ], [ -46.5293438, -23.6506124 ], [ -46.5294464, -23.6504533 ], [ -46.5295426, -23.6502994 ], [ -46.5296348, -23.650148 ], [ -46.5306383, -23.648491499999988 ], [ -46.5307144, -23.6483538 ], [ -46.5307754, -23.6482396 ], [ -46.5308888, -23.6480191 ], [ -46.5309538, -23.6478993 ], [ -46.5310148, -23.6477909 ] ] ] } },
{ "type": "Feature", "properties": { "fid": 45, "Name": "L10 via 3 [Mauá]\n", "description": null, "Status_Obra": "Construído", "Modal": "Trem", "N_Linha": 10, "data_abertura": null }, "geometry": { "type": "MultiLineString", "coordinates": [ [ [ -46.4605242, -23.6689926 ], [ -46.4608028, -23.6688065 ], [ -46.461115, -23.6686008 ], [ -46.4626419, -23.6675973 ], [ -46.462776, -23.6675045 ], [ -46.4629074, -23.6674069 ], [ -46.463012, -23.6673246 ], [ -46.4632567, -23.6671262 ], [ -46.4633801, -23.6670304 ], [ -46.463596, -23.6668652 ], [ -46.4637094, -23.6667853 ], [ -46.4638217, -23.666709 ], [ -46.4647182, -23.6661184 ], [ -46.4648111, -23.6660549 ], [ -46.4649093, -23.6659836 ], [ -46.465264, -23.6657217 ], [ -46.4653274, -23.6656762 ], [ -46.4654055, -23.6656216 ] ] ] } },
{ "type": "Feature", "properties": { "fid": 46, "Name": "Linha 11 - Coral > BFU", "description": "Estudantes > Barra Funda • 54.5km • 17 estações • 67min • 686mil pass/d • ATP • Headway: 210s", "Status_Obra": "Construído", "Modal": "Trem", "N_Linha": 11, "data_abertura": "1875-11-06" }, "geometry": { "type": "MultiLineString", "coordinates": [ [ [ -46.616988177935959, -23.544431141875545 ], [ -46.6169784, -23.5444452 ], [ -46.6163078, -23.545432799999986 ], [ -46.6162264, -23.545547899999988 ], [ -46.6161488, -23.545653 ], [ -46.6160679, -23.5457523 ], [ -46.6159727, -23.5458599 ], [ -46.6158579, -23.5459838 ], [ -46.6157225, -23.5461255 ], [ -46.6155898, -23.546255 ], [ -46.6154932, -23.546336 ], [ -46.6153705, -23.5464273 ], [ -46.6152325, -23.5465216 ], [ -46.6144505, -23.547016 ], [ -46.6143399, -23.5470811 ], [ -46.6142192, -23.5471449 ], [ -46.6141082, -23.5471941 ], [ -46.6139994, -23.5472368 ], [ -46.6138798, -23.5472746 ], [ -46.6137652, -23.5473041 ], [ -46.6136492, -23.5473262 ], [ -46.6135245, -23.547341 ], [ -46.6134105, -23.547349 ], [ -46.6132862, -23.547349 ], [ -46.6131565, -23.5473414 ], [ -46.6130032, -23.5473243 ], [ -46.6128497, -23.5472988 ], [ -46.6113894, -23.547006 ], [ -46.6046489, -23.5456678 ], [ -46.589695, -23.5427118 ], [ -46.5801149, -23.5408132 ], [ -46.5799004, -23.5407734 ], [ -46.5797194, -23.5407433 ], [ -46.5795509, -23.5407183 ], [ -46.579377, -23.5406976 ], [ -46.5792276, -23.5406826 ], [ -46.5790751, -23.5406698 ], [ -46.5785552, -23.5406375 ], [ -46.5783761, -23.5406245 ], [ -46.5782313, -23.540611 ], [ -46.5780791, -23.5405926 ], [ -46.5779121, -23.5405698 ], [ -46.5777656, -23.5405467 ], [ -46.5776043, -23.5405175 ], [ -46.5752714, -23.5400552 ], [ -46.5751145, -23.5400221 ], [ -46.5749624, -23.5399882 ], [ -46.5748138, -23.5399532 ], [ -46.5746533, -23.5399126 ], [ -46.5744806, -23.5398662 ], [ -46.57432, -23.539821 ], [ -46.5733657, -23.5395376 ], [ -46.573136, -23.5394697 ], [ -46.5728809, -23.5393981 ], [ -46.572661, -23.5393397 ], [ -46.5724907, -23.539298 ], [ -46.5723325, -23.5392604 ], [ -46.5721821, -23.5392273 ], [ -46.5713818, -23.5390662 ], [ -46.5711258, -23.5390164 ], [ -46.5708523, -23.5389648 ], [ -46.5705688, -23.5389122 ], [ -46.5699361, -23.5388 ], [ -46.5695068, -23.538721 ], [ -46.5690581, -23.5386359 ], [ -46.5620508, -23.5372471 ], [ -46.5618158, -23.5372037 ], [ -46.5609692, -23.5370502 ], [ -46.5608166, -23.537022 ], [ -46.5606506, -23.5369908 ], [ -46.5586913, -23.5366039 ], [ -46.5584786, -23.5365612 ], [ -46.5582967, -23.5365216 ], [ -46.5576052, -23.5363699 ], [ -46.557438, -23.5363349 ], [ -46.555787, -23.536008399999989 ], [ -46.5555148, -23.5359525 ], [ -46.5552704, -23.5358981 ], [ -46.5548021, -23.5357896 ], [ -46.5545922, -23.5357429 ], [ -46.5543663, -23.5356949 ], [ -46.5459961, -23.5340319 ], [ -46.5458936, -23.5340078 ], [ -46.5457928, -23.533979699999989 ], [ -46.5456879, -23.5339462 ], [ -46.5455752, -23.5339054 ], [ -46.5450931, -23.5337055 ], [ -46.5449842, -23.5336599 ], [ -46.5448673, -23.5336143 ], [ -46.5447608, -23.5335773 ], [ -46.5446444, -23.5335449 ], [ -46.5445341, -23.5335195 ], [ -46.5444112, -23.5334939 ], [ -46.5420519, -23.5330245 ], [ -46.5419094, -23.5329991 ], [ -46.5417884, -23.5329848 ], [ -46.5416845, -23.532977 ], [ -46.5415839, -23.5329718 ], [ -46.541473, -23.5329716 ], [ -46.5408652, -23.5329785 ], [ -46.5407617, -23.5329737 ], [ -46.5406559, -23.5329653 ], [ -46.5405446, -23.5329501 ], [ -46.5404219, -23.5329283 ], [ -46.5340815, -23.5316759 ], [ -46.5338347, -23.5316316 ], [ -46.5335911, -23.5315929 ], [ -46.5333592, -23.5315621 ], [ -46.5331239, -23.5315375 ], [ -46.532908, -23.5315234 ], [ -46.5326867, -23.5315155 ], [ -46.5324715, -23.5315149 ], [ -46.5322616, -23.5315192 ], [ -46.5320135, -23.5315333 ], [ -46.5318129, -23.5315499 ], [ -46.5316034, -23.5315735 ], [ -46.5313797, -23.5316021 ], [ -46.5296457, -23.531858 ], [ -46.5294503, -23.5318838 ], [ -46.5292494, -23.5319059 ], [ -46.5290409, -23.5319226 ], [ -46.5288347, -23.5319327 ], [ -46.5286251, -23.5319366 ], [ -46.5284032, -23.5319342 ], [ -46.5281738, -23.5319225 ], [ -46.5279385, -23.5319022 ], [ -46.527701, -23.531878299999988 ], [ -46.5215118, -23.5311595 ], [ -46.521308, -23.5311345 ], [ -46.5210907, -23.5311027 ], [ -46.5209171, -23.5310704 ], [ -46.5207609, -23.5310354 ], [ -46.520606, -23.5309935 ], [ -46.5204531, -23.5309438 ], [ -46.5202985, -23.5308857 ], [ -46.5201417, -23.5308203 ], [ -46.5199554, -23.5307352 ], [ -46.5197484, -23.5306358 ], [ -46.5153173, -23.5285018 ], [ -46.5151404, -23.5284193 ], [ -46.5149787, -23.5283474 ], [ -46.5148043, -23.5282749 ], [ -46.5146501, -23.528217 ], [ -46.5144751, -23.5281599 ], [ -46.5143132, -23.5281153 ], [ -46.5141499, -23.5280757 ], [ -46.5139769, -23.5280382 ], [ -46.5137838, -23.5280031 ], [ -46.5135706, -23.5279688 ], [ -46.5096316, -23.5273711 ], [ -46.5094453, -23.5273472 ], [ -46.5092308, -23.5273238 ], [ -46.5090095, -23.5273047 ], [ -46.5087895, -23.527293 ], [ -46.508583, -23.5272894 ], [ -46.5083777, -23.527295 ], [ -46.5081686, -23.5273073 ], [ -46.507961, -23.5273276 ], [ -46.5077388, -23.5273603 ], [ -46.5075247, -23.5273997 ], [ -46.5072949, -23.5274541 ], [ -46.5070656, -23.5275187 ], [ -46.5068402, -23.5275925 ], [ -46.5066383, -23.5276693 ], [ -46.5064379, -23.5277548 ], [ -46.5062509, -23.5278432 ], [ -46.506039, -23.5279553 ], [ -46.5058516, -23.5280616 ], [ -46.5056441, -23.5281858 ], [ -46.5053819, -23.5283499 ], [ -46.4978548, -23.533236299999988 ], [ -46.4977146, -23.5333306 ], [ -46.4975597, -23.5334385 ], [ -46.4974096, -23.5335492 ], [ -46.4972366, -23.5336906 ], [ -46.4971045, -23.5338037 ], [ -46.4969852, -23.5339131 ], [ -46.4966754, -23.5342073 ], [ -46.4965519, -23.5343213 ], [ -46.4963959, -23.5344541 ], [ -46.4962539, -23.5345617 ], [ -46.4960992, -23.534668 ], [ -46.4959394, -23.5347667 ], [ -46.49578360000001, -23.5348531 ], [ -46.4956038, -23.5349398 ], [ -46.4954248, -23.5350154 ], [ -46.4952485, -23.5350799 ], [ -46.4950687, -23.5351365 ], [ -46.4948689, -23.5351869 ], [ -46.4946811, -23.5352256 ], [ -46.494482, -23.5352589 ], [ -46.4942734, -23.5352865 ], [ -46.4940367, -23.535313 ], [ -46.4913182, -23.5355963 ], [ -46.4910694, -23.5356225 ], [ -46.4908341, -23.53564 ], [ -46.4906417, -23.5356475 ], [ -46.490462, -23.5356481 ], [ -46.4902736, -23.5356425 ], [ -46.4900684, -23.535629 ], [ -46.4896252, -23.5355926 ], [ -46.4894317, -23.5355794 ], [ -46.4892504, -23.535573 ], [ -46.4890613, -23.5355736 ], [ -46.4888855, -23.5355841 ], [ -46.4886884, -23.5356069 ], [ -46.4885054, -23.5356365 ], [ -46.4883216, -23.5356788 ], [ -46.4881366, -23.5357341 ], [ -46.4879588, -23.5357981 ], [ -46.487808, -23.5358632 ], [ -46.4876578, -23.5359382 ], [ -46.4875069, -23.5360242 ], [ -46.4873557, -23.5361223 ], [ -46.4872065, -23.5362327 ], [ -46.4870649, -23.5363507 ], [ -46.4869362, -23.5364688 ], [ -46.486829, -23.5365813 ], [ -46.4867331, -23.5366965 ], [ -46.486648, -23.53681 ], [ -46.4865661, -23.5369286 ], [ -46.4864937, -23.5370479 ], [ -46.4864233, -23.5371801 ], [ -46.4863623, -23.5373086 ], [ -46.486306, -23.5374432 ], [ -46.4862463, -23.5376012 ], [ -46.4860478, -23.5381815 ], [ -46.4859881, -23.5383425 ], [ -46.4859317, -23.538479 ], [ -46.4858707, -23.538605 ], [ -46.4857957, -23.538739 ], [ -46.4857071, -23.5388755 ], [ -46.48560040000001, -23.5390169 ], [ -46.4854756, -23.5391632 ], [ -46.4853271, -23.5393307 ], [ -46.4851746, -23.5394983 ], [ -46.4850311, -23.539652 ], [ -46.4848958, -23.5397884 ], [ -46.4847475, -23.5399292 ], [ -46.4840977, -23.5405347 ], [ -46.4839756, -23.5406478 ], [ -46.4838295, -23.5407757 ], [ -46.4836978, -23.5408855 ], [ -46.4835574, -23.5409958 ], [ -46.4833977, -23.5411109 ], [ -46.483224, -23.5412251 ], [ -46.4830376, -23.5413364 ], [ -46.482835, -23.5414433 ], [ -46.4826434, -23.5415355 ], [ -46.4824455, -23.5416198 ], [ -46.4822578, -23.5416931 ], [ -46.4820559, -23.5417613 ], [ -46.4818326, -23.541827 ], [ -46.4815625, -23.5418959 ], [ -46.4812648, -23.5419641 ], [ -46.477796, -23.5427177 ], [ -46.4775679, -23.5427606 ], [ -46.4773695, -23.5427938 ], [ -46.4771596, -23.5428234 ], [ -46.4769651, -23.5428434 ], [ -46.4767773, -23.542856 ], [ -46.4765828, -23.5428606 ], [ -46.4763951, -23.5428597 ], [ -46.4762053, -23.5428532 ], [ -46.4760139, -23.542837399999989 ], [ -46.4758494, -23.5428185 ], [ -46.4756944, -23.5427963 ], [ -46.4752254, -23.5427109 ], [ -46.4750298, -23.5426768 ], [ -46.4748173, -23.5426434 ], [ -46.4746082, -23.5426142 ], [ -46.4744003, -23.5425899 ], [ -46.4738072, -23.5425293 ], [ -46.4736481, -23.5425101 ], [ -46.4735083, -23.542487 ], [ -46.4733563, -23.5424589 ], [ -46.4727806, -23.5423492 ], [ -46.472559, -23.5423095 ], [ -46.4688643, -23.5417009 ], [ -46.4685766, -23.5416535 ], [ -46.4682682, -23.5416019 ], [ -46.4679731, -23.5415502 ], [ -46.4656563, -23.5411329 ], [ -46.4654732, -23.5410966 ], [ -46.4652875, -23.5410545 ], [ -46.4651124, -23.54101 ], [ -46.4649421, -23.5409598 ], [ -46.4647721, -23.5409016 ], [ -46.464633, -23.5408495 ], [ -46.4644634, -23.5407803 ], [ -46.4642763, -23.5407001 ], [ -46.463864, -23.5405225 ], [ -46.4636866, -23.5404499 ], [ -46.4635212, -23.5403883 ], [ -46.4633764, -23.5403398 ], [ -46.4632349, -23.5402981 ], [ -46.4630733, -23.5402566 ], [ -46.4629251, -23.5402237 ], [ -46.4627648, -23.5401941 ], [ -46.4625858, -23.5401684 ], [ -46.4624182, -23.5401518 ], [ -46.4622237, -23.5401407 ], [ -46.4620219, -23.5401389 ], [ -46.4618361, -23.540145 ], [ -46.4616427, -23.5401592 ], [ -46.4614338, -23.5401844 ], [ -46.4611891, -23.5402237 ], [ -46.4609068, -23.5402772 ], [ -46.45494930000001, -23.5414698 ], [ -46.4547001, -23.5415178 ], [ -46.4544618, -23.5415596 ], [ -46.4542233, -23.5415967 ], [ -46.45399590000001, -23.5416275 ], [ -46.45373630000001, -23.5416568 ], [ -46.4534824, -23.5416807 ], [ -46.4532514, -23.5416967 ], [ -46.4530284, -23.541705 ], [ -46.4469076, -23.5418388 ], [ -46.4464832, -23.5418448 ], [ -46.4461317, -23.5418463 ], [ -46.4458062, -23.541842 ], [ -46.44547, -23.541834 ], [ -46.4451423, -23.541817 ], [ -46.4447736, -23.5417913 ], [ -46.4444393, -23.5417601 ], [ -46.4441329, -23.5417271 ], [ -46.4438202, -23.5416861 ], [ -46.4435157, -23.5416405 ], [ -46.4432308, -23.5415927 ], [ -46.4429349, -23.5415378 ], [ -46.4426291, -23.5414729 ], [ -46.4419301, -23.5413168 ], [ -46.4416081, -23.5412489 ], [ -46.4413176, -23.5411927 ], [ -46.4410316, -23.5411411 ], [ -46.4407152, -23.5410896 ], [ -46.4401424, -23.5409985 ], [ -46.4397986, -23.5409401 ], [ -46.4395116, -23.5408872 ], [ -46.4392391, -23.5408334 ], [ -46.4333582, -23.5395702 ], [ -46.433109, -23.5395144 ], [ -46.4329122, -23.5394682 ], [ -46.4326903, -23.5394141 ], [ -46.4325113, -23.5393674 ], [ -46.4304261, -23.538792 ], [ -46.4302136, -23.5387363 ], [ -46.4299873, -23.5386823 ], [ -46.4297542, -23.5386315 ], [ -46.4295215, -23.5385872 ], [ -46.4292872, -23.5385485 ], [ -46.4290649, -23.5385187 ], [ -46.4288308, -23.5384925 ], [ -46.4286159, -23.5384749 ], [ -46.4283882, -23.538461699999988 ], [ -46.428166, -23.5384547 ], [ -46.4279474, -23.5384541 ], [ -46.427709, -23.5384603 ], [ -46.42747, -23.5384743 ], [ -46.4272245, -23.5384953 ], [ -46.4269966, -23.5385211 ], [ -46.4267687, -23.5385534 ], [ -46.4265695, -23.5385872 ], [ -46.4263294, -23.5386355 ], [ -46.4260766, -23.5386939 ], [ -46.4257993, -23.5387642 ], [ -46.4256007, -23.538819 ], [ -46.4240012, -23.5392791 ], [ -46.4237643, -23.5393482 ], [ -46.4235543, -23.5394134 ], [ -46.4233549, -23.5394817 ], [ -46.4231607, -23.5395579 ], [ -46.422985, -23.5396342 ], [ -46.4228228, -23.5397128 ], [ -46.4226423, -23.5398075 ], [ -46.4224757, -23.5399028 ], [ -46.4222683, -23.5400285 ], [ -46.4218893, -23.540263 ], [ -46.4216827, -23.5403829 ], [ -46.4214973, -23.5404819 ], [ -46.4212938, -23.5405809 ], [ -46.4210229, -23.5407044 ], [ -46.4192574, -23.5414796 ], [ -46.419061, -23.5415615 ], [ -46.4188872, -23.5416247 ], [ -46.4187143, -23.5416813 ], [ -46.4185204, -23.5417366 ], [ -46.4173228, -23.5420399 ], [ -46.417121, -23.5420881 ], [ -46.4169158, -23.5421325 ], [ -46.4140546, -23.5427406 ], [ -46.4138809, -23.5427814 ], [ -46.4137305, -23.542821499999988 ], [ -46.4135762, -23.5428672 ], [ -46.4127242, -23.543125 ], [ -46.4125365, -23.5431788 ], [ -46.4123468, -23.5432253 ], [ -46.4121469, -23.543268 ], [ -46.4116823, -23.5433635 ], [ -46.411481, -23.5434113 ], [ -46.4112905, -23.5434603 ], [ -46.4091609, -23.5440412 ], [ -46.4089594, -23.5440972 ], [ -46.40877, -23.5441556 ], [ -46.4086145, -23.5442108 ], [ -46.4083774, -23.5443022 ], [ -46.4082233, -23.5443625 ], [ -46.4080425, -23.5444284 ], [ -46.4078478, -23.5444901 ], [ -46.4076021, -23.5445605 ], [ -46.4020484, -23.5460778 ], [ -46.4018797, -23.5461277 ], [ -46.4017003, -23.5461849 ], [ -46.4015153, -23.5462529 ], [ -46.4013335, -23.5463301 ], [ -46.4011712, -23.5464067 ], [ -46.4010023, -23.5464946 ], [ -46.4008333, -23.546593 ], [ -46.4006737, -23.546692 ], [ -46.3986412, -23.5479742 ], [ -46.3984924, -23.5480763 ], [ -46.3983349, -23.5481924 ], [ -46.3981973, -23.5483018 ], [ -46.3980552, -23.5484272 ], [ -46.3979365, -23.5485419 ], [ -46.3978104, -23.54867 ], [ -46.397673, -23.5488194 ], [ -46.3975356, -23.5489768 ], [ -46.396149, -23.5505827 ], [ -46.3960091, -23.5507361 ], [ -46.3958764, -23.5508708 ], [ -46.3957552, -23.5509839 ], [ -46.395623, -23.5510988 ], [ -46.3954883, -23.5512064 ], [ -46.395328, -23.5513238 ], [ -46.395149, -23.5514431 ], [ -46.3949824, -23.5515484 ], [ -46.3947991, -23.5516612 ], [ -46.3936282, -23.5523589 ], [ -46.3934928, -23.5524437 ], [ -46.3933519, -23.5525359 ], [ -46.3932266, -23.5526262 ], [ -46.3931031, -23.5527215 ], [ -46.3929878, -23.5528211 ], [ -46.3928812, -23.5529225 ], [ -46.392782, -23.553024 ], [ -46.3926854, -23.5531327 ], [ -46.3925919, -23.5532498 ], [ -46.3925091, -23.5533644 ], [ -46.3924152, -23.5535027 ], [ -46.3921845, -23.5538662 ], [ -46.3920901, -23.5540063 ], [ -46.3919971, -23.5541366 ], [ -46.3918955, -23.554265 ], [ -46.3917896, -23.5543849 ], [ -46.3916641, -23.5545133 ], [ -46.3915414, -23.5546252 ], [ -46.3914121, -23.5547304 ], [ -46.3912531, -23.5548429 ], [ -46.3911203, -23.5549258 ], [ -46.3909855, -23.5550039 ], [ -46.3908172, -23.5550887 ], [ -46.3906422, -23.5551638 ], [ -46.3904773, -23.5552252 ], [ -46.3903082, -23.5552768 ], [ -46.3901467, -23.555318499999988 ], [ -46.3899734, -23.5553518 ], [ -46.3897887, -23.5553776 ], [ -46.3895902, -23.5553936 ], [ -46.3894057, -23.555396 ], [ -46.3892297, -23.5553893 ], [ -46.38903160000001, -23.5553727 ], [ -46.3888397, -23.5553487 ], [ -46.3886486, -23.5553192 ], [ -46.3884451, -23.5552829 ], [ -46.388206, -23.5552392 ], [ -46.3827431, -23.554209599999989 ], [ -46.3825776, -23.5541752 ], [ -46.3824058, -23.5541384 ], [ -46.3822469, -23.5540981 ], [ -46.3820954, -23.5540511 ], [ -46.3819479, -23.5539983 ], [ -46.3818132, -23.5539423 ], [ -46.3816899, -23.5538815 ], [ -46.3815673, -23.5538108 ], [ -46.3814557, -23.5537388 ], [ -46.381345, -23.5536571 ], [ -46.3812438, -23.5535723 ], [ -46.3811424, -23.5534763 ], [ -46.3810456, -23.5533681 ], [ -46.3809575, -23.5532563 ], [ -46.3808877, -23.5531525 ], [ -46.3808153, -23.5530332 ], [ -46.3807509, -23.5529078 ], [ -46.3806966, -23.5527788 ], [ -46.380649, -23.5526441 ], [ -46.3806088, -23.5525089 ], [ -46.3805685, -23.5523503 ], [ -46.38053, -23.552172 ], [ -46.3804941, -23.5519802 ], [ -46.3803399, -23.5511196 ], [ -46.380313, -23.5509795 ], [ -46.3802783, -23.5508203 ], [ -46.3802393, -23.5506709 ], [ -46.3801917, -23.5505146 ], [ -46.3801381, -23.5503669 ], [ -46.3800771, -23.5502168 ], [ -46.3800113, -23.5500806 ], [ -46.3799369, -23.5499431 ], [ -46.3798511, -23.5498026 ], [ -46.3797545, -23.5496611 ], [ -46.3796573, -23.5495319 ], [ -46.3795534, -23.5494084 ], [ -46.3794373, -23.5492811 ], [ -46.379314, -23.549149 ], [ -46.3791772, -23.549014199999988 ], [ -46.378587, -23.5484512 ], [ -46.3784787, -23.5483427 ], [ -46.3783738, -23.5482312 ], [ -46.3782662, -23.5481086 ], [ -46.3781579, -23.5479754 ], [ -46.3780553, -23.5478384 ], [ -46.3779639, -23.5477067 ], [ -46.3778786, -23.5475725 ], [ -46.377805, -23.5474497 ], [ -46.3777146, -23.5472887 ], [ -46.3773741, -23.5466483 ], [ -46.3772926, -23.5465066 ], [ -46.3772084, -23.5463637 ], [ -46.3771233, -23.5462255 ], [ -46.3770206, -23.5460711 ], [ -46.3769201, -23.5459353 ], [ -46.3768013, -23.5457883 ], [ -46.3766857, -23.5456564 ], [ -46.3765465, -23.5455141 ], [ -46.3764151, -23.5453927 ], [ -46.3762843, -23.5452818 ], [ -46.3761348, -23.5451659 ], [ -46.3759827, -23.5450605 ], [ -46.3758294, -23.5449646 ], [ -46.3756735, -23.5448761 ], [ -46.3755246, -23.5447986 ], [ -46.3753369, -23.5447125 ], [ -46.3751726, -23.5446431 ], [ -46.3749748, -23.5445674 ], [ -46.374712700000011, -23.5444734 ], [ -46.3731347, -23.5439372 ], [ -46.3729786, -23.5438801 ], [ -46.3728129, -23.5438155 ], [ -46.3726459, -23.5437436 ], [ -46.3724776, -23.5436632 ], [ -46.3723114, -23.5435757 ], [ -46.3721639, -23.543490099999989 ], [ -46.3720042, -23.5433891 ], [ -46.3718557, -23.5432913 ], [ -46.3715327, -23.5430656 ], [ -46.3714109, -23.5429802 ], [ -46.3698972, -23.5418853 ], [ -46.3697493, -23.5417802 ], [ -46.3696093, -23.5416849 ], [ -46.369461, -23.5415913 ], [ -46.3689197, -23.5412634 ], [ -46.3687908, -23.5411803 ], [ -46.3686458, -23.5410788 ], [ -46.367834, -23.5404929 ], [ -46.3677127, -23.5404029 ], [ -46.3675921, -23.5403085 ], [ -46.3674783, -23.5402145 ], [ -46.3671836, -23.53996 ], [ -46.3670576, -23.5398532 ], [ -46.3669371, -23.539758 ], [ -46.3667924, -23.539652 ], [ -46.3610234, -23.5355078 ], [ -46.3608273, -23.5353698 ], [ -46.3606346, -23.5352363 ], [ -46.3604474, -23.5351119 ], [ -46.3602729, -23.535 ], [ -46.3600919, -23.53489 ], [ -46.3598928, -23.5347707 ], [ -46.3484287, -23.5281877 ], [ -46.344955, -23.526188 ], [ -46.3410503, -23.523946 ], [ -46.3408921, -23.5238586 ], [ -46.3407231, -23.5237701 ], [ -46.3405789, -23.5237013 ], [ -46.34042, -23.5236348 ], [ -46.3402668, -23.5235795 ], [ -46.3401075, -23.5235328 ], [ -46.3399395, -23.5234941 ], [ -46.339781, -23.5234658 ], [ -46.3396173, -23.5234461 ], [ -46.339439, -23.5234351 ], [ -46.3392606, -23.5234345 ], [ -46.339089, -23.5234449 ], [ -46.338916, -23.5234652 ], [ -46.3387606, -23.523492 ], [ -46.3386012, -23.5235274 ], [ -46.3384372, -23.5235716 ], [ -46.338244, -23.5236294 ], [ -46.3380261, -23.5237007 ], [ -46.3300069, -23.5264683 ], [ -46.3146781, -23.5317657 ], [ -46.3141415, -23.5319505 ], [ -46.3135768, -23.5321477 ], [ -46.3108048, -23.5331335 ], [ -46.3106059, -23.5332054 ], [ -46.3104609, -23.5332598 ], [ -46.3103199, -23.5333138 ], [ -46.309222, -23.5337452 ], [ -46.30908, -23.5337996 ], [ -46.3089332, -23.5338522 ], [ -46.307933856333271, -23.534199027292004 ] ] ] } },
{ "type": "Feature", "properties": { "fid": 47, "Name": "Linha 11 - Coral > EST", "description": "Barra Funda > Estudantes • 54.3km • 17 estações • 67min • 686mil pass/d • ATP • Headway: 210s", "Status_Obra": "Construído", "Modal": "Trem", "N_Linha": 11, "data_abertura": "1875-11-06" }, "geometry": { "type": "MultiLineString", "coordinates": [ [ [ -46.616954946817053, -23.544412822159099 ], [ -46.6169324, -23.5444453 ], [ -46.6162504, -23.5454407 ], [ -46.6161659, -23.5455581 ], [ -46.6160748, -23.5456761 ], [ -46.6159897, -23.5457775 ], [ -46.6158818, -23.5458974 ], [ -46.6157469, -23.5460422 ], [ -46.615614, -23.546176599999988 ], [ -46.6155054, -23.5462762 ], [ -46.6153868, -23.5463701 ], [ -46.6152681, -23.5464531 ], [ -46.6145338, -23.5469209 ], [ -46.6143822, -23.5470143 ], [ -46.6142656, -23.5470811 ], [ -46.6141442, -23.547141 ], [ -46.614039, -23.5471864 ], [ -46.6139373, -23.5472215 ], [ -46.6138257, -23.547254 ], [ -46.6137251, -23.5472768 ], [ -46.6136131, -23.5472964 ], [ -46.6135085, -23.5473082 ], [ -46.6133918, -23.5473149 ], [ -46.6132752, -23.5473149 ], [ -46.6131652, -23.547307 ], [ -46.6130445, -23.5472934 ], [ -46.6128769, -23.5472645 ], [ -46.6114157, -23.5469737 ], [ -46.6111334, -23.5469178 ], [ -46.5800796, -23.5407686 ], [ -46.5798374, -23.5407229 ], [ -46.5796279, -23.5406858 ], [ -46.5794574, -23.5406584 ], [ -46.5792882, -23.5406334 ], [ -46.5786169, -23.540546200000012 ], [ -46.5784151, -23.5405191 ], [ -46.5782468, -23.5404951 ], [ -46.578051, -23.5404643 ], [ -46.5778622, -23.5404311 ], [ -46.5776104, -23.5403832 ], [ -46.5752722, -23.5399197 ], [ -46.5750671, -23.5398779 ], [ -46.5748931, -23.5398423 ], [ -46.574727, -23.539806 ], [ -46.5745434, -23.5397642 ], [ -46.5743224, -23.5397115 ], [ -46.5741115, -23.5396612 ], [ -46.573107, -23.5394099 ], [ -46.5729139, -23.5393615 ], [ -46.5727134, -23.5393135 ], [ -46.572464, -23.5392552 ], [ -46.5722648, -23.5392109 ], [ -46.5720753, -23.5391714 ], [ -46.5713198, -23.5390175 ], [ -46.5710948, -23.5389731 ], [ -46.5708825, -23.538933499999988 ], [ -46.5700765, -23.5387874 ], [ -46.5697603, -23.5387283 ], [ -46.5694555, -23.5386698 ], [ -46.5646829, -23.5377219 ], [ -46.5583548, -23.5364725 ], [ -46.5581691, -23.5364356 ], [ -46.5576444, -23.5363365 ], [ -46.5574556, -23.5363002 ], [ -46.5562694, -23.5360676 ], [ -46.5560289, -23.5360203 ], [ -46.5558332, -23.5359797 ], [ -46.5556434, -23.535938 ], [ -46.5554724, -23.5358998 ], [ -46.5548106, -23.5357499 ], [ -46.5545608, -23.5356958 ], [ -46.5542828, -23.5356386 ], [ -46.547456, -23.5342861 ], [ -46.5472112, -23.5342363 ], [ -46.5469487, -23.5341825 ], [ -46.5466292, -23.5341145 ], [ -46.5463843, -23.5340606 ], [ -46.5458605, -23.5339351 ], [ -46.5456999, -23.5338932 ], [ -46.545581, -23.5338569 ], [ -46.54545550000001, -23.5338124 ], [ -46.5449793, -23.5336165 ], [ -46.5448702, -23.5335742 ], [ -46.5447618, -23.5335379 ], [ -46.5446541, -23.5335067 ], [ -46.5445457, -23.5334811 ], [ -46.5444094, -23.5334518 ], [ -46.54207610000001, -23.5329895 ], [ -46.5419592, -23.5329689 ], [ -46.5418439, -23.5329511 ], [ -46.5417266, -23.5329404 ], [ -46.541618, -23.5329353 ], [ -46.5415081, -23.532934 ], [ -46.5410026, -23.5329396 ], [ -46.5408839, -23.5329363 ], [ -46.5407679, -23.532928 ], [ -46.5406436, -23.532915 ], [ -46.5405212, -23.5328966 ], [ -46.5404072, -23.5328752 ], [ -46.534122, -23.5316376 ], [ -46.5338655, -23.5315896 ], [ -46.5336419, -23.5315522 ], [ -46.5334046, -23.5315196 ], [ -46.5331651, -23.5314938 ], [ -46.5329465, -23.5314772 ], [ -46.5327353, -23.531468 ], [ -46.5325194, -23.5314654 ], [ -46.5322787, -23.531471 ], [ -46.5320507, -23.5314857 ], [ -46.5318335, -23.5315048 ], [ -46.5316175, -23.5315294 ], [ -46.5313727, -23.5315613 ], [ -46.5298043, -23.5317863 ], [ -46.5295736, -23.531819 ], [ -46.5293484, -23.5318479 ], [ -46.5291405, -23.5318676 ], [ -46.528938, -23.5318829 ], [ -46.5287301, -23.5318915 ], [ -46.5285209, -23.5318934 ], [ -46.5282929, -23.5318885 ], [ -46.5280777, -23.5318767 ], [ -46.5278738, -23.5318595 ], [ -46.5276646, -23.5318381 ], [ -46.5214332, -23.5311027 ], [ -46.5212123, -23.531073 ], [ -46.5210185, -23.531041 ], [ -46.5208509, -23.531006 ], [ -46.5207047, -23.5309691 ], [ -46.52054230000001, -23.5309218 ], [ -46.5203868, -23.5308677 ], [ -46.5202379, -23.5308092 ], [ -46.5200693, -23.5307361 ], [ -46.5199154, -23.5306642 ], [ -46.5153912, -23.5284829 ], [ -46.5151806, -23.5283839 ], [ -46.5149761, -23.5282929 ], [ -46.5148044, -23.5282228 ], [ -46.5146368, -23.5281613 ], [ -46.5144705, -23.5281081 ], [ -46.5142969, -23.5280598 ], [ -46.5141305, -23.5280206 ], [ -46.5139321, -23.5279812 ], [ -46.5137282, -23.5279455 ], [ -46.5096513, -23.5273246 ], [ -46.5094199, -23.5272951 ], [ -46.5091517, -23.5272674 ], [ -46.5089338, -23.5272502 ], [ -46.5087218, -23.5272429 ], [ -46.5085268, -23.5272421 ], [ -46.5083229, -23.5272496 ], [ -46.5081211, -23.5272634 ], [ -46.5079326, -23.5272846 ], [ -46.5077382, -23.5273123 ], [ -46.5075431, -23.5273479 ], [ -46.50736, -23.5273891 ], [ -46.5071783, -23.5274359 ], [ -46.5070046, -23.5274862 ], [ -46.50682960000001, -23.5275447 ], [ -46.5066653, -23.5276056 ], [ -46.5065064, -23.5276707 ], [ -46.5063508, -23.5277396 ], [ -46.5061798, -23.5278232 ], [ -46.5060175, -23.5279099 ], [ -46.5058271, -23.5280175 ], [ -46.5056487, -23.5281263 ], [ -46.4979562, -23.533108 ], [ -46.4977885, -23.5332174 ], [ -46.4976597, -23.533305 ], [ -46.4975075, -23.5334135 ], [ -46.4973534, -23.5335303 ], [ -46.4972052, -23.5336509 ], [ -46.4970549, -23.5337836 ], [ -46.4969168, -23.5339102 ], [ -46.49667070000001, -23.5341421 ], [ -46.4965369, -23.5342632 ], [ -46.4963938, -23.5343855 ], [ -46.4962697, -23.5344826 ], [ -46.4961491, -23.5345687 ], [ -46.4960216, -23.5346529 ], [ -46.4958754, -23.5347402 ], [ -46.4957293, -23.5348189 ], [ -46.4955858, -23.5348884 ], [ -46.4954087, -23.5349645 ], [ -46.4952478, -23.5350236 ], [ -46.4950869, -23.5350758 ], [ -46.494877, -23.5351324 ], [ -46.4946805, -23.5351748 ], [ -46.4944767, -23.5352105 ], [ -46.4942456, -23.5352418 ], [ -46.4939945, -23.5352708 ], [ -46.4912567, -23.535554699999988 ], [ -46.4909918, -23.5355794 ], [ -46.4907873, -23.5355922 ], [ -46.4905862, -23.535598499999988 ], [ -46.4903937, -23.5355972 ], [ -46.4901885, -23.535588 ], [ -46.4899826, -23.5355732 ], [ -46.4895944, -23.5355412 ], [ -46.48941, -23.5355289 ], [ -46.4892299, -23.5355228 ], [ -46.4890693, -23.5355228 ], [ -46.4889172, -23.5355302 ], [ -46.4887575, -23.5355449 ], [ -46.4885993, -23.5355671 ], [ -46.4884343, -23.5355991 ], [ -46.4882807, -23.5356366 ], [ -46.4881302, -23.5356811 ], [ -46.4879837, -23.5357337 ], [ -46.4878409, -23.535792 ], [ -46.4876927, -23.5358609 ], [ -46.4875498, -23.5359366 ], [ -46.4874279, -23.5360097 ], [ -46.487293, -23.5361007 ], [ -46.48718310000001, -23.5361824 ], [ -46.4870751, -23.536271 ], [ -46.4869651, -23.5363675 ], [ -46.4868552, -23.5364726 ], [ -46.4867613, -23.5365747 ], [ -46.4866791, -23.5366727 ], [ -46.486603, -23.5367745 ], [ -46.4865266, -23.5368876 ], [ -46.4864569, -23.5370025 ], [ -46.4863938, -23.5371181 ], [ -46.4863318, -23.537245699999989 ], [ -46.4862758, -23.5373807 ], [ -46.4862229, -23.5375208 ], [ -46.4860137, -23.5381233 ], [ -46.4859493, -23.5383003 ], [ -46.4858896, -23.5384436 ], [ -46.4858212, -23.5385807 ], [ -46.4857535, -23.5387018 ], [ -46.4856796, -23.5388179 ], [ -46.4855919, -23.5389421 ], [ -46.485502, -23.5390552 ], [ -46.4853927, -23.5391844 ], [ -46.4852686, -23.5393245 ], [ -46.4850466, -23.5395692 ], [ -46.4849092, -23.5397105 ], [ -46.484763, -23.5398535 ], [ -46.4846169, -23.5399915 ], [ -46.4839543, -23.5406057 ], [ -46.4838129, -23.5407292 ], [ -46.4836741, -23.5408466 ], [ -46.4835413, -23.5409511 ], [ -46.4834005, -23.5410525 ], [ -46.4832308, -23.5411669 ], [ -46.4830618, -23.5412702 ], [ -46.48287340000001, -23.5413753 ], [ -46.4827132, -23.5414564 ], [ -46.4825375, -23.5415363 ], [ -46.4823618, -23.5416101 ], [ -46.4822136, -23.5416667 ], [ -46.4820473, -23.5417232 ], [ -46.481871, -23.5417761 ], [ -46.4816953, -23.5418228 ], [ -46.4814981, -23.5418702 ], [ -46.4778356, -23.5426706 ], [ -46.4776213, -23.5427136 ], [ -46.4774138, -23.5427492 ], [ -46.4771992, -23.5427799 ], [ -46.4770108, -23.5427997 ], [ -46.4768063, -23.5428144 ], [ -46.4766048, -23.5428212 ], [ -46.4764398, -23.5428209 ], [ -46.4762658, -23.5428153 ], [ -46.4761126, -23.5428055 ], [ -46.4759574, -23.5427904 ], [ -46.4758162, -23.5427723 ], [ -46.4756637, -23.5427495 ], [ -46.4754707, -23.5427151 ], [ -46.473707, -23.542385 ], [ -46.473436, -23.5423355 ], [ -46.4728121, -23.5422163 ], [ -46.4725671, -23.5421732 ], [ -46.4699851, -23.5417441 ], [ -46.4696942, -23.5416968 ], [ -46.465944, -23.5411288 ], [ -46.4657368, -23.5410956 ], [ -46.4655548, -23.5410635 ], [ -46.465408, -23.5410353 ], [ -46.4652852, -23.5410088 ], [ -46.4651531, -23.5409757 ], [ -46.4650016, -23.5409323 ], [ -46.464854, -23.5408859 ], [ -46.4646944, -23.5408281 ], [ -46.4645054, -23.5407538 ], [ -46.4639126, -23.540496799999989 ], [ -46.4637436, -23.5404279 ], [ -46.4635853, -23.5403695 ], [ -46.4634277, -23.5403154 ], [ -46.4632588, -23.5402644 ], [ -46.4630864, -23.5402195 ], [ -46.4629108, -23.540182 ], [ -46.4627337, -23.54015 ], [ -46.4625514, -23.5401258 ], [ -46.4623657, -23.5401107 ], [ -46.462192, -23.5401027 ], [ -46.4620029, -23.5401009 ], [ -46.4618252, -23.5401076 ], [ -46.4616662, -23.5401193 ], [ -46.4614644, -23.5401426 ], [ -46.461233, -23.5401771 ], [ -46.4610084, -23.5402183 ], [ -46.4549341, -23.5414299 ], [ -46.4546894, -23.5414782 ], [ -46.4544533, -23.5415196 ], [ -46.4542151, -23.5415573 ], [ -46.4539901, -23.5415877 ], [ -46.4537331, -23.5416164 ], [ -46.4534772, -23.5416402 ], [ -46.4532484, -23.5416559 ], [ -46.4530282, -23.541663 ], [ -46.4469064, -23.5418015 ], [ -46.4464832, -23.541808 ], [ -46.4461312, -23.5418093 ], [ -46.4458076, -23.5418052 ], [ -46.4454719, -23.5417965 ], [ -46.4451435, -23.541781 ], [ -46.4447756, -23.5417551 ], [ -46.4444473, -23.541725 ], [ -46.4441377, -23.5416912 ], [ -46.4438265, -23.5416508 ], [ -46.4435274, -23.5416066 ], [ -46.4432385, -23.541557799999989 ], [ -46.4429439, -23.5415023 ], [ -46.4426386, -23.5414382 ], [ -46.4419382, -23.5412824 ], [ -46.4416161, -23.5412151 ], [ -46.4413251, -23.5411574 ], [ -46.4410379, -23.5411062 ], [ -46.4407218, -23.5410544 ], [ -46.4401576, -23.5409652 ], [ -46.4398126, -23.5409069 ], [ -46.4395214, -23.5408529 ], [ -46.439249, -23.5407976 ], [ -46.4333675, -23.5395354 ], [ -46.4331258, -23.539480699999988 ], [ -46.4329222, -23.539434 ], [ -46.432706, -23.5393812 ], [ -46.4325228, -23.5393328 ], [ -46.4304332, -23.5387581 ], [ -46.4302243, -23.5387024 ], [ -46.4299964, -23.5386475 ], [ -46.4297633, -23.5385979 ], [ -46.4295286, -23.5385522 ], [ -46.4292922, -23.5385131 ], [ -46.4290733, -23.5384836 ], [ -46.4288352, -23.5384577 ], [ -46.428619, -23.5384397 ], [ -46.42839, -23.5384267 ], [ -46.4281696, -23.5384192 ], [ -46.4279484, -23.5384181 ], [ -46.4277085, -23.5384247 ], [ -46.4274673, -23.5384389 ], [ -46.4272209, -23.5384602 ], [ -46.4269899, -23.5384863 ], [ -46.4267625, -23.5385189 ], [ -46.4265597, -23.538553 ], [ -46.4263177, -23.538601 ], [ -46.4260685, -23.5386572 ], [ -46.4258409, -23.5387141 ], [ -46.4256524, -23.5387642 ], [ -46.4237768, -23.539304 ], [ -46.4234865, -23.5393943 ], [ -46.4232752, -23.5394694 ], [ -46.4230291, -23.539571399999989 ], [ -46.4228146, -23.539671 ], [ -46.4226095, -23.5397797 ], [ -46.4224035, -23.5398984 ], [ -46.4222198, -23.5400121 ], [ -46.4218121, -23.5402642 ], [ -46.421676, -23.5403429 ], [ -46.4215325, -23.5404209 ], [ -46.4213884, -23.5404942 ], [ -46.4212066, -23.5405777 ], [ -46.4193907, -23.5413788 ], [ -46.4192118, -23.5414556 ], [ -46.4190367, -23.5415219 ], [ -46.4188757, -23.5415791 ], [ -46.41868, -23.5416394 ], [ -46.4185076, -23.5416843 ], [ -46.4183253, -23.5417267 ], [ -46.4181314, -23.5417636 ], [ -46.4179129, -23.5417962 ], [ -46.4177191, -23.5418177 ], [ -46.4174308, -23.5418429 ], [ -46.4172772, -23.5418595 ], [ -46.4171109, -23.5418841 ], [ -46.4169419, -23.541913 ], [ -46.4167803, -23.5419467 ], [ -46.4144387, -23.5424435 ], [ -46.4142704, -23.5424829 ], [ -46.4140995, -23.5425295 ], [ -46.4139345, -23.5425805 ], [ -46.4137668, -23.5426377 ], [ -46.4135979, -23.5427035 ], [ -46.413451, -23.5427656 ], [ -46.4132263, -23.5428682 ], [ -46.4130628, -23.5429414 ], [ -46.4128978, -23.5430066 ], [ -46.4127348, -23.5430656 ], [ -46.4125699, -23.5431185 ], [ -46.4123963, -23.5431677 ], [ -46.4122233, -23.5432106 ], [ -46.4120428, -23.5432488 ], [ -46.4116674, -23.5433281 ], [ -46.4114702, -23.5433742 ], [ -46.4112569, -23.5434301 ], [ -46.4090079, -23.5440454 ], [ -46.4088208, -23.5441011 ], [ -46.4086511, -23.5441571 ], [ -46.408507, -23.5442118 ], [ -46.4082495, -23.5443107 ], [ -46.4080979, -23.5443643 ], [ -46.4079537, -23.544411 ], [ -46.4078156, -23.5444509 ], [ -46.4076621, -23.5444927 ], [ -46.4021749, -23.5459957 ], [ -46.4019201, -23.5460677 ], [ -46.4017458, -23.5461224 ], [ -46.4015708, -23.5461832 ], [ -46.4014166, -23.5462434 ], [ -46.4012677, -23.5463074 ], [ -46.4011222, -23.546379 ], [ -46.4009693, -23.5464604 ], [ -46.4008278, -23.546541 ], [ -46.400689, -23.5466271 ], [ -46.3986962, -23.547878 ], [ -46.398501, -23.5480096 ], [ -46.3983702, -23.5481024 ], [ -46.3982394, -23.548202 ], [ -46.3981114, -23.5483089 ], [ -46.3979941, -23.5484159 ], [ -46.3978942, -23.5485124 ], [ -46.3977815, -23.5486285 ], [ -46.3976762, -23.5487423 ], [ -46.3961353, -23.550528 ], [ -46.396024, -23.5506516 ], [ -46.3959167, -23.550765899999988 ], [ -46.3958027, -23.5508765 ], [ -46.3956941, -23.5509755 ], [ -46.3955774, -23.5510739 ], [ -46.3954473, -23.5511765 ], [ -46.3953239, -23.5512644 ], [ -46.3951985, -23.5513499 ], [ -46.3950658, -23.5514372 ], [ -46.3949115, -23.5515336 ], [ -46.393545, -23.5523531 ], [ -46.3933894, -23.5524533 ], [ -46.3932478, -23.5525491 ], [ -46.3931152, -23.552649299999988 ], [ -46.3929991, -23.5527453 ], [ -46.3928938, -23.5528423 ], [ -46.3927919, -23.5529419 ], [ -46.3926933, -23.5530464 ], [ -46.3925968, -23.5531626 ], [ -46.3925062, -23.5532806 ], [ -46.3924272, -23.5533944 ], [ -46.3923406, -23.5535271 ], [ -46.392126, -23.5538627 ], [ -46.3920281, -23.554009 ], [ -46.3919443, -23.5541245 ], [ -46.3918639, -23.554226 ], [ -46.3917727, -23.5543311 ], [ -46.3916815, -23.554427 ], [ -46.3915802, -23.5545229 ], [ -46.3914797, -23.554612 ], [ -46.3913743, -23.554695 ], [ -46.3912624, -23.5547774 ], [ -46.3911303, -23.5548634 ], [ -46.3910136, -23.5549323 ], [ -46.3908795, -23.5550024 ], [ -46.3907307, -23.5550742 ], [ -46.3905825, -23.5551345 ], [ -46.3904275, -23.5551905 ], [ -46.3902552, -23.5552415 ], [ -46.3901023, -23.5552765 ], [ -46.3899394, -23.5553084 ], [ -46.3897771, -23.5553306 ], [ -46.3896129, -23.5553435 ], [ -46.3894592, -23.555349 ], [ -46.3892969, -23.5553472 ], [ -46.3891407, -23.5553379 ], [ -46.3889657, -23.555320099999989 ], [ -46.388794, -23.5552961 ], [ -46.3886006, -23.5552639 ], [ -46.3884018, -23.5552292 ], [ -46.3827424, -23.5541608 ], [ -46.3825412, -23.5541191 ], [ -46.3823803, -23.5540815 ], [ -46.3822273, -23.5540409 ], [ -46.3820852, -23.5539973 ], [ -46.3819531, -23.5539488 ], [ -46.3818204, -23.5538917 ], [ -46.3816795, -23.553820399999989 ], [ -46.3815487, -23.5537434 ], [ -46.3814374, -23.5536654 ], [ -46.3813442, -23.5535935 ], [ -46.381247, -23.5535081 ], [ -46.3811518, -23.553414 ], [ -46.381072, -23.5533218 ], [ -46.3810002, -23.5532308 ], [ -46.3809291, -23.5531275 ], [ -46.3808642, -23.5530206 ], [ -46.3808065, -23.5529124 ], [ -46.3807508, -23.552785199999988 ], [ -46.3807059, -23.5526616 ], [ -46.3806643, -23.5525258 ], [ -46.3806308, -23.5523948 ], [ -46.3805952, -23.5522314 ], [ -46.3803995, -23.5511729 ], [ -46.3803642, -23.5509829 ], [ -46.3803303, -23.5508243 ], [ -46.3802914, -23.5506669 ], [ -46.3802452, -23.5505114 ], [ -46.38019220000001, -23.5503583 ], [ -46.3801312, -23.5502102 ], [ -46.3800749, -23.5500842 ], [ -46.3800118, -23.5499619 ], [ -46.3799361, -23.5498322 ], [ -46.379861, -23.5497148 ], [ -46.3797831, -23.5496029 ], [ -46.3796967, -23.5494916 ], [ -46.3796035, -23.5493809 ], [ -46.3795009, -23.5492673 ], [ -46.3793956, -23.5491567 ], [ -46.3792823, -23.5490447 ], [ -46.3786117, -23.5484091 ], [ -46.3784864, -23.5482812 ], [ -46.3783891, -23.5481762 ], [ -46.378304, -23.5480796 ], [ -46.3782174, -23.5479745 ], [ -46.3781403, -23.5478706 ], [ -46.3780666, -23.5477673 ], [ -46.3779942, -23.547661 ], [ -46.3779224, -23.5475479 ], [ -46.3778526, -23.5474305 ], [ -46.3777822, -23.5473057 ], [ -46.3774329, -23.546656 ], [ -46.3773438, -23.546496099999988 ], [ -46.3772519, -23.5463406 ], [ -46.3771653, -23.5462023 ], [ -46.3770708, -23.5460579 ], [ -46.376981, -23.545933 ], [ -46.376879700000011, -23.5458021 ], [ -46.3767765, -23.5456816 ], [ -46.3766684, -23.5455654 ], [ -46.3765539, -23.5454529 ], [ -46.3764311, -23.5453429 ], [ -46.3763104, -23.5452408 ], [ -46.3761837, -23.5451419 ], [ -46.3760596, -23.5450546 ], [ -46.3759315, -23.5449698 ], [ -46.3757955, -23.5448868 ], [ -46.3756519, -23.5448081 ], [ -46.3755158, -23.5447398 ], [ -46.3753522, -23.5446649 ], [ -46.3751993, -23.5446004 ], [ -46.3750424, -23.54454 ], [ -46.3748808, -23.5444817 ], [ -46.3732553, -23.5439293 ], [ -46.3730314, -23.54385 ], [ -46.3728362, -23.5437756 ], [ -46.3726626, -23.5437006 ], [ -46.3725103, -23.5436268 ], [ -46.3723487, -23.5435408 ], [ -46.3722046, -23.5434579 ], [ -46.3720671, -23.5433723 ], [ -46.3719062, -23.5432641 ], [ -46.3717415, -23.5431501 ], [ -46.3714101, -23.5429195 ], [ -46.3712423, -23.5428007 ], [ -46.3693528, -23.5414392 ], [ -46.3610697, -23.5354828 ], [ -46.36082840000001, -23.5353112 ], [ -46.3606499, -23.5351884 ], [ -46.360475, -23.535071 ], [ -46.3603106, -23.5349658 ], [ -46.360135, -23.5348588 ], [ -46.3599586, -23.5347549 ], [ -46.3484621, -23.5281518 ], [ -46.3445191, -23.5258951 ], [ -46.3411651, -23.5239586 ], [ -46.3409652, -23.5238442 ], [ -46.3407654, -23.5237366 ], [ -46.3406059, -23.5236603 ], [ -46.3404617, -23.5235982 ], [ -46.3403121, -23.5235441 ], [ -46.3401652, -23.5234992 ], [ -46.3400167, -23.5234611 ], [ -46.3398588, -23.5234298 ], [ -46.3396791, -23.523404 ], [ -46.3395081, -23.5233898 ], [ -46.3393405, -23.5233849 ], [ -46.3391721, -23.5233892 ], [ -46.3390146, -23.5234008 ], [ -46.3388489, -23.523423 ], [ -46.338678, -23.5234549 ], [ -46.3385129, -23.5234942 ], [ -46.3383541, -23.5235404 ], [ -46.3381509, -23.5236074 ], [ -46.3317454, -23.5258301 ], [ -46.3299853, -23.5264333 ], [ -46.3147546, -23.531694 ], [ -46.3142779, -23.5318597 ], [ -46.3136834, -23.5320661 ], [ -46.3102963, -23.5332695 ], [ -46.3093513, -23.5336011 ], [ -46.3088283, -23.5337781 ], [ -46.307893110887598, -23.534101238190491 ] ] ] } },
{ "type": "Feature", "properties": { "fid": 48, "Name": "L11 via 3 [Guaianases]", "description": null, "Status_Obra": "Construído", "Modal": "Trem", "N_Linha": 11, "data_abertura": null }, "geometry": { "type": "MultiLineString", "coordinates": [ [ [ -46.4185204, -23.5417366 ], [ -46.4183162, -23.5417879 ], [ -46.418154, -23.5418205 ], [ -46.4179964, -23.5418475 ], [ -46.4178522, -23.541869 ], [ -46.4176129, -23.5418979 ], [ -46.4174311, -23.5419231 ], [ -46.4172644, -23.541952 ], [ -46.4183253, -23.5417267 ], [ -46.4143397, -23.5425728 ], [ -46.4141325, -23.5426208 ], [ -46.4139622, -23.5426675 ], [ -46.4137697, -23.542729 ], [ -46.4127348, -23.5430656 ], [ -46.4137697, -23.542729 ], [ -46.4135507, -23.5428077 ], [ -46.4134005, -23.5428671 ], [ -46.4132027, -23.5429528 ], [ -46.4130478, -23.543013699999989 ], [ -46.4128929, -23.5430696 ], [ -46.4127242, -23.543125 ] ] ] } },
{ "type": "Feature", "properties": { "fid": 49, "Name": "L11 via 3 [Suzano]\n", "description": null, "Status_Obra": "Construído", "Modal": "Trem", "N_Linha": 11, "data_abertura": null }, "geometry": { "type": "MultiLineString", "coordinates": [ [ [ -46.3113537, -23.5329384 ], [ -46.3111954, -23.5329987 ], [ -46.3110345, -23.5330638 ], [ -46.3108534, -23.5331419 ], [ -46.310024, -23.5335028 ], [ -46.3098691, -23.5335667 ], [ -46.3097088, -23.53363 ], [ -46.3095834, -23.5336768 ], [ -46.3094372, -23.5337272 ], [ -46.307950174024249, -23.534238189716334 ] ] ] } },
{ "type": "Feature", "properties": { "fid": 50, "Name": "L11 via 3 [Mogi das Cruzes]\n", "description": null, "Status_Obra": "Construído", "Modal": "Trem", "N_Linha": 11, "data_abertura": "1976-11-10" }, "geometry": { "type": "MultiLineString", "coordinates": [ [ [ -46.1996436, -23.5223207 ], [ -46.1995259, -23.5222641 ], [ -46.1994039, -23.5221983 ], [ -46.1990451, -23.5219887 ], [ -46.1989278, -23.5219254 ], [ -46.1988292, -23.5218774 ], [ -46.1987306, -23.5218294 ], [ -46.196831, -23.520963099999989 ], [ -46.1966774, -23.5208943 ], [ -46.1963093, -23.520735 ], [ -46.1961892, -23.5206865 ], [ -46.1960934, -23.520652 ], [ -46.1958137, -23.5205585 ], [ -46.1957045, -23.520519 ], [ -46.1955955, -23.5204712 ] ] ] } },
{ "type": "Feature", "properties": { "fid": 51, "Name": "L11 via 4 [Expresso Turístico Mogi das Cruzes]\n", "description": null, "Status_Obra": "Construído", "Modal": "Trem", "N_Linha": 11, "data_abertura": "1976-11-10" }, "geometry": { "type": "MultiLineString", "coordinates": [ [ [ -46.1969237, -23.5213336 ], [ -46.1989957, -23.5222835 ], [ -46.1991063, -23.522329 ], [ -46.1992183, -23.5223702 ], [ -46.1994202, -23.522436 ], [ -46.199512, -23.5224618 ], [ -46.1995979, -23.5224821 ], [ -46.199846, -23.5225313 ], [ -46.1999345, -23.522551 ], [ -46.2000331, -23.522577399999989 ], [ -46.2001403, -23.5226118 ], [ -46.2002832, -23.5226634 ], [ -46.2004177, -23.5227171 ], [ -46.2012442, -23.523095 ], [ -46.2013528, -23.5231417 ], [ -46.2014534, -23.5231798 ], [ -46.2015855, -23.5232241 ], [ -46.2016914, -23.5232634 ], [ -46.2017906, -23.5233049 ], [ -46.201899, -23.5233539 ] ] ] } },
{ "type": "Feature", "properties": { "fid": 52, "Name": "Linha 12 - Safira > CMV", "description": "Brás > Calmon Viana • 39.0km • 13 estações • 52min • 287mil pass/d • ATP • Headway: 270s", "Status_Obra": "Construído", "Modal": "Trem", "N_Linha": 12, "data_abertura": "1934-04-01" }, "geometry": { "type": "MultiLineString", "coordinates": [ [ [ -46.6166706, -23.5442829 ], [ -46.6156386, -23.5458203 ], [ -46.6155551, -23.5459381 ], [ -46.6154737, -23.5460362 ], [ -46.6153906, -23.5461215 ], [ -46.6153006, -23.5462054 ], [ -46.6152088, -23.5462827 ], [ -46.6151116, -23.5463555 ], [ -46.6150064, -23.5464282 ], [ -46.6144243, -23.5468192 ], [ -46.6143229, -23.5468857 ], [ -46.6142241, -23.5469443 ], [ -46.6141171, -23.5470018 ], [ -46.6140217, -23.5470463 ], [ -46.6139189, -23.5470873 ], [ -46.6138121, -23.5471221 ], [ -46.6137028, -23.5471542 ], [ -46.6135964, -23.5471781 ], [ -46.613484, -23.5471948 ], [ -46.6133765, -23.5472059 ], [ -46.6132552, -23.5472126 ], [ -46.61312550000001, -23.5472096 ], [ -46.612984, -23.5471974 ], [ -46.612812, -23.5471736 ], [ -46.6126225, -23.5471382 ], [ -46.6112298, -23.5468622 ], [ -46.6110408, -23.5468241 ], [ -46.6071289, -23.546044899999988 ], [ -46.5975319, -23.5441441 ], [ -46.5966153, -23.5439584 ], [ -46.591257, -23.5428996 ], [ -46.5902727, -23.5427112 ], [ -46.5752989, -23.5397497 ], [ -46.5749883, -23.5396869 ], [ -46.5715795, -23.5389908 ], [ -46.5711579, -23.538908 ], [ -46.5707148, -23.5388252 ], [ -46.5703437, -23.5387565 ], [ -46.5698981, -23.5386708 ], [ -46.5695737, -23.5386067 ], [ -46.5621211, -23.5371317 ], [ -46.5618099, -23.5370666 ], [ -46.5611256, -23.5369185 ], [ -46.5609375, -23.5368791 ], [ -46.5585614, -23.5364079 ], [ -46.5583666, -23.5363705 ], [ -46.5581866, -23.5363385 ], [ -46.5576579, -23.5362503 ], [ -46.5574808, -23.5362204 ], [ -46.5572956, -23.536186 ], [ -46.5571145, -23.5361504 ], [ -46.5565267, -23.536032 ], [ -46.5563705, -23.5359972 ], [ -46.5561908, -23.5359511 ], [ -46.5560232, -23.5359013 ], [ -46.5558807, -23.5358512 ], [ -46.5557618, -23.5358041 ], [ -46.5556418, -23.5357498 ], [ -46.5555243, -23.5356899 ], [ -46.555403, -23.5356192 ], [ -46.5552814, -23.5355398 ], [ -46.555177, -23.535463 ], [ -46.5550657, -23.5353733 ], [ -46.5549578, -23.5352749 ], [ -46.5548578, -23.5351721 ], [ -46.5547614, -23.5350622 ], [ -46.5546793, -23.5349573 ], [ -46.5545929, -23.5348328 ], [ -46.5545125, -23.5347038 ], [ -46.5544424, -23.5345808 ], [ -46.5543671, -23.53444 ], [ -46.5542891, -23.5342905 ], [ -46.5538345, -23.5334109 ], [ -46.5537507, -23.5332393 ], [ -46.5536898, -23.5331065 ], [ -46.553638, -23.532978599999989 ], [ -46.5535931, -23.5328551 ], [ -46.5535496, -23.5327206 ], [ -46.553512, -23.5325842 ], [ -46.5534839, -23.5324616 ], [ -46.5534583, -23.5323294 ], [ -46.5534397, -23.532201600000011 ], [ -46.55342490000001, -23.5320694 ], [ -46.5534128, -23.5319185 ], [ -46.5534047, -23.5317557 ], [ -46.553399, -23.5315836 ], [ -46.5533973, -23.5313968 ], [ -46.5533545, -23.5259269 ], [ -46.5533489, -23.5257387 ], [ -46.5533407, -23.525567 ], [ -46.5533281, -23.5254067 ], [ -46.5533095, -23.5252579 ], [ -46.553286, -23.525111 ], [ -46.5532606, -23.5249887 ], [ -46.5532223, -23.5248368 ], [ -46.5531841, -23.5247084 ], [ -46.5531371, -23.5245762 ], [ -46.5530882, -23.5244508 ], [ -46.5530326, -23.5243228 ], [ -46.5529715, -23.5241962 ], [ -46.5529059, -23.5240714 ], [ -46.5528374, -23.5239478 ], [ -46.552763, -23.5238182 ], [ -46.5514608, -23.5216883 ], [ -46.5513591, -23.5215156 ], [ -46.5512633, -23.5213446 ], [ -46.5511885, -23.5211977 ], [ -46.5511186, -23.5210491 ], [ -46.551062, -23.5209158 ], [ -46.5510094, -23.5207751 ], [ -46.5509656, -23.5206394 ], [ -46.5509284, -23.5205115 ], [ -46.5508914, -23.5203627 ], [ -46.5508607, -23.5202133 ], [ -46.5508398, -23.5200768 ], [ -46.5508231, -23.5199355 ], [ -46.550809, -23.5197706 ], [ -46.5507981, -23.5195926 ], [ -46.5507912, -23.5194054 ], [ -46.5507286, -23.5170536 ], [ -46.5507273, -23.5168759 ], [ -46.5507296, -23.5167137 ], [ -46.5507393, -23.5165525 ], [ -46.5507534, -23.5164148 ], [ -46.5507722, -23.5162863 ], [ -46.5507983, -23.5161523 ], [ -46.5508323, -23.5160152 ], [ -46.5508707, -23.5158915 ], [ -46.5509132, -23.5157731 ], [ -46.5509639, -23.5156486 ], [ -46.5510288, -23.5155097 ], [ -46.551102, -23.5153707 ], [ -46.5511888, -23.5152176 ], [ -46.5513058, -23.5150166 ], [ -46.5521065, -23.5137008 ], [ -46.5522031, -23.5135378 ], [ -46.5522826, -23.5133943 ], [ -46.5523533, -23.5132531 ], [ -46.5524122, -23.5131175 ], [ -46.5524604, -23.5129836 ], [ -46.5525004, -23.512856800000012 ], [ -46.5525297, -23.5127372 ], [ -46.5525548, -23.5126102 ], [ -46.5525742, -23.5124852 ], [ -46.5525865, -23.5123558 ], [ -46.552592, -23.5122306 ], [ -46.5525913, -23.5121033 ], [ -46.5525852, -23.5119717 ], [ -46.5525699, -23.511831 ], [ -46.5525511, -23.5117086 ], [ -46.5525223, -23.511577 ], [ -46.5524854, -23.5114445 ], [ -46.5524432, -23.5113175 ], [ -46.5523969, -23.5111959 ], [ -46.5523473, -23.5110821 ], [ -46.5522869, -23.5109615 ], [ -46.5522192, -23.5108391 ], [ -46.5521407, -23.5107162 ], [ -46.552055, -23.5105969 ], [ -46.5519557, -23.510472 ], [ -46.5518538, -23.510357 ], [ -46.5517491, -23.5102519 ], [ -46.5516439, -23.5101579 ], [ -46.5515264, -23.510062 ], [ -46.551397, -23.5099666 ], [ -46.5512509, -23.5098645 ], [ -46.550821, -23.5095834 ], [ -46.55065, -23.5094747 ], [ -46.5505102, -23.5093914 ], [ -46.5503623, -23.5093117 ], [ -46.5502236, -23.5092447 ], [ -46.5500755, -23.5091839 ], [ -46.54993, -23.5091315 ], [ -46.549775, -23.5090836 ], [ -46.5496168, -23.5090436 ], [ -46.5494585, -23.509011 ], [ -46.5493057, -23.5089882 ], [ -46.5491373, -23.5089705 ], [ -46.5489852, -23.5089612 ], [ -46.5488108, -23.5089594 ], [ -46.5486177, -23.5089668 ], [ -46.5484231, -23.5089796 ], [ -46.5462875, -23.5091457 ], [ -46.546048, -23.5091635 ], [ -46.5458312, -23.5091765 ], [ -46.5456485, -23.5091825 ], [ -46.5454875, -23.5091821 ], [ -46.5453306, -23.5091747 ], [ -46.5451784, -23.5091611 ], [ -46.5450188, -23.5091374 ], [ -46.5448713, -23.5091088 ], [ -46.5447285, -23.5090732 ], [ -46.5445863, -23.5090302 ], [ -46.5444489, -23.5089815 ], [ -46.5443127, -23.5089262 ], [ -46.5441793, -23.5088646 ], [ -46.544031, -23.5087854 ], [ -46.5438983, -23.5087036 ], [ -46.5437789, -23.5086225 ], [ -46.5436663, -23.5085383 ], [ -46.543558, -23.5084476 ], [ -46.5434483, -23.5083471 ], [ -46.5433423, -23.5082375 ], [ -46.5432337, -23.5081183 ], [ -46.5431214, -23.5079864 ], [ -46.5423593, -23.5070513 ], [ -46.5422235, -23.5068931 ], [ -46.5421031, -23.5067613 ], [ -46.5419736, -23.5066281 ], [ -46.5418562, -23.5065123 ], [ -46.5417314, -23.5063951 ], [ -46.5415993, -23.5062785 ], [ -46.5414662, -23.5061654 ], [ -46.5413225, -23.5060506 ], [ -46.5411674, -23.5059334 ], [ -46.5410189, -23.505829 ], [ -46.5408566, -23.505722 ], [ -46.5406944, -23.5056212 ], [ -46.5405274, -23.5055216 ], [ -46.5403388, -23.5054109 ], [ -46.5314716, -23.5002424 ], [ -46.5312429, -23.5001095 ], [ -46.5310586, -23.5000117 ], [ -46.5308714, -23.4999214 ], [ -46.5307032, -23.4998513 ], [ -46.5305321, -23.4997911 ], [ -46.5303729, -23.4997436 ], [ -46.5302011, -23.4997003 ], [ -46.5300322, -23.499667 ], [ -46.5298704, -23.4996417 ], [ -46.5297154, -23.4996251 ], [ -46.5295659, -23.499614500000011 ], [ -46.5294056, -23.4996089 ], [ -46.5292508, -23.4996089 ], [ -46.5290657, -23.4996126 ], [ -46.5257076, -23.4997548 ], [ -46.5254662, -23.4997634 ], [ -46.5252656, -23.4997652 ], [ -46.5250716, -23.4997621 ], [ -46.5248929, -23.4997517 ], [ -46.5246945, -23.4997313 ], [ -46.5245015, -23.4997025 ], [ -46.5243024, -23.4996646 ], [ -46.5241214, -23.4996231 ], [ -46.5239425, -23.499573 ], [ -46.5237575, -23.4995136 ], [ -46.5235832, -23.4994527 ], [ -46.515562, -23.4965194 ], [ -46.5152838, -23.4964241 ], [ -46.5150699, -23.4963578 ], [ -46.514865, -23.4963019 ], [ -46.5146555, -23.4962525 ], [ -46.5144589, -23.4962126 ], [ -46.5142636, -23.4961801 ], [ -46.5140716, -23.4961523 ], [ -46.5138663, -23.4961314 ], [ -46.5136309, -23.4961117 ], [ -46.5125319, -23.4960337 ], [ -46.5122481, -23.49601160000001 ], [ -46.5119558, -23.495982 ], [ -46.51172780000001, -23.4959518 ], [ -46.5115166, -23.4959143 ], [ -46.5113061, -23.4958675 ], [ -46.5111313, -23.4958209 ], [ -46.5109531, -23.4957639 ], [ -46.5107742, -23.4956985 ], [ -46.510596, -23.4956247 ], [ -46.5104263, -23.4955453 ], [ -46.510255, -23.495456199999989 ], [ -46.5100864, -23.4953573 ], [ -46.5099302, -23.495257 ], [ -46.5097531, -23.4951314 ], [ -46.5096089, -23.4950196 ], [ -46.5094506, -23.4948843 ], [ -46.5092901, -23.4947392 ], [ -46.5091194, -23.4945769 ], [ -46.5078233, -23.4933186 ], [ -46.5076626, -23.4931578 ], [ -46.5075221, -23.4930117 ], [ -46.5073994, -23.492877 ], [ -46.5072888, -23.4927454 ], [ -46.5071896, -23.4926132 ], [ -46.5071004, -23.4924866 ], [ -46.5070112, -23.492347 ], [ -46.5069278, -23.4922046 ], [ -46.5068483, -23.4920518 ], [ -46.5067819, -23.4919097 ], [ -46.5067168, -23.4917559 ], [ -46.5066511, -23.4915862 ], [ -46.5063614, -23.4907615 ], [ -46.5062829, -23.4905492 ], [ -46.5062065, -23.4903449 ], [ -46.5061301, -23.4901468 ], [ -46.5050807, -23.4875101 ], [ -46.5049958, -23.4873026 ], [ -46.5049269, -23.4871507 ], [ -46.5048612, -23.4870192 ], [ -46.5047924, -23.4868938 ], [ -46.5047273, -23.4867893 ], [ -46.5046549, -23.4866798 ], [ -46.5045777, -23.4865765 ], [ -46.5044993, -23.4864812 ], [ -46.5044115, -23.4863815 ], [ -46.5043136, -23.4862826 ], [ -46.5042158, -23.4861927 ], [ -46.504099, -23.4860962 ], [ -46.503989, -23.4860125 ], [ -46.5038691, -23.4859314 ], [ -46.5037591, -23.4858637 ], [ -46.503634, -23.4857948 ], [ -46.5035009, -23.4857293 ], [ -46.5033685, -23.4856721 ], [ -46.5032415, -23.4856245 ], [ -46.5031033, -23.4855787 ], [ -46.5029591, -23.4855384 ], [ -46.5028136, -23.4855043 ], [ -46.5026637, -23.4854776 ], [ -46.5025259, -23.48546 ], [ -46.5023959, -23.4854468 ], [ -46.5022343, -23.4854376 ], [ -46.5020639, -23.4854333 ], [ -46.5018573, -23.4854314 ], [ -46.4991805, -23.4854363 ], [ -46.4989056, -23.4854345 ], [ -46.4986777, -23.4854289 ], [ -46.4984768, -23.4854167 ], [ -46.4983041, -23.4853976 ], [ -46.498145, -23.4853717 ], [ -46.497993, -23.4853397 ], [ -46.4978541, -23.4853035 ], [ -46.4977147, -23.4852598 ], [ -46.4975715, -23.4852067 ], [ -46.4974545, -23.4851578 ], [ -46.49732130000001, -23.4850929 ], [ -46.4972166, -23.4850371 ], [ -46.4970998, -23.4849683 ], [ -46.49697410000001, -23.4848855 ], [ -46.4968492, -23.4847941 ], [ -46.4967447, -23.4847134 ], [ -46.4966237, -23.4846122 ], [ -46.4956045, -23.4837087 ], [ -46.4954526, -23.4835823 ], [ -46.4953121, -23.4834726 ], [ -46.4951866, -23.4833811 ], [ -46.4950633, -23.483296400000011 ], [ -46.4949262, -23.4832112 ], [ -46.4947923, -23.4831343 ], [ -46.4946428, -23.4830562 ], [ -46.4945087, -23.4829914 ], [ -46.4943706, -23.4829307 ], [ -46.4942104, -23.4828681 ], [ -46.4940448, -23.4828084 ], [ -46.4938871, -23.4827585 ], [ -46.4937295, -23.4827161 ], [ -46.493563, -23.4826779 ], [ -46.493399, -23.482646 ], [ -46.493226, -23.4826195 ], [ -46.4930644, -23.4826011 ], [ -46.4929119, -23.4825892 ], [ -46.4927449, -23.482583 ], [ -46.4925925, -23.4825829 ], [ -46.4924328, -23.4825895 ], [ -46.4922698, -23.4826011 ], [ -46.4920989, -23.4826222 ], [ -46.4919482, -23.4826468 ], [ -46.4918001, -23.482679499999989 ], [ -46.4916481, -23.4827185 ], [ -46.4914983, -23.4827663 ], [ -46.4913469, -23.4828242 ], [ -46.4912111, -23.4828829 ], [ -46.4910649, -23.4829548 ], [ -46.490932, -23.4830255 ], [ -46.4907852, -23.4831101 ], [ -46.490631, -23.4832039 ], [ -46.4890256, -23.4842223 ], [ -46.4888503, -23.4843303 ], [ -46.4887073, -23.4844144 ], [ -46.488566, -23.4844916 ], [ -46.488426, -23.4845621 ], [ -46.4882967, -23.4846221 ], [ -46.4881472, -23.4846848 ], [ -46.4879923, -23.4847433 ], [ -46.48783370000001, -23.4847965 ], [ -46.4876738, -23.4848436 ], [ -46.4875276, -23.4848816 ], [ -46.4873144, -23.484932 ], [ -46.4857024, -23.4852857 ], [ -46.4854841, -23.4853308 ], [ -46.4853235, -23.4853595 ], [ -46.4851599, -23.4853841 ], [ -46.485001, -23.4854012 ], [ -46.4848511, -23.4854119 ], [ -46.4847122, -23.485415 ], [ -46.484567, -23.4854123 ], [ -46.4844274, -23.4854056 ], [ -46.484266, -23.4853906 ], [ -46.484108, -23.4853704 ], [ -46.4839409, -23.485344699999988 ], [ -46.4813618, -23.4849151 ], [ -46.4810495, -23.4848655 ], [ -46.4807992, -23.4848288 ], [ -46.4798241, -23.4846897 ], [ -46.4795396, -23.4846466 ], [ -46.4760221, -23.4840814 ], [ -46.4757638, -23.4840357 ], [ -46.4755684, -23.483996 ], [ -46.4753906, -23.4839535 ], [ -46.475235, -23.4839087 ], [ -46.4750762, -23.483857 ], [ -46.4749394, -23.4838066 ], [ -46.4747834, -23.4837447 ], [ -46.4746384, -23.483685 ], [ -46.4726548, -23.4828441 ], [ -46.4724683, -23.4827672 ], [ -46.472295, -23.4826988 ], [ -46.4721301, -23.4826409 ], [ -46.4719869, -23.4825962 ], [ -46.4718404, -23.4825578 ], [ -46.4716839, -23.4825262 ], [ -46.4715397, -23.4825051 ], [ -46.4713882, -23.482488599999989 ], [ -46.4712158, -23.4824785 ], [ -46.4710729, -23.4824777 ], [ -46.4709169, -23.482484 ], [ -46.4707635, -23.4824989 ], [ -46.4706089, -23.4825212 ], [ -46.4704439, -23.4825519 ], [ -46.470275, -23.4825916 ], [ -46.470091600000011, -23.4826392 ], [ -46.4676236, -23.483346 ], [ -46.4673849, -23.483420399999989 ], [ -46.4671952, -23.4834858 ], [ -46.4670389, -23.4835465 ], [ -46.4668887, -23.4836131 ], [ -46.466748, -23.4836855 ], [ -46.4666292, -23.483755 ], [ -46.4665192, -23.4838263 ], [ -46.4663999, -23.4839124 ], [ -46.4662995, -23.4839927 ], [ -46.4662054, -23.4840741 ], [ -46.46610660000001, -23.4841693 ], [ -46.4660153, -23.4842688 ], [ -46.4659246, -23.4843738 ], [ -46.4658347, -23.484483699999988 ], [ -46.4657468, -23.4845987 ], [ -46.4643306, -23.4865697 ], [ -46.4642171, -23.4867374 ], [ -46.46415, -23.4868417 ], [ -46.4640845, -23.4869535 ], [ -46.4640201, -23.487071 ], [ -46.4639571, -23.4871974 ], [ -46.4639101, -23.4872997 ], [ -46.4638652, -23.4874056 ], [ -46.4638159, -23.4875333 ], [ -46.463778, -23.487642 ], [ -46.4637311, -23.4877893 ], [ -46.4636881, -23.4879344 ], [ -46.4634541, -23.488796099999988 ], [ -46.4634051, -23.4889584 ], [ -46.4633615, -23.4890931 ], [ -46.4633126, -23.4892309 ], [ -46.463257, -23.4893723 ], [ -46.4632027, -23.4894983 ], [ -46.4631389, -23.4896237 ], [ -46.4630749, -23.4897391 ], [ -46.4630103, -23.4898439 ], [ -46.4629355, -23.4899532 ], [ -46.4628542, -23.4900575 ], [ -46.4627655, -23.4901613 ], [ -46.4626657, -23.4902646 ], [ -46.462559, -23.4903656 ], [ -46.4624584, -23.4904522 ], [ -46.462345, -23.4905389 ], [ -46.4622189, -23.4906265 ], [ -46.4620902, -23.490705 ], [ -46.4619547, -23.49078 ], [ -46.4618103, -23.4908506 ], [ -46.4616537, -23.4909205 ], [ -46.4614522, -23.4910019 ], [ -46.4612306, -23.4910857 ], [ -46.4598705, -23.4915736 ], [ -46.4596529, -23.4916496 ], [ -46.4594613, -23.4917109 ], [ -46.45928390000001, -23.4917623 ], [ -46.4591238, -23.4918033 ], [ -46.4589522, -23.4918407 ], [ -46.4587848, -23.4918694 ], [ -46.4586189, -23.491893699999988 ], [ -46.4584457, -23.491913 ], [ -46.4582534, -23.4919309 ], [ -46.4580759, -23.4919426 ], [ -46.4561847, -23.4920555 ], [ -46.4559244, -23.4920681 ], [ -46.45566560000001, -23.4920752 ], [ -46.455415, -23.4920777 ], [ -46.4551941, -23.492074 ], [ -46.4549553, -23.4920643 ], [ -46.4547333, -23.4920481 ], [ -46.4544942, -23.4920259 ], [ -46.4542831, -23.4919995 ], [ -46.4540753, -23.4919686 ], [ -46.4538917, -23.4919377 ], [ -46.4536478, -23.4918902 ], [ -46.4533798, -23.4918328 ], [ -46.4475405, -23.4905186 ], [ -46.447261, -23.490459 ], [ -46.4470658, -23.490421799999989 ], [ -46.4468714, -23.4903901 ], [ -46.4466742, -23.4903637 ], [ -46.4464861, -23.4903428 ], [ -46.4462865, -23.4903267 ], [ -46.446113, -23.4903169 ], [ -46.4459494, -23.490312 ], [ -46.4457807, -23.4903105 ], [ -46.4455967, -23.4903126 ], [ -46.4454365, -23.4903181 ], [ -46.445261, -23.4903283 ], [ -46.4450382, -23.4903479 ], [ -46.4448329, -23.4903674 ], [ -46.4422854, -23.4906294 ], [ -46.4414053, -23.4907158 ], [ -46.4409476, -23.4907573 ], [ -46.4407256, -23.4907769 ], [ -46.4405551, -23.4907883 ], [ -46.440377, -23.4907951 ], [ -46.4401299, -23.4907967 ], [ -46.4399399, -23.4908034 ], [ -46.439739, -23.4908163 ], [ -46.4395416, -23.4908336 ], [ -46.4312791, -23.4916525 ], [ -46.4238829, -23.4923961 ], [ -46.423643, -23.4924187 ], [ -46.4234352, -23.4924352 ], [ -46.4230028, -23.4924677 ], [ -46.4228072, -23.4924841 ], [ -46.4226058, -23.4925034 ], [ -46.4204744, -23.4927176 ], [ -46.4202228, -23.4927461 ], [ -46.419989, -23.492773499999988 ], [ -46.4196838, -23.4928118 ], [ -46.4194406, -23.4928405 ], [ -46.4191928, -23.4928667 ], [ -46.4078441, -23.4940001 ], [ -46.4075093, -23.4940314 ], [ -46.4072175, -23.4940562 ], [ -46.4069899, -23.4940723 ], [ -46.4067515, -23.4940877 ], [ -46.406508, -23.494102 ], [ -46.4063053, -23.4941117 ], [ -46.406105, -23.4941179 ], [ -46.4059133, -23.4941217 ], [ -46.4057294, -23.4941219 ], [ -46.4055337, -23.4941192 ], [ -46.4053414, -23.4941144 ], [ -46.4050816, -23.4941036 ], [ -46.4048098, -23.4940878 ], [ -46.399171, -23.4937437 ], [ -46.3988391, -23.4937214 ], [ -46.3977071, -23.4936477 ], [ -46.3975355, -23.4936354 ], [ -46.3973715, -23.4936187 ], [ -46.3972208, -23.4935984 ], [ -46.3970567, -23.4935689 ], [ -46.3968978, -23.4935326 ], [ -46.3967389, -23.4934895 ], [ -46.3965957, -23.4934446 ], [ -46.3964476, -23.4933912 ], [ -46.3962965, -23.4933284 ], [ -46.3961508, -23.493259599999988 ], [ -46.3960187, -23.4931885 ], [ -46.3958597, -23.4930941 ], [ -46.3956888, -23.4929822 ], [ -46.3955319, -23.4928687 ], [ -46.3953954, -23.4927597 ], [ -46.3952556, -23.4926385 ], [ -46.3951282, -23.49252 ], [ -46.3949844, -23.4923784 ], [ -46.39485, -23.4922405 ], [ -46.3911056, -23.4882862 ], [ -46.3909101, -23.4880838 ], [ -46.390751, -23.4879211 ], [ -46.3906084, -23.487783 ], [ -46.3904753, -23.4876608 ], [ -46.3903207, -23.4875267 ], [ -46.3901843, -23.4874132 ], [ -46.3900431, -23.4873065 ], [ -46.3898998, -23.4872031 ], [ -46.3897591, -23.4871061 ], [ -46.3896001, -23.487004 ], [ -46.3894269, -23.4869001 ], [ -46.3892469, -23.486798 ], [ -46.389021, -23.4866765 ], [ -46.3887871, -23.4865537 ], [ -46.3870213, -23.4856591 ], [ -46.3867108, -23.4855012 ], [ -46.3823993, -23.4832558 ], [ -46.3821318, -23.4831192 ], [ -46.3814494, -23.4827767 ], [ -46.3811485, -23.482628 ], [ -46.3808542, -23.482491 ], [ -46.3806276, -23.4823911 ], [ -46.3803817, -23.4822898 ], [ -46.3801116, -23.4821854 ], [ -46.3799121, -23.482112799999989 ], [ -46.3796807, -23.4820334 ], [ -46.3794169, -23.4819502 ], [ -46.3790911, -23.4818532 ], [ -46.3787399, -23.4817537 ], [ -46.37586060000001, -23.4809569 ], [ -46.3754257, -23.4808383 ], [ -46.375151, -23.4807664 ], [ -46.3747957, -23.4806761 ], [ -46.3744263, -23.4805876 ], [ -46.3740689, -23.4805044 ], [ -46.3737631, -23.4804365 ], [ -46.3734842, -23.4803772 ], [ -46.3658862, -23.4788206 ], [ -46.3656843, -23.4787812 ], [ -46.3655042, -23.478753 ], [ -46.3653343, -23.4787329 ], [ -46.3650443, -23.4787005 ], [ -46.3648869, -23.4786806 ], [ -46.3647387, -23.4786583 ], [ -46.3646014, -23.4786336 ], [ -46.3641662, -23.478553 ], [ -46.3639936, -23.4785223 ], [ -46.3638372, -23.4784965 ], [ -46.3636559, -23.4784709 ], [ -46.3634869, -23.4784527 ], [ -46.3633293, -23.4784411 ], [ -46.3631529, -23.4784343 ], [ -46.3629766, -23.4784337 ], [ -46.3627955, -23.4784411 ], [ -46.3626245, -23.4784549 ], [ -46.3624346, -23.4784761 ], [ -46.3622514, -23.4785009 ], [ -46.3620674, -23.4785291 ], [ -46.3550185, -23.4797167 ], [ -46.3547104, -23.4797708 ], [ -46.3537397, -23.4799436 ], [ -46.353561, -23.4799787 ], [ -46.3533955, -23.4800162 ], [ -46.353226, -23.4800624 ], [ -46.3530782, -23.4801103 ], [ -46.3529503, -23.4801577 ], [ -46.3528277, -23.4802087 ], [ -46.352703, -23.4802663 ], [ -46.3525756, -23.4803337 ], [ -46.3524495, -23.4804071 ], [ -46.3523215, -23.4804922 ], [ -46.3521988, -23.4805826 ], [ -46.3520888, -23.4806724 ], [ -46.3519849, -23.4807656 ], [ -46.3518857, -23.4808631 ], [ -46.3517939, -23.4809645 ], [ -46.3517039, -23.4810752 ], [ -46.3516274, -23.4811786 ], [ -46.3515563, -23.4812865 ], [ -46.3514967, -23.4813865 ], [ -46.351435, -23.4815014 ], [ -46.3513766, -23.4816238 ], [ -46.3513224, -23.4817511 ], [ -46.3512741, -23.4818779 ], [ -46.3512218, -23.4820256 ], [ -46.3509503, -23.4828397 ], [ -46.3508993, -23.4829851 ], [ -46.3508456, -23.4831251 ], [ -46.3507901, -23.4832605 ], [ -46.3507231, -23.4834064 ], [ -46.3506588, -23.4835325 ], [ -46.3505884, -23.483658 ], [ -46.3505187, -23.4837694 ], [ -46.3504412, -23.4838853 ], [ -46.3503615, -23.4839954 ], [ -46.3502729, -23.4841067 ], [ -46.350181, -23.4842162 ], [ -46.3500818, -23.4843237 ], [ -46.3499605, -23.4844449 ], [ -46.3498337, -23.4845624 ], [ -46.3497043, -23.4846749 ], [ -46.3495515, -23.4847998 ], [ -46.3493859, -23.4849315 ], [ -46.3492068, -23.485068 ], [ -46.3471881, -23.486566 ], [ -46.346963, -23.4867346 ], [ -46.3462913, -23.4872397 ], [ -46.3461319, -23.4873591 ], [ -46.3459558, -23.4874859 ], [ -46.3457989, -23.4875965 ], [ -46.3456313, -23.4877071 ], [ -46.3454812, -23.4877986 ], [ -46.3453424, -23.4878741 ], [ -46.3451984, -23.4879447 ], [ -46.345045, -23.4880111 ], [ -46.344874, -23.4880768 ], [ -46.3447194, -23.4881269 ], [ -46.3445587, -23.4881735 ], [ -46.3444026, -23.4882097 ], [ -46.3442467, -23.4882402 ], [ -46.3440985, -23.4882616 ], [ -46.3439322, -23.4882788 ], [ -46.3437625, -23.4882893 ], [ -46.3435879, -23.4882912 ], [ -46.3434194, -23.488284 ], [ -46.3432361, -23.4882675 ], [ -46.3430475, -23.4882424 ], [ -46.3428607, -23.4882056 ], [ -46.3426602, -23.4881582 ], [ -46.342441, -23.4880983 ], [ -46.3422338, -23.4880383 ], [ -46.3402576, -23.4874492 ], [ -46.340004, -23.4873759 ], [ -46.3397658, -23.4873149 ], [ -46.3395703, -23.4872722 ], [ -46.3393922, -23.4872402 ], [ -46.339239, -23.4872192 ], [ -46.3390877, -23.4872078 ], [ -46.3389378, -23.487203199999989 ], [ -46.3387797, -23.4872062 ], [ -46.3386295, -23.4872174 ], [ -46.3384763, -23.4872358 ], [ -46.3383264, -23.4872617 ], [ -46.3381748, -23.4872961 ], [ -46.3380294, -23.4873366 ], [ -46.3378805, -23.4873871 ], [ -46.3377283, -23.487448 ], [ -46.3375791, -23.487516 ], [ -46.3374493, -23.4875846 ], [ -46.3373176, -23.4876623 ], [ -46.3371925, -23.4877444 ], [ -46.3370658, -23.4878373 ], [ -46.3369485, -23.4879326 ], [ -46.3368354, -23.488035 ], [ -46.3367385, -23.4881343 ], [ -46.3366346, -23.48825 ], [ -46.3365489, -23.4883584 ], [ -46.3364586, -23.4884827 ], [ -46.3363811, -23.4886073 ], [ -46.3363141, -23.488726 ], [ -46.3362523, -23.4888532 ], [ -46.336198, -23.4889818 ], [ -46.3361501, -23.4891134 ], [ -46.3361136, -23.4892394 ], [ -46.3360827, -23.48936 ], [ -46.336058, -23.4894956 ], [ -46.3360428, -23.4896179 ], [ -46.3360324, -23.4897598 ], [ -46.3360291, -23.4898963 ], [ -46.3360324, -23.4900272 ], [ -46.3360438, -23.4901637 ], [ -46.3360633, -23.4903076 ], [ -46.3360927, -23.4904509 ], [ -46.3361294, -23.4905936 ], [ -46.3361728, -23.4907262 ], [ -46.3362284, -23.490871 ], [ -46.3362892, -23.491013 ], [ -46.3363586, -23.4911581 ], [ -46.3364312, -23.4913011 ], [ -46.3365192, -23.4914644 ], [ -46.3379133, -23.493961899999988 ], [ -46.3380186, -23.4941605 ], [ -46.3380977, -23.4943198 ], [ -46.3381681, -23.4944736 ], [ -46.3382318, -23.4946247 ], [ -46.3382899, -23.4947767 ], [ -46.3383458, -23.4949397 ], [ -46.3383965, -23.4951121 ], [ -46.3384351, -23.4952644 ], [ -46.3384685, -23.4954169 ], [ -46.3384994, -23.4955756 ], [ -46.3385269, -23.4957397 ], [ -46.3385578, -23.495955 ], [ -46.3385886, -23.4961899 ], [ -46.3390686, -23.5001458 ], [ -46.3390959, -23.500386 ], [ -46.3391171, -23.5005838 ], [ -46.3391322, -23.5007407 ], [ -46.3391472, -23.500904 ], [ -46.3391605, -23.501089 ], [ -46.3391698, -23.5012399 ], [ -46.3391729, -23.5013968 ], [ -46.3391699, -23.5015525 ], [ -46.3391641, -23.5016971 ], [ -46.3391529, -23.5018589 ], [ -46.3391378, -23.5020188 ], [ -46.339117, -23.50218 ], [ -46.3390902, -23.5023583 ], [ -46.339058, -23.5025336 ], [ -46.3390228, -23.5027022 ], [ -46.3389822, -23.50287 ], [ -46.3389279, -23.5030723 ], [ -46.3388735, -23.5032611 ], [ -46.3383426, -23.5050278 ], [ -46.3382485, -23.5053494 ], [ -46.3381856, -23.5055711 ], [ -46.3380408, -23.5061039 ], [ -46.3379826, -23.5063274 ], [ -46.3379405, -23.5064968 ], [ -46.3378932, -23.5067045 ], [ -46.3378523, -23.5068989 ], [ -46.3378164, -23.5070898 ], [ -46.3377819, -23.5073028 ], [ -46.337746, -23.5075621 ], [ -46.3377196, -23.5077984 ], [ -46.3377034, -23.5079891 ], [ -46.3376874, -23.5082503 ], [ -46.3376793, -23.5084779 ], [ -46.3376766, -23.5086796 ], [ -46.3376787, -23.5088914 ], [ -46.3376841, -23.5090595 ], [ -46.3376928, -23.509246600000012 ], [ -46.3377062, -23.5094562 ], [ -46.33773, -23.5097239 ], [ -46.3377954, -23.5103838 ], [ -46.3378222, -23.5106024 ], [ -46.337847, -23.5107792 ], [ -46.3385225, -23.5148271 ], [ -46.3385525, -23.5150292 ], [ -46.3385777, -23.5152183 ], [ -46.3385973, -23.5153932 ], [ -46.3386096, -23.5155355 ], [ -46.3386195, -23.5156868 ], [ -46.3386221, -23.5158208 ], [ -46.3386211, -23.5159647 ], [ -46.3386134, -23.5161178 ], [ -46.338599, -23.5162629 ], [ -46.3385793, -23.5164149 ], [ -46.3385544, -23.5165594 ], [ -46.3385228, -23.5167075 ], [ -46.3384816, -23.5168624 ], [ -46.3384417, -23.5169965 ], [ -46.3383931, -23.5171361 ], [ -46.3383435, -23.5172649 ], [ -46.3382864, -23.5174024 ], [ -46.338226, -23.517537 ], [ -46.3381574, -23.5176859 ], [ -46.3380872, -23.5178299 ], [ -46.3352752, -23.5235442 ], [ -46.3352029, -23.5236864 ], [ -46.3351372, -23.5238058 ], [ -46.3350688, -23.523911 ], [ -46.3350008, -23.5240056 ], [ -46.3349046, -23.524125 ], [ -46.3348012, -23.5242408 ], [ -46.3346971, -23.5243469 ], [ -46.3345895, -23.5244495 ], [ -46.3344681, -23.5245559 ], [ -46.3343537, -23.5246466 ], [ -46.3342367, -23.5247286 ], [ -46.3341126, -23.5248074 ], [ -46.3339806, -23.5248811 ], [ -46.3338445, -23.5249478 ], [ -46.3336889, -23.525014 ], [ -46.3335166, -23.5250804 ], [ -46.3317068, -23.5257081 ] ] ] } },
{ "type": "Feature", "properties": { "fid": 53, "Name": "Linha 12 - Safira > BAS \n", "description": "Calmon Viana > Brás • 39.0km • 13 estações • 52min • 287mil pass/d • ATP • Headway: 270s", "Status_Obra": "Construído", "Modal": "Trem", "N_Linha": 12, "data_abertura": "1934-04-01" }, "geometry": { "type": "MultiLineString", "coordinates": [ [ [ -46.3316632, -23.5257741 ], [ -46.3318663, -23.5256967 ], [ -46.3320219, -23.5256401 ], [ -46.3321755, -23.525586 ], [ -46.3334327, -23.5251495 ], [ -46.3336037, -23.5250873 ], [ -46.3337613, -23.525025899999989 ], [ -46.3339028, -23.5249626 ], [ -46.3340376, -23.5248937 ], [ -46.334175, -23.5248126 ], [ -46.3343195, -23.5247182 ], [ -46.3344567, -23.5246165 ], [ -46.3345847, -23.5245104 ], [ -46.3347068, -23.5243994 ], [ -46.3348188, -23.5242854 ], [ -46.3349234, -23.5241695 ], [ -46.3350193, -23.5240514 ], [ -46.3351041, -23.5239303 ], [ -46.3351829, -23.5238037 ], [ -46.3352557, -23.5236699 ], [ -46.3353188, -23.523545 ], [ -46.3381259, -23.5178446 ], [ -46.3382339, -23.5176199 ], [ -46.3383133, -23.517443 ], [ -46.3383807, -23.5172784 ], [ -46.3384438, -23.5171111 ], [ -46.338494, -23.5169605 ], [ -46.3385376, -23.5168086 ], [ -46.3385766, -23.5166459 ], [ -46.3386091, -23.516478799999987 ], [ -46.3386349, -23.5163013 ], [ -46.3386516, -23.5161297 ], [ -46.338661, -23.5159637 ], [ -46.3386623, -23.5157823 ], [ -46.338657, -23.5156154 ], [ -46.3386442, -23.5154491 ], [ -46.3386245, -23.5152533 ], [ -46.3385924, -23.5150244 ], [ -46.3385577, -23.5148016 ], [ -46.3378986, -23.5108308 ], [ -46.3378681, -23.5106236 ], [ -46.33784390000001, -23.510439 ], [ -46.3378203, -23.5102261 ], [ -46.3377665, -23.5097154 ], [ -46.3377444, -23.5094602 ], [ -46.3377277, -23.5091927 ], [ -46.3377183, -23.5089388 ], [ -46.3377146, -23.5086999 ], [ -46.3377176, -23.5084629 ], [ -46.337727, -23.5082372 ], [ -46.3377421, -23.5079992 ], [ -46.3377632, -23.507768 ], [ -46.3377897, -23.5075439 ], [ -46.3378227, -23.5073088 ], [ -46.3378593, -23.5070935 ], [ -46.337898, -23.5068881 ], [ -46.3379446, -23.5066655 ], [ -46.3380088, -23.5063949 ], [ -46.338075, -23.5061372 ], [ -46.3382497, -23.5054941 ], [ -46.3383405, -23.5051799 ], [ -46.338956, -23.5031229 ], [ -46.3390167, -23.5029131 ], [ -46.33907, -23.5027174 ], [ -46.3391193, -23.5025119 ], [ -46.3391606, -23.5023063 ], [ -46.3391978, -23.5020883 ], [ -46.3392271, -23.5018668 ], [ -46.3392498, -23.501625 ], [ -46.3392612, -23.5014113 ], [ -46.3392649, -23.5012233 ], [ -46.3392613, -23.5010171 ], [ -46.3392515, -23.5008174 ], [ -46.3392364, -23.5006098 ], [ -46.3392169, -23.5003997 ], [ -46.3391975, -23.5002272 ], [ -46.339011, -23.4986826 ], [ -46.3389762, -23.4984249 ], [ -46.3389426, -23.4982149 ], [ -46.3389057, -23.4980227 ], [ -46.3388213, -23.4976008 ], [ -46.3387911, -23.4974314 ], [ -46.3387609, -23.4972461 ], [ -46.3387381, -23.4970775 ], [ -46.3386121, -23.4960333 ], [ -46.3385822, -23.4958212 ], [ -46.3385452, -23.4955921 ], [ -46.3384978, -23.4953509 ], [ -46.3384471, -23.4951392 ], [ -46.3383901, -23.4949443 ], [ -46.3383238, -23.494753299999989 ], [ -46.3382413, -23.4945421 ], [ -46.3381588, -23.4943555 ], [ -46.3380716, -23.4941774 ], [ -46.337967, -23.4939766 ], [ -46.3378511, -23.4937642 ], [ -46.3365756, -23.491482 ], [ -46.3364824, -23.491307 ], [ -46.3364013, -23.4911493 ], [ -46.3363272, -23.4909917 ], [ -46.3362606, -23.4908367 ], [ -46.336204, -23.4906866 ], [ -46.3361588, -23.490538799999989 ], [ -46.3361225, -23.4903954 ], [ -46.3360949, -23.4902447 ], [ -46.3360777, -23.4900912 ], [ -46.3360698, -23.4899333 ], [ -46.3360727, -23.4897797 ], [ -46.3360841, -23.4896192 ], [ -46.3361062, -23.4894612 ], [ -46.3361327, -23.4893254 ], [ -46.3361687, -23.4891887 ], [ -46.3362141, -23.4890495 ], [ -46.3362711, -23.4889087 ], [ -46.3363344, -23.4887737 ], [ -46.3364032, -23.4886473 ], [ -46.3364787, -23.4885251 ], [ -46.336558, -23.4884098 ], [ -46.3366588, -23.4882822 ], [ -46.336763, -23.488165899999988 ], [ -46.3368746, -23.4880544 ], [ -46.3369893, -23.4879506 ], [ -46.3371137, -23.4878488 ], [ -46.3372475, -23.4877527 ], [ -46.3373789, -23.4876687 ], [ -46.3375244, -23.4875868 ], [ -46.3376827, -23.4875104 ], [ -46.3378295, -23.4874472 ], [ -46.3379951, -23.4873859 ], [ -46.3381416, -23.4873414 ], [ -46.3382964, -23.4873044 ], [ -46.3384586, -23.4872742 ], [ -46.3386275, -23.4872527 ], [ -46.3387867, -23.4872427 ], [ -46.3389541, -23.4872402 ], [ -46.3391156, -23.4872481 ], [ -46.3392765, -23.4872633 ], [ -46.3394321, -23.4872865 ], [ -46.3396012, -23.4873182 ], [ -46.3397735, -23.4873561 ], [ -46.3399294, -23.4873966 ], [ -46.3401135, -23.4874476 ], [ -46.3422646, -23.4880848 ], [ -46.3425006, -23.4881515 ], [ -46.3427005, -23.4882041 ], [ -46.3429079, -23.4882498 ], [ -46.3430934, -23.4882831 ], [ -46.3432837, -23.4883066 ], [ -46.3434537, -23.4883201 ], [ -46.3436212, -23.4883257 ], [ -46.3437967, -23.4883226 ], [ -46.3439704, -23.4883109 ], [ -46.3441276, -23.488294 ], [ -46.3442882, -23.4882703 ], [ -46.3444532, -23.4882381 ], [ -46.3446317, -23.4881949 ], [ -46.3447825, -23.4881506 ], [ -46.3449425, -23.4880956 ], [ -46.345085, -23.4880399 ], [ -46.3452446, -23.4879692 ], [ -46.3454042, -23.4878892 ], [ -46.3455463, -23.487809 ], [ -46.3456965, -23.4877153 ], [ -46.3458501, -23.4876125 ], [ -46.3468647, -23.4869059 ], [ -46.34743, -23.4865179 ], [ -46.3475576, -23.4864271 ], [ -46.3476853, -23.4863339 ], [ -46.3493, -23.4851371 ], [ -46.3495226, -23.4849649 ], [ -46.3497111, -23.4848112 ], [ -46.3498911, -23.4846531 ], [ -46.350045, -23.4845055 ], [ -46.350169, -23.484371 ], [ -46.350295, -23.4842223 ], [ -46.35040810000001, -23.4840724 ], [ -46.3505144, -23.4839169 ], [ -46.3506056, -23.4837668 ], [ -46.3506877, -23.4836134 ], [ -46.3507678, -23.483446399999988 ], [ -46.3508352, -23.4832872 ], [ -46.3508951, -23.4831282 ], [ -46.3509576, -23.4829446 ], [ -46.3512404, -23.4820944 ], [ -46.3513056, -23.4819085 ], [ -46.351375, -23.4817306 ], [ -46.3514465, -23.4815718 ], [ -46.3515192, -23.4814292 ], [ -46.3516032, -23.4812887 ], [ -46.3516879, -23.481166 ], [ -46.3517801, -23.4810445 ], [ -46.3518832, -23.4809272 ], [ -46.3520024, -23.4808049 ], [ -46.352117, -23.480701 ], [ -46.3522454, -23.4805961 ], [ -46.3523738, -23.4805036 ], [ -46.3524968, -23.4804238 ], [ -46.3526301, -23.4803483 ], [ -46.3527855, -23.4802709 ], [ -46.3529471, -23.4802003 ], [ -46.3531057, -23.4801398 ], [ -46.3532717, -23.4800872 ], [ -46.353435, -23.4800445 ], [ -46.3535894, -23.4800114 ], [ -46.3537484, -23.4799808 ], [ -46.3548656, -23.479782199999988 ], [ -46.355107, -23.4797397 ], [ -46.3620278, -23.4785711 ], [ -46.3622521, -23.4785349 ], [ -46.3624534, -23.4785069 ], [ -46.3626554, -23.4784869 ], [ -46.3628596, -23.4784743 ], [ -46.3630249, -23.4784703 ], [ -46.3632056, -23.4784727 ], [ -46.3633771, -23.4784819 ], [ -46.3635647, -23.4785004 ], [ -46.3637424, -23.4785241 ], [ -46.3639399, -23.4785568 ], [ -46.364155, -23.4785972 ], [ -46.3654112, -23.4788458 ], [ -46.365681, -23.4789014 ], [ -46.3691491, -23.4796099 ], [ -46.3694754, -23.4796775 ], [ -46.3700459, -23.4797992 ], [ -46.3703546, -23.4798618 ], [ -46.3727499, -23.4803185 ], [ -46.3729624, -23.4803559 ], [ -46.3731598, -23.4803841 ], [ -46.3733739, -23.4804116 ], [ -46.3735363, -23.4804361 ], [ -46.3737142, -23.4804697 ], [ -46.3739114, -23.4805109 ], [ -46.3741936, -23.4805749 ], [ -46.3746114, -23.4806733 ], [ -46.3749822, -23.4807643 ], [ -46.3753222, -23.4808523 ], [ -46.375759, -23.4809707 ], [ -46.3787741, -23.4818042 ], [ -46.3791271, -23.4819054 ], [ -46.3794083, -23.481989899999988 ], [ -46.3796874, -23.4820793 ], [ -46.3799104, -23.4821549 ], [ -46.3801394, -23.482238 ], [ -46.3803537, -23.4823204 ], [ -46.3805694, -23.4824086 ], [ -46.3807892, -23.4825048 ], [ -46.3810098, -23.4826057 ], [ -46.3812139, -23.4827044 ], [ -46.3814409, -23.4828179 ], [ -46.3821558, -23.4831805 ], [ -46.3825704, -23.4833931 ], [ -46.3835557, -23.4839068 ], [ -46.3837753, -23.4840231 ], [ -46.383997, -23.4841443 ], [ -46.3841957, -23.4842577 ], [ -46.3848745, -23.4846588 ], [ -46.3850798, -23.4847753 ], [ -46.3852919, -23.4848899 ], [ -46.3866076, -23.4855707 ], [ -46.3867889, -23.485662 ], [ -46.3869782, -23.4857532 ], [ -46.3871983, -23.485853 ], [ -46.3878829, -23.4861537 ], [ -46.3881102, -23.4862588 ], [ -46.3883671, -23.486384 ], [ -46.3886467, -23.4865264 ], [ -46.3890153, -23.4867168 ], [ -46.3892655, -23.4868519 ], [ -46.3895016, -23.4869888 ], [ -46.3897188, -23.4871262 ], [ -46.3899428, -23.4872808 ], [ -46.3901342, -23.4874266 ], [ -46.3903058, -23.4875678 ], [ -46.390475, -23.4877156 ], [ -46.3906409, -23.487872 ], [ -46.3908592, -23.4880897 ], [ -46.3910942, -23.4883363 ], [ -46.3948305, -23.492279 ], [ -46.394968, -23.4924201 ], [ -46.3951296, -23.4925773 ], [ -46.3952523, -23.4926916 ], [ -46.3953874, -23.4928081 ], [ -46.3955299, -23.4929222 ], [ -46.3956798, -23.4930295 ], [ -46.3958358, -23.4931312 ], [ -46.3959912, -23.4932211 ], [ -46.3961559, -23.4933057 ], [ -46.3963046, -23.493375 ], [ -46.3964546, -23.4934357 ], [ -46.3966239, -23.493496 ], [ -46.3968001, -23.4935483 ], [ -46.3969682, -23.4935907 ], [ -46.3971405, -23.4936252 ], [ -46.3973132, -23.4936504 ], [ -46.3974894, -23.4936691 ], [ -46.397681, -23.4936842 ], [ -46.3992682, -23.4937906 ], [ -46.3994922, -23.4938081 ], [ -46.3997141, -23.4938305 ], [ -46.4003445, -23.4938988 ], [ -46.4006522, -23.4939276 ], [ -46.4009952, -23.4939567 ], [ -46.4012765, -23.4939778 ], [ -46.4015569, -23.4939966 ], [ -46.4033874, -23.4941159 ], [ -46.4036848, -23.4941325 ], [ -46.4039817, -23.4941439 ], [ -46.4042518, -23.494151 ], [ -46.405234, -23.4941648 ], [ -46.4054897, -23.4941667 ], [ -46.4058527, -23.4941662 ], [ -46.406097, -23.4941607 ], [ -46.4063519, -23.4941512 ], [ -46.4066265, -23.494136 ], [ -46.4069394, -23.4941159 ], [ -46.40734, -23.4940853 ], [ -46.4076949, -23.4940536 ], [ -46.4102083, -23.4938041 ], [ -46.4104416, -23.4937826 ], [ -46.4106991, -23.4937623 ], [ -46.412287, -23.4936454 ], [ -46.4125623, -23.4936212 ], [ -46.4128677, -23.493592 ], [ -46.4192198, -23.4929499 ], [ -46.4195534, -23.4929161 ], [ -46.419879, -23.4928835 ], [ -46.4204603, -23.4928266 ], [ -46.420746, -23.492798 ], [ -46.4231177, -23.4925578 ], [ -46.4326724, -23.4916103 ], [ -46.4329903, -23.4915778 ], [ -46.4333463, -23.4915391 ], [ -46.4336635, -23.491501 ], [ -46.4349189, -23.4913417 ], [ -46.435185, -23.4913098 ], [ -46.4354438, -23.4912815 ], [ -46.4394893, -23.4908793 ], [ -46.4396985, -23.4908587 ], [ -46.4398803, -23.4908455 ], [ -46.4400761, -23.4908393 ], [ -46.4403319, -23.490835 ], [ -46.4405079, -23.4908301 ], [ -46.4406767, -23.4908185 ], [ -46.4408455, -23.4908046 ], [ -46.4411764, -23.4907741 ], [ -46.4413534, -23.4907609 ], [ -46.441501, -23.4907543 ], [ -46.4416565, -23.4907501 ], [ -46.4421088, -23.4907466 ], [ -46.442282, -23.4907419 ], [ -46.4424866, -23.4907297 ], [ -46.4427126, -23.4907101 ], [ -46.4450267, -23.4904746 ], [ -46.4453043, -23.4904491 ], [ -46.4455665, -23.4904295 ], [ -46.445816, -23.4904192 ], [ -46.4460711, -23.4904165 ], [ -46.4463289, -23.4904229 ], [ -46.446575, -23.4904374 ], [ -46.4468409, -23.49046 ], [ -46.4471027, -23.4904925 ], [ -46.4473388, -23.4905288 ], [ -46.4475822, -23.4905737 ], [ -46.4478135, -23.490624 ], [ -46.4532475, -23.4918415 ], [ -46.4536288, -23.4919253 ], [ -46.4538733, -23.4919746 ], [ -46.4541452, -23.4920195 ], [ -46.4543762, -23.4920508 ], [ -46.4546481, -23.492079699999987 ], [ -46.4548994, -23.4920991 ], [ -46.4551789, -23.4921123 ], [ -46.4554337, -23.4921172 ], [ -46.4557019, -23.4921153 ], [ -46.4559507, -23.4921071 ], [ -46.4562672, -23.4920926 ], [ -46.4578382, -23.492002 ], [ -46.4580684, -23.4919871 ], [ -46.4582623, -23.4919728 ], [ -46.4584706, -23.4919539 ], [ -46.4586474, -23.4919326 ], [ -46.458842, -23.4919029 ], [ -46.4590241, -23.4918683 ], [ -46.4592109, -23.4918258 ], [ -46.459406, -23.4917723 ], [ -46.4595971, -23.4917135 ], [ -46.4597909, -23.4916485 ], [ -46.4599854, -23.4915779 ], [ -46.4613755, -23.4910705 ], [ -46.4615958, -23.4909857 ], [ -46.4617756, -23.49091 ], [ -46.4619394, -23.4908332 ], [ -46.4621077, -23.4907434 ], [ -46.4622425, -23.4906622 ], [ -46.4623702, -23.4905752 ], [ -46.4624961, -23.4904776 ], [ -46.4626173, -23.490372 ], [ -46.4627286, -23.4902637 ], [ -46.4628329, -23.4901502 ], [ -46.4629345, -23.4900244 ], [ -46.4630223, -23.4899018 ], [ -46.4631011, -23.4897777 ], [ -46.4631759, -23.4896444 ], [ -46.4632429, -23.4895069 ], [ -46.4633174, -23.4893337 ], [ -46.4633834, -23.4891569 ], [ -46.4634413, -23.48898 ], [ -46.4634964, -23.4887945 ], [ -46.4637285, -23.487944 ], [ -46.463778, -23.4877784 ], [ -46.463834, -23.4876089 ], [ -46.4638912, -23.4874511 ], [ -46.4639493, -23.4873128 ], [ -46.4640199, -23.487161 ], [ -46.4640899, -23.487027 ], [ -46.4641679, -23.4868925 ], [ -46.4642522, -23.4867601 ], [ -46.4643494, -23.4866176 ], [ -46.4644425, -23.486485 ], [ -46.4657776, -23.4846359 ], [ -46.4658818, -23.4844995 ], [ -46.4659941, -23.484362 ], [ -46.4661051, -23.4842397 ], [ -46.4662257, -23.4841189 ], [ -46.466349, -23.4840092 ], [ -46.4664844, -23.4839046 ], [ -46.4666138, -23.4838154 ], [ -46.46675, -23.483733 ], [ -46.4668914, -23.4836583 ], [ -46.4670386, -23.4835914 ], [ -46.4671905, -23.4835319 ], [ -46.4673594, -23.4834719 ], [ -46.4675411, -23.483414 ], [ -46.4677537, -23.4833511 ], [ -46.4701704, -23.4826605 ], [ -46.4703357, -23.482619 ], [ -46.4705158, -23.4825799 ], [ -46.470687, -23.4825503 ], [ -46.4708536, -23.4825299 ], [ -46.4709987, -23.4825197 ], [ -46.4711479, -23.4825163 ], [ -46.4713016, -23.4825213 ], [ -46.4714518, -23.4825334 ], [ -46.4716168, -23.4825552 ], [ -46.4717657, -23.4825823 ], [ -46.4719085, -23.4826156 ], [ -46.4720654, -23.4826594 ], [ -46.4722391, -23.4827179 ], [ -46.4723936, -23.4827765 ], [ -46.4725723, -23.4828505 ], [ -46.4747496, -23.4837736 ], [ -46.4749374, -23.483848 ], [ -46.4751225, -23.4839144 ], [ -46.4752941, -23.4839686 ], [ -46.4754644, -23.4840129 ], [ -46.4756435, -23.4840522 ], [ -46.47583190000001, -23.4840882 ], [ -46.4760318, -23.484123 ], [ -46.4800356, -23.4847681 ], [ -46.4802324, -23.4848028 ], [ -46.4804359, -23.484845 ], [ -46.4807978, -23.4849246 ], [ -46.4809949, -23.4849636 ], [ -46.481195, -23.4849987 ], [ -46.4838363, -23.4854373 ], [ -46.4840217, -23.4854631 ], [ -46.4842125, -23.4854815 ], [ -46.4843935, -23.4854908 ], [ -46.4845813, -23.4854917 ], [ -46.4847617, -23.4854834 ], [ -46.4849464, -23.485467 ], [ -46.4851092, -23.4854447 ], [ -46.4852787, -23.485415 ], [ -46.4854698, -23.4853757 ], [ -46.4872688, -23.4849809 ], [ -46.4874615, -23.4849353 ], [ -46.4876473, -23.4848852 ], [ -46.4878453, -23.4848277 ], [ -46.4880218, -23.4847677 ], [ -46.4881787, -23.4847086 ], [ -46.4883438, -23.4846383 ], [ -46.4885023, -23.4845624 ], [ -46.4886594, -23.4844807 ], [ -46.4888118, -23.484396 ], [ -46.4889633, -23.4843069 ], [ -46.4891175, -23.4842115 ], [ -46.4905308, -23.4833173 ], [ -46.4906976, -23.4832143 ], [ -46.4908782, -23.483108 ], [ -46.4910327, -23.4830246 ], [ -46.491208, -23.482936 ], [ -46.4913547, -23.4828705 ], [ -46.4915128, -23.4828099 ], [ -46.49166, -23.4827619 ], [ -46.4918207, -23.4827195 ], [ -46.4919775, -23.482685 ], [ -46.4921501, -23.4826567 ], [ -46.4923085, -23.4826392 ], [ -46.4924743, -23.4826285 ], [ -46.492647, -23.4826239 ], [ -46.4928076, -23.482626 ], [ -46.4929833, -23.4826355 ], [ -46.4931603, -23.482652 ], [ -46.4933279, -23.4826746 ], [ -46.493501, -23.4827048 ], [ -46.4936666, -23.482741 ], [ -46.4938406, -23.4827859 ], [ -46.4940134, -23.4828373 ], [ -46.49420030000001, -23.482904 ], [ -46.494365, -23.4829701 ], [ -46.4945251, -23.4830413 ], [ -46.4946858, -23.4831223 ], [ -46.4948353, -23.4832044 ], [ -46.4949758, -23.4832879 ], [ -46.495123, -23.4833862 ], [ -46.4952685, -23.4834889 ], [ -46.4954, -23.4835916 ], [ -46.4955552, -23.4837207 ], [ -46.4957332, -23.4838757 ], [ -46.4965761, -23.4846297 ], [ -46.4967169, -23.4847505 ], [ -46.496857, -23.4848645 ], [ -46.4969864, -23.4849618 ], [ -46.4971181, -23.4850497 ], [ -46.4972671, -23.4851373 ], [ -46.4974019, -23.4852083 ], [ -46.4975614, -23.4852819 ], [ -46.4977071, -23.4853399 ], [ -46.4978629, -23.4853911 ], [ -46.4980034, -23.485432 ], [ -46.49818, -23.4854723 ], [ -46.4983517, -23.4855027 ], [ -46.4985119, -23.4855222 ], [ -46.49869, -23.4855344 ], [ -46.4988645, -23.4855418 ], [ -46.4990873, -23.4855442 ], [ -46.5019513, -23.4855405 ], [ -46.5021658, -23.4855442 ], [ -46.5023582, -23.4855529 ], [ -46.5025355, -23.4855666 ], [ -46.5027026, -23.4855882 ], [ -46.5028684, -23.4856191 ], [ -46.5030247, -23.4856567 ], [ -46.5031733, -23.4857013 ], [ -46.5033207, -23.4857544 ], [ -46.5034627, -23.485813 ], [ -46.5036149, -23.4858865 ], [ -46.5037718, -23.4859729 ], [ -46.5039001, -23.4860528 ], [ -46.5040226, -23.4861389 ], [ -46.5041558, -23.4862434 ], [ -46.5042766, -23.4863514 ], [ -46.5043833, -23.4864552 ], [ -46.5044873, -23.4865664 ], [ -46.5045771, -23.4866765 ], [ -46.504673, -23.486809 ], [ -46.5047595, -23.486944 ], [ -46.5048333, -23.4870762 ], [ -46.5049117, -23.4872321 ], [ -46.5049785, -23.4873811 ], [ -46.5050398, -23.4875264 ], [ -46.5060718, -23.4901155 ], [ -46.506166, -23.4903581 ], [ -46.5062493, -23.4905799 ], [ -46.5063272, -23.4907938 ], [ -46.5065727, -23.4914937 ], [ -46.5066263, -23.4916376 ], [ -46.5066779, -23.4917691 ], [ -46.5067467, -23.4919334 ], [ -46.506818, -23.4920844 ], [ -46.5068819, -23.4922052 ], [ -46.5069559, -23.492334 ], [ -46.5070345, -23.4924624 ], [ -46.5071131, -23.4925791 ], [ -46.5072007, -23.4926996 ], [ -46.5072957, -23.4928177 ], [ -46.5073941, -23.492932 ], [ -46.5075058, -23.4930547 ], [ -46.5076327, -23.4931856 ], [ -46.5077656, -23.4933195 ], [ -46.5092187, -23.4947284 ], [ -46.5093776, -23.4948723 ], [ -46.5095318, -23.4950051 ], [ -46.5096864, -23.49513 ], [ -46.5098328, -23.4952379 ], [ -46.5099825, -23.4953385 ], [ -46.510127, -23.4954276 ], [ -46.5102809, -23.4955149 ], [ -46.5104405, -23.4955958 ], [ -46.510597, -23.4956676 ], [ -46.5107644, -23.4957363 ], [ -46.510927, -23.4957957 ], [ -46.5110988, -23.4958518 ], [ -46.5112726, -23.4958999 ], [ -46.5114573, -23.4959429 ], [ -46.51162, -23.4959736 ], [ -46.5118209, -23.4960056 ], [ -46.5120433, -23.4960311 ], [ -46.512249, -23.4960507 ], [ -46.512501, -23.4960714 ], [ -46.5135371, -23.4961422 ], [ -46.5137486, -23.4961591 ], [ -46.5139426, -23.4961768 ], [ -46.5141339, -23.4961994 ], [ -46.5143156, -23.4962264 ], [ -46.5144949, -23.4962584 ], [ -46.5146696, -23.4962953 ], [ -46.514853, -23.4963383 ], [ -46.5150433, -23.4963894 ], [ -46.5152336, -23.4964472 ], [ -46.5154612, -23.496525 ], [ -46.5157304, -23.4966224 ], [ -46.5173666, -23.4972202 ], [ -46.517542, -23.49729 ], [ -46.5176845, -23.4973524 ], [ -46.5178313, -23.4974194 ], [ -46.5181186, -23.4975573 ], [ -46.5182731, -23.4976275 ], [ -46.5183984, -23.4976806 ], [ -46.51855, -23.4977409 ], [ -46.5187043, -23.4977988 ], [ -46.520787, -23.498562 ], [ -46.5209875, -23.4986321 ], [ -46.5211746, -23.4986942 ], [ -46.5213382, -23.4987413 ], [ -46.5218317, -23.4988732 ], [ -46.5219873, -23.4989199 ], [ -46.5221302, -23.4989666 ], [ -46.5222851, -23.4990207 ], [ -46.5236329, -23.4995139 ], [ -46.5238575, -23.4995902 ], [ -46.5240245, -23.4996419 ], [ -46.5241921, -23.4996873 ], [ -46.5243584, -23.4997236 ], [ -46.5245234, -23.4997537 ], [ -46.5247044, -23.4997789 ], [ -46.5248821, -23.4997946 ], [ -46.5250558, -23.4998048 ], [ -46.5252536, -23.4998082 ], [ -46.5255319, -23.4998023 ], [ -46.5289906, -23.4996554 ], [ -46.5292172, -23.4996492 ], [ -46.5294023, -23.4996486 ], [ -46.5295894, -23.4996559 ], [ -46.5297574, -23.4996698 ], [ -46.5299272, -23.4996902 ], [ -46.5300917, -23.4997181 ], [ -46.5302573, -23.499755 ], [ -46.5304085, -23.4997949 ], [ -46.530553, -23.4998404 ], [ -46.53070120000001, -23.4998943 ], [ -46.5308487, -23.4999555 ], [ -46.5309986, -23.5000268 ], [ -46.5311525, -23.5001061 ], [ -46.5313141, -23.5001971 ], [ -46.5404355, -23.5055137 ], [ -46.5406196, -23.5056226 ], [ -46.5407999, -23.5057333 ], [ -46.5409908, -23.5058593 ], [ -46.5411497, -23.5059716 ], [ -46.5413274, -23.506106 ], [ -46.5414843, -23.5062338 ], [ -46.5416372, -23.5063635 ], [ -46.541772, -23.506485 ], [ -46.5419071, -23.5066158 ], [ -46.5420343, -23.5067464 ], [ -46.5421475, -23.5068702 ], [ -46.5422558, -23.5069923 ], [ -46.5423609, -23.5071172 ], [ -46.5424748, -23.5072588 ], [ -46.5430172, -23.5079298 ], [ -46.5431245, -23.5080582 ], [ -46.5432362, -23.5081849 ], [ -46.5433391, -23.5082937 ], [ -46.5434521, -23.508405 ], [ -46.5435776, -23.508517 ], [ -46.5436911, -23.5086068 ], [ -46.5438178, -23.5086977 ], [ -46.5439372, -23.5087737 ], [ -46.54408, -23.5088553 ], [ -46.5442269, -23.5089289 ], [ -46.544361, -23.508987 ], [ -46.5445065, -23.5090425 ], [ -46.5446473, -23.5090888 ], [ -46.5447962, -23.5091289 ], [ -46.5449323, -23.50916 ], [ -46.5450879, -23.5091868 ], [ -46.5452468, -23.509207 ], [ -46.5454, -23.5092189 ], [ -46.5455517, -23.5092237 ], [ -46.5457317, -23.5092215 ], [ -46.5459465, -23.5092119 ], [ -46.5461789, -23.5091952 ], [ -46.5481973, -23.5090377 ], [ -46.5484249, -23.5090218 ], [ -46.5486282, -23.5090076 ], [ -46.5488141, -23.5090002 ], [ -46.548972, -23.5090005 ], [ -46.5491167, -23.5090081 ], [ -46.5492588, -23.5090205 ], [ -46.5494029, -23.5090402 ], [ -46.5495527, -23.5090685 ], [ -46.5497061, -23.5091054 ], [ -46.5498581, -23.5091491 ], [ -46.5500057, -23.5092004 ], [ -46.5501525, -23.5092599 ], [ -46.5503054, -23.5093305 ], [ -46.5504439, -23.5094042 ], [ -46.5505784, -23.5094841 ], [ -46.5507289, -23.5095801 ], [ -46.551247, -23.5099184 ], [ -46.5513881, -23.5100174 ], [ -46.5515227, -23.5101182 ], [ -46.5516459, -23.5102221 ], [ -46.5517605, -23.5103297 ], [ -46.5518614, -23.5104339 ], [ -46.5519617, -23.510551 ], [ -46.5520492, -23.5106657 ], [ -46.5521158, -23.5107605 ], [ -46.5521897, -23.51088 ], [ -46.5522531, -23.5109956 ], [ -46.5523069, -23.5111026 ], [ -46.5523593, -23.5112255 ], [ -46.5524063, -23.5113473 ], [ -46.55245020000001, -23.5114819 ], [ -46.5524847, -23.5116098 ], [ -46.5525099, -23.5117313 ], [ -46.5525298, -23.5118633 ], [ -46.5525432, -23.5119982 ], [ -46.5525498, -23.512127 ], [ -46.5525478, -23.5122506 ], [ -46.5525414, -23.5123659 ], [ -46.5525295, -23.5124875 ], [ -46.5525116, -23.512606 ], [ -46.5524857, -23.5127342 ], [ -46.5524567, -23.51285110000001 ], [ -46.5524204, -23.512973 ], [ -46.5523718, -23.5131058 ], [ -46.5523186, -23.5132337 ], [ -46.5522652, -23.5133438 ], [ -46.5522078, -23.513452 ], [ -46.5521354, -23.5135796 ], [ -46.5520475, -23.513725 ], [ -46.5512677, -23.514991 ], [ -46.5511282, -23.515229 ], [ -46.5510464, -23.5153769 ], [ -46.55098, -23.5155105 ], [ -46.5509203, -23.5156453 ], [ -46.5508667, -23.515783 ], [ -46.5508265, -23.5159035 ], [ -46.5507876, -23.5160357 ], [ -46.5507547, -23.5161694 ], [ -46.5507309, -23.5162928 ], [ -46.5507139, -23.516412 ], [ -46.5506998, -23.5165366 ], [ -46.5506897, -23.5166711 ], [ -46.5506857, -23.5167927 ], [ -46.5506843, -23.5169208 ], [ -46.550687, -23.5170858 ], [ -46.5507473, -23.5193817 ], [ -46.5507557, -23.5195725 ], [ -46.5507661, -23.5197552 ], [ -46.5507781, -23.5199131 ], [ -46.5507962, -23.5200658 ], [ -46.5508204, -23.520221 ], [ -46.5508482, -23.5203599 ], [ -46.5508819, -23.5205017 ], [ -46.5509277, -23.5206588 ], [ -46.5509716, -23.5207934 ], [ -46.5510184, -23.5209194 ], [ -46.5510705, -23.5210461 ], [ -46.5511329, -23.5211826 ], [ -46.5512043, -23.5213255 ], [ -46.5512831, -23.5214697 ], [ -46.5513823, -23.5216394 ], [ -46.5526423, -23.5237015 ], [ -46.5527382, -23.5238636 ], [ -46.5528176, -23.5240042 ], [ -46.5528922, -23.5241453 ], [ -46.5529581, -23.5242752 ], [ -46.5530208, -23.5244117 ], [ -46.553075, -23.5245421 ], [ -46.5531258, -23.5246798 ], [ -46.5531664, -23.524810699999989 ], [ -46.5532014, -23.5249413 ], [ -46.5532324, -23.5250793 ], [ -46.5532559, -23.5252165 ], [ -46.553273, -23.5253477 ], [ -46.553288, -23.5255048 ], [ -46.5532991, -23.5256819 ], [ -46.5533075, -23.525923 ], [ -46.5533444, -23.531359 ], [ -46.5533477, -23.5315758 ], [ -46.5533528, -23.531726 ], [ -46.5533611, -23.5318836 ], [ -46.5533714, -23.5320351 ], [ -46.5533856, -23.532181799999986 ], [ -46.5534041, -23.5323189 ], [ -46.5534297, -23.5324618 ], [ -46.5534621, -23.5326035 ], [ -46.5535025, -23.5327452 ], [ -46.5535496, -23.5328838 ], [ -46.5535989, -23.5330092 ], [ -46.5536537, -23.5331346 ], [ -46.5537193, -23.5332775 ], [ -46.5537869, -23.5334136 ], [ -46.5542637, -23.5343376 ], [ -46.5543563, -23.5345113 ], [ -46.5544361, -23.5346534 ], [ -46.5545236, -23.5347989 ], [ -46.5545997, -23.5349124 ], [ -46.5546771, -23.5350169 ], [ -46.5547561, -23.5351159 ], [ -46.5548511, -23.5352217 ], [ -46.554946, -23.5353162 ], [ -46.5550563, -23.5354132 ], [ -46.5551582, -23.5354948 ], [ -46.5552735, -23.5355783 ], [ -46.5553925, -23.5356555 ], [ -46.5555037, -23.5357187 ], [ -46.5556229, -23.5357823 ], [ -46.5557496, -23.535841 ], [ -46.5558918, -23.535898 ], [ -46.556038, -23.5359493 ], [ -46.5561869, -23.5359956 ], [ -46.5563485, -23.5360381 ], [ -46.5565178, -23.5360765 ], [ -46.5567077, -23.5361167 ], [ -46.5574514, -23.5362614 ], [ -46.5576506, -23.5362999 ], [ -46.558185, -23.5364012 ], [ -46.5584399, -23.5364512 ], [ -46.5644511, -23.5376356 ], [ -46.5694417, -23.5386269 ], [ -46.5698178, -23.5386994 ], [ -46.5701993, -23.5387701 ], [ -46.5708461, -23.538885 ], [ -46.5711607, -23.5389453 ], [ -46.5714016, -23.5389932 ], [ -46.5720823, -23.5391303 ], [ -46.5723213, -23.5391819 ], [ -46.572557, -23.5392354 ], [ -46.5727937, -23.5392917 ], [ -46.5730827, -23.5393627 ], [ -46.5741731, -23.5396357 ], [ -46.5744141, -23.5396939 ], [ -46.574649, -23.5397484 ], [ -46.5748616, -23.5397961 ], [ -46.5750702, -23.5398402 ], [ -46.5753264, -23.5398914 ], [ -46.5776104, -23.5403438 ], [ -46.5778454, -23.5403878 ], [ -46.5780648, -23.5404258 ], [ -46.5782715, -23.5404589 ], [ -46.5785209, -23.5404948 ], [ -46.5792136, -23.5405842 ], [ -46.57944160000001, -23.5406174 ], [ -46.5796723, -23.5406549 ], [ -46.579904, -23.5406961 ], [ -46.5801323, -23.5407391 ], [ -46.5896118, -23.5426204 ], [ -46.6071102, -23.5460801 ], [ -46.6111721, -23.546887699999989 ], [ -46.6115275, -23.5469584 ], [ -46.6127104, -23.5471932 ], [ -46.6128515, -23.5472182 ], [ -46.6129848, -23.5472361 ], [ -46.6131111, -23.5472463 ], [ -46.6132468, -23.5472504 ], [ -46.6133636, -23.5472451 ], [ -46.6134872, -23.5472318 ], [ -46.6136028, -23.5472126 ], [ -46.6137135, -23.5471877 ], [ -46.6138383, -23.5471518 ], [ -46.6139463, -23.5471134 ], [ -46.6140558, -23.54707 ], [ -46.6141567, -23.5470223 ], [ -46.6142607, -23.5469667 ], [ -46.614368, -23.5469018 ], [ -46.6152317, -23.5463258 ], [ -46.6153698, -23.5462281 ], [ -46.615465, -23.5461534 ], [ -46.6155716, -23.5460595 ], [ -46.6156635, -23.5459644 ], [ -46.6157524, -23.5458605 ], [ -46.6158234, -23.5457655 ], [ -46.6158944, -23.5456606 ], [ -46.6167739, -23.5443421 ] ] ] } },
{ "type": "Feature", "properties": { "fid": 54, "Name": "L12 via 3 [Engº Manoel Feio]\n", "description": null, "Status_Obra": "Construído", "Modal": "Trem", "N_Linha": 12, "data_abertura": null }, "geometry": { "type": "MultiLineString", "coordinates": [ [ [ -46.3739114, -23.4805109 ], [ -46.3725773, -23.4802308 ], [ -46.3727436, -23.4802628 ], [ -46.372867, -23.4802837 ], [ -46.3730273, -23.4803058 ], [ -46.3732358, -23.4803347 ], [ -46.3733518, -23.4803538 ], [ -46.3734909, -23.48038 ], [ -46.3736274, -23.4804073 ], [ -46.3734909, -23.48038 ], [ -46.3733518, -23.4803538 ], [ -46.3732358, -23.4803347 ], [ -46.3730273, -23.4803058 ], [ -46.372867, -23.4802837 ], [ -46.3727436, -23.4802628 ], [ -46.3725773, -23.4802308 ], [ -46.3717537, -23.4800633 ], [ -46.3715391, -23.480022 ], [ -46.3706801, -23.4798634 ], [ -46.3704535, -23.4798222 ], [ -46.3702329, -23.4797797 ], [ -46.370031, -23.479741 ], [ -46.3697896, -23.4796936 ], [ -46.3661016, -23.4789396 ], [ -46.3658864, -23.4788978 ], [ -46.3656818, -23.4788639 ], [ -46.3652936, -23.4788104 ], [ -46.3651554, -23.4787895 ], [ -46.3650052, -23.4787631 ], [ -46.3648574, -23.478736 ] ] ] } },
{ "type": "Feature", "properties": { "fid": 55, "Name": "Linha 13 - Jade > AGU", "description": "Engenheiro Goulart > Aeroporto-Guarulhos • 9km - 3 estações • 11min • 15mil pass/d • ATO GoA2 • Headway: 10min", "Status_Obra": "Construído", "Modal": "Trem", "N_Linha": 13, "data_abertura": "2018-03-31" }, "geometry": { "type": "MultiLineString", "coordinates": [ [ [ -46.4928504, -23.4263586 ], [ -46.4933187, -23.4295369 ], [ -46.4933582, -23.4298023 ], [ -46.4933956, -23.4300589 ], [ -46.4936939, -23.4320771 ], [ -46.4940324, -23.4344607 ], [ -46.4940915, -23.434853 ], [ -46.4951076, -23.4417084 ], [ -46.495132, -23.4418874 ], [ -46.4951553, -23.4420824 ], [ -46.4951713, -23.442246 ], [ -46.4951827, -23.4424128 ], [ -46.4951902, -23.4425888 ], [ -46.4951928, -23.4427899 ], [ -46.4951901, -23.4429683 ], [ -46.495182, -23.4431461 ], [ -46.4951707, -23.4433042 ], [ -46.4951552, -23.4434641 ], [ -46.4951371, -23.4436161 ], [ -46.4951143, -23.4437792 ], [ -46.4950908, -23.4439158 ], [ -46.495062, -23.444069 ], [ -46.4950226, -23.4442545 ], [ -46.4949745, -23.4444537 ], [ -46.494917, -23.4446584 ], [ -46.4948615, -23.4448367 ], [ -46.4947952, -23.4450299 ], [ -46.4947217, -23.4452264 ], [ -46.4946443, -23.4454204 ], [ -46.4945281, -23.4457006 ], [ -46.4933417, -23.4485103 ], [ -46.4932757, -23.448665 ], [ -46.4932084, -23.448818 ], [ -46.4931375, -23.4489708 ], [ -46.4929862, -23.4492898 ], [ -46.4929153, -23.4494382 ], [ -46.4928418, -23.4495952 ], [ -46.4927719, -23.4497491 ], [ -46.4926923, -23.4499322 ], [ -46.4897399, -23.4569168 ], [ -46.4896624, -23.4571025 ], [ -46.4895936, -23.4572683 ], [ -46.489534, -23.4574224 ], [ -46.4894746, -23.4575832 ], [ -46.4894205, -23.4577386 ], [ -46.4893724, -23.4578937 ], [ -46.4893283, -23.4580495 ], [ -46.4892872, -23.458209 ], [ -46.4892447, -23.4583937 ], [ -46.4892122, -23.458556 ], [ -46.4891875, -23.4587006 ], [ -46.4891635, -23.4588565 ], [ -46.489145, -23.4590037 ], [ -46.4891291, -23.4591682 ], [ -46.4891169, -23.4593255 ], [ -46.4891081, -23.4594845 ], [ -46.4891047, -23.4596583 ], [ -46.4891048, -23.4598152 ], [ -46.4891096, -23.4599826 ], [ -46.4891189, -23.4601401 ], [ -46.489133, -23.460301799999989 ], [ -46.4891488, -23.4604605 ], [ -46.4891726, -23.4606308 ], [ -46.489204, -23.460826399999988 ], [ -46.4892396, -23.4610172 ], [ -46.4892815, -23.461226 ], [ -46.4893221, -23.4614114 ], [ -46.4908949, -23.4686936 ], [ -46.490934, -23.4688634 ], [ -46.490975, -23.469043 ], [ -46.4910209, -23.4692287 ], [ -46.4910685, -23.4693996 ], [ -46.4911237, -23.4695752 ], [ -46.4911868, -23.4697594 ], [ -46.4912472, -23.4699213 ], [ -46.4913156, -23.4700882 ], [ -46.4914112, -23.4703044 ], [ -46.4914967, -23.4704789 ], [ -46.4915816, -23.4706425 ], [ -46.4916765, -23.470811699999988 ], [ -46.4917753, -23.4709777 ], [ -46.4918934, -23.4711612 ], [ -46.4920195, -23.4713452 ], [ -46.4921308, -23.4714965 ], [ -46.4922286, -23.4716256 ], [ -46.4923263, -23.4717472 ], [ -46.49242670000001, -23.47187 ], [ -46.4925198, -23.4719785 ], [ -46.4926239, -23.4720956 ], [ -46.4927374, -23.4722166 ], [ -46.4928459, -23.4723246 ], [ -46.4929606, -23.4724348 ], [ -46.4930793, -23.4725435 ], [ -46.4932021, -23.4726495 ], [ -46.4933332, -23.472758 ], [ -46.4934609, -23.472857 ], [ -46.4935896, -23.4729494 ], [ -46.4937302, -23.473047 ], [ -46.4938697, -23.4731395 ], [ -46.4940101, -23.4732281 ], [ -46.4941465, -23.473312 ], [ -46.494278, -23.4733884 ], [ -46.4944165, -23.4734656 ], [ -46.4945835, -23.4735539 ], [ -46.4947709, -23.4736498 ], [ -46.4955231, -23.4740271 ], [ -46.495694, -23.4741159 ], [ -46.4958582, -23.4742039 ], [ -46.4960254, -23.4742973 ], [ -46.4961798, -23.474387499999988 ], [ -46.4963279, -23.4744772 ], [ -46.4964749, -23.4745683 ], [ -46.4966245, -23.474665 ], [ -46.4967851, -23.4747733 ], [ -46.4969343, -23.4748779 ], [ -46.4970978, -23.474996 ], [ -46.4972423, -23.4751033 ], [ -46.497391, -23.4752167 ], [ -46.4975293, -23.4753265 ], [ -46.497667, -23.4754401 ], [ -46.4978089, -23.475559 ], [ -46.4979509, -23.4756825 ], [ -46.4980976, -23.4758141 ], [ -46.4982405, -23.4759487 ], [ -46.4984094, -23.4761119 ], [ -46.4985682, -23.4762739 ], [ -46.4987035, -23.4764152 ], [ -46.4988467, -23.4765668 ], [ -46.4989848, -23.4767217 ], [ -46.4991065, -23.4768627 ], [ -46.4992262, -23.4770028 ], [ -46.4993526, -23.4771575 ], [ -46.4994691, -23.4773027 ], [ -46.4995899, -23.4774546 ], [ -46.4997224, -23.4776248 ], [ -46.5035451, -23.4827536 ], [ -46.5036947, -23.4829658 ], [ -46.5038416, -23.4831792 ], [ -46.5039712, -23.483374 ], [ -46.5041611, -23.4836778 ], [ -46.5042934, -23.4839011 ], [ -46.5044226, -23.4841249 ], [ -46.5045577, -23.4843767 ], [ -46.5046795, -23.4846124 ], [ -46.5048092, -23.4848753 ], [ -46.5049318, -23.4851429 ], [ -46.5050508, -23.485416399999988 ], [ -46.5051499, -23.4856622 ], [ -46.5052396, -23.4858945 ], [ -46.5053503, -23.4861977 ], [ -46.5054469, -23.4864886 ], [ -46.5055349, -23.4867755 ], [ -46.5056148, -23.4870643 ], [ -46.5056947, -23.4873716 ], [ -46.50662, -23.4910731 ], [ -46.5066586, -23.4912224 ], [ -46.5066968, -23.4913617 ], [ -46.5067394, -23.4915026 ], [ -46.5067806, -23.4916219 ], [ -46.5068283, -23.4917456 ], [ -46.5068778, -23.4918626 ], [ -46.5069363, -23.4919897 ], [ -46.5069971, -23.4921111 ], [ -46.507074, -23.4922454 ], [ -46.5071574, -23.4923808 ], [ -46.5072553, -23.4925277 ], [ -46.5073686, -23.4926827 ], [ -46.5074772, -23.4928168 ], [ -46.5075832, -23.492938 ], [ -46.5077454, -23.4931089 ], [ -46.5079385, -23.4932984 ], [ -46.5092011, -23.4945227 ], [ -46.5093705, -23.4946817 ], [ -46.5095345, -23.4948308 ], [ -46.5096843, -23.4949569 ], [ -46.5098275, -23.4950688 ], [ -46.5099818, -23.4951776 ], [ -46.5101467, -23.4952834 ], [ -46.5103083, -23.4953776 ], [ -46.5105114, -23.4954815 ], [ -46.5106805, -23.4955577 ], [ -46.5108455, -23.4956232 ], [ -46.5110252, -23.4956875 ], [ -46.5112049, -23.4957425 ], [ -46.511394, -23.4957908 ], [ -46.5115944, -23.4958332 ], [ -46.5117936, -23.4958658 ], [ -46.5120123, -23.495894199999984 ], [ -46.5122591, -23.495918 ], [ -46.512529, -23.4959392 ], [ -46.5136434, -23.4960198 ], [ -46.5138964, -23.496041 ], [ -46.5141332, -23.4960699 ], [ -46.5143511, -23.496103 ], [ -46.5145875, -23.4961489 ], [ -46.514791, -23.4961954 ], [ -46.5150206, -23.4962565 ], [ -46.5152504, -23.496327 ], [ -46.5154884, -23.4964101 ], [ -46.5174545, -23.4971252 ], [ -46.5176265, -23.4971838 ], [ -46.517791, -23.497235 ], [ -46.5179697, -23.4972855 ], [ -46.5181973, -23.4973453 ], [ -46.518399, -23.4974014 ], [ -46.518595, -23.497462 ], [ -46.5187895, -23.4975299 ], [ -46.5211559, -23.4983944 ], [ -46.5214164, -23.4984941 ], [ -46.5216513, -23.498587 ], [ -46.5232266, -23.4992259 ], [ -46.5233983, -23.4992947 ], [ -46.5235477, -23.4993511 ], [ -46.5236999, -23.4994047 ], [ -46.5238736, -23.4994588 ], [ -46.5240332, -23.4995055 ], [ -46.5242169, -23.499551 ], [ -46.5243886, -23.4995879 ], [ -46.5245535, -23.4996167 ], [ -46.5247166, -23.4996407 ], [ -46.5248908, -23.4996604 ], [ -46.5250759, -23.4996741 ], [ -46.525255, -23.4996821 ], [ -46.5254501, -23.4996839 ], [ -46.5256359, -23.4996808 ], [ -46.5258243, -23.4996734 ], [ -46.5262473, -23.4996549 ], [ -46.5264508, -23.4996518 ], [ -46.526628, -23.4996546 ], [ -46.5272597, -23.499668 ], [ -46.5274173, -23.4996691 ], [ -46.5275762, -23.4996681 ], [ -46.5277336, -23.4996613 ] ] ] } },
{ "type": "Feature", "properties": { "fid": 56, "Name": "Linha 13 - Jade > EGO", "description": "Aeroporto-Guarulhos > Engenheiro Goulart • 9km • 3 estações • 11min • 15mil pass/d • ATO GoA2 • Headway: 10min", "Status_Obra": "Construído", "Modal": "Trem", "N_Linha": 13, "data_abertura": "2018-03-31" }, "geometry": { "type": "MultiLineString", "coordinates": [ [ [ -46.5271131, -23.499664899999988 ], [ -46.5269724, -23.4996672 ], [ -46.5268098, -23.499672 ], [ -46.5266249, -23.4996793 ], [ -46.5256608, -23.4997197 ], [ -46.5254931, -23.499724 ], [ -46.5253295, -23.4997259 ], [ -46.525172, -23.4997221 ], [ -46.5249929, -23.4997123 ], [ -46.5248266, -23.4996976 ], [ -46.5246677, -23.4996791 ], [ -46.5245209, -23.4996575 ], [ -46.5243833, -23.4996335 ], [ -46.5242419, -23.499604099999988 ], [ -46.524081, -23.4995654 ], [ -46.5239113, -23.4995186 ], [ -46.5237424, -23.4994663 ], [ -46.52358, -23.499411 ], [ -46.5154845, -23.4964513 ], [ -46.5153061, -23.4963891 ], [ -46.5151318, -23.496332 ], [ -46.5149534, -23.4962796 ], [ -46.5147858, -23.4962354 ], [ -46.5146215, -23.496196 ], [ -46.5144679, -23.4961641 ], [ -46.5143164, -23.4961364 ], [ -46.5141575, -23.4961112 ], [ -46.5139905, -23.4960897 ], [ -46.5138242, -23.4960718 ], [ -46.5136196, -23.4960552 ], [ -46.512402, -23.4959679 ], [ -46.5122021, -23.4959507 ], [ -46.5119942, -23.4959298 ], [ -46.511838, -23.4959114 ], [ -46.5116824, -23.4958873 ], [ -46.5115336, -23.4958602 ], [ -46.5113753, -23.4958253 ], [ -46.5112157, -23.4957852 ], [ -46.5110521, -23.4957354 ], [ -46.5108965, -23.4956838 ], [ -46.510749, -23.4956259 ], [ -46.5105921, -23.4955608 ], [ -46.51044790000001, -23.4954919 ], [ -46.5103131, -23.4954224 ], [ -46.5101784, -23.4953468 ], [ -46.5100469, -23.495265 ], [ -46.5099115, -23.4951753 ], [ -46.5097828, -23.4950817 ], [ -46.5096547, -23.4949815 ], [ -46.5095185, -23.4948665 ], [ -46.5093811, -23.4947435 ], [ -46.5091692, -23.4945443 ], [ -46.507869, -23.4932836 ], [ -46.5077543, -23.4931704 ], [ -46.5076337, -23.4930474 ], [ -46.5075344, -23.4929386 ], [ -46.5074366, -23.4928261 ], [ -46.5073312, -23.4926951 ], [ -46.5072407, -23.4925721 ], [ -46.5071602, -23.4924552 ], [ -46.5070918, -23.4923488 ], [ -46.5070215, -23.4922295 ], [ -46.5069597, -23.4921195 ], [ -46.5069014, -23.492005 ], [ -46.5068438, -23.4918814 ], [ -46.5067955, -23.4917689 ], [ -46.5067459, -23.4916416 ], [ -46.5067003, -23.4915076 ], [ -46.5066573, -23.4913667 ], [ -46.506607, -23.4911797 ], [ -46.5056234, -23.4872498 ], [ -46.5055333, -23.4869185 ], [ -46.5054493, -23.486629 ], [ -46.5053532, -23.4863295 ], [ -46.5052372, -23.4859974 ], [ -46.5051178, -23.4856847 ], [ -46.5049972, -23.4853889 ], [ -46.5048399, -23.4850339 ], [ -46.5047109, -23.4847658 ], [ -46.5045691, -23.484483 ], [ -46.5044335, -23.4842267 ], [ -46.5042827, -23.4839591 ], [ -46.5041422, -23.4837209 ], [ -46.5039937, -23.483485 ], [ -46.5038547, -23.4832697 ], [ -46.5036942, -23.4830315 ], [ -46.5035325, -23.4828037 ], [ -46.499693, -23.4776439 ], [ -46.49956, -23.4774717 ], [ -46.4994399, -23.4773186 ], [ -46.4993233, -23.4771742 ], [ -46.4991952, -23.4770186 ], [ -46.4990779, -23.4768803 ], [ -46.4989566, -23.4767396 ], [ -46.4988179, -23.4765847 ], [ -46.4986779, -23.4764348 ], [ -46.4985406, -23.4762933 ], [ -46.4983815, -23.4761315 ], [ -46.498213, -23.4759684 ], [ -46.4980715, -23.4758353 ], [ -46.4979249, -23.4757036 ], [ -46.4977837, -23.4755805 ], [ -46.4976446, -23.4754632 ], [ -46.4975042, -23.4753477 ], [ -46.4973667, -23.4752396 ], [ -46.4972151, -23.4751241 ], [ -46.4970742, -23.4750193 ], [ -46.4969119, -23.4749021 ], [ -46.4967628, -23.4747973 ], [ -46.4966029, -23.4746897 ], [ -46.4964541, -23.4745934 ], [ -46.4963091, -23.474503 ], [ -46.4961575, -23.4744123 ], [ -46.4960054, -23.4743238 ], [ -46.4958379, -23.47423 ], [ -46.4956755, -23.4741425 ], [ -46.4955047, -23.4740538 ], [ -46.4947528, -23.4736768 ], [ -46.4945626, -23.4735793 ], [ -46.4943986, -23.4734923 ], [ -46.494259, -23.4734147 ], [ -46.4941259, -23.4733373 ], [ -46.4939881, -23.4732537 ], [ -46.4938482, -23.4731643 ], [ -46.4937076, -23.4730711 ], [ -46.4935666, -23.4729739 ], [ -46.4934376, -23.4728805 ], [ -46.4933101, -23.4727811 ], [ -46.4931717, -23.4726662 ], [ -46.4930528, -23.4725636 ], [ -46.4929344, -23.4724556 ], [ -46.4928188, -23.4723446 ], [ -46.4927099, -23.4722352 ], [ -46.4925959, -23.4721152 ], [ -46.4924906, -23.4719984 ], [ -46.4923919, -23.4718841 ], [ -46.4922999, -23.4717747 ], [ -46.4921925, -23.4716404 ], [ -46.4920995, -23.4715184 ], [ -46.4919888, -23.4713677 ], [ -46.4918928, -23.4712304 ], [ -46.4918029, -23.4710937 ], [ -46.4917067, -23.4709391 ], [ -46.4916189, -23.4707883 ], [ -46.4915371, -23.4706407 ], [ -46.4914617, -23.4704943 ], [ -46.4913801, -23.4703276 ], [ -46.4913011, -23.4701521 ], [ -46.4912372, -23.4699996 ], [ -46.4911725, -23.4698361 ], [ -46.4911127, -23.4696657 ], [ -46.4910606, -23.4695064 ], [ -46.4910134, -23.4693455 ], [ -46.4909662, -23.4691722 ], [ -46.4909187, -23.4689799 ], [ -46.4908828, -23.4688228 ], [ -46.4908504, -23.46867 ], [ -46.4892947, -23.4614701 ], [ -46.4892505, -23.4612634 ], [ -46.4892096, -23.461069 ], [ -46.4891794, -23.460914 ], [ -46.4891514, -23.4607531 ], [ -46.4891266, -23.4605984 ], [ -46.4891087, -23.4604627 ], [ -46.4890934, -23.4603141 ], [ -46.4890816, -23.4601719 ], [ -46.4890726, -23.4600317 ], [ -46.4890675, -23.4598708 ], [ -46.4890643, -23.4596969 ], [ -46.4890672, -23.4595418 ], [ -46.4890738, -23.4593792 ], [ -46.4890831, -23.4592203 ], [ -46.489099, -23.4590522 ], [ -46.489117, -23.458901 ], [ -46.4891389, -23.4587449 ], [ -46.4891654, -23.4585904 ], [ -46.4891932, -23.4584478 ], [ -46.4892291, -23.4582811 ], [ -46.489267, -23.4581236 ], [ -46.4893085, -23.4579704 ], [ -46.4893549, -23.4578167 ], [ -46.4894068, -23.4576598 ], [ -46.4894602, -23.4575078 ], [ -46.4895228, -23.4573442 ], [ -46.4895948, -23.4571624 ], [ -46.4896726, -23.4569744 ], [ -46.4897545, -23.4567801 ], [ -46.4926506, -23.4499316 ], [ -46.49272770000001, -23.4497446 ], [ -46.4927767, -23.4496191 ], [ -46.4928176, -23.4495093 ], [ -46.4929691, -23.4490968 ], [ -46.4930261, -23.4489424 ], [ -46.4930865, -23.4487855 ], [ -46.4931488, -23.4486317 ], [ -46.4932092, -23.4484859 ], [ -46.4945388, -23.4453294 ], [ -46.4946354, -23.4450914 ], [ -46.4947039, -23.4449133 ], [ -46.4947635, -23.4447461 ], [ -46.4948165, -23.4445857 ], [ -46.4948668, -23.4444171 ], [ -46.4949144, -23.4442418 ], [ -46.4949506, -23.4440932 ], [ -46.4949888, -23.443917 ], [ -46.4950244, -23.4437336 ], [ -46.4950552, -23.4435454 ], [ -46.495078, -23.443379 ], [ -46.4950981, -23.4431824 ], [ -46.4951139, -23.4429886 ], [ -46.4951202, -23.4428367 ], [ -46.4951243, -23.442654 ], [ -46.4951216, -23.4424404 ], [ -46.4951129, -23.4422327 ], [ -46.4950987, -23.4420501 ], [ -46.4950807, -23.4418671 ], [ -46.4950666, -23.4417345 ], [ -46.4950392, -23.4415195 ], [ -46.4941034, -23.4351946 ], [ -46.4939916, -23.43445 ], [ -46.4936567, -23.4320954 ], [ -46.4933728, -23.4301703 ], [ -46.4933426, -23.4299734 ], [ -46.4933084, -23.4297386 ], [ -46.4932783, -23.4295286 ], [ -46.4928108, -23.4263642 ] ] ] } },
{ "type": "Feature", "properties": { "fid": 57, "Name": "Linha 13 Exp. Aeroporto > AGU\n", "description": "Palmeiras Barra-Funda > Aeroporto-Guarulhos • 27.3km • 2 estações • 28min • 15mil pass/d • ATO GoA2/ATP • Headway: 1h", "Status_Obra": "Construído", "Modal": "Trem", "N_Linha": 13, "data_abertura": "2018-10-16" }, "geometry": { "type": "MultiLineString", "coordinates": [ [ [ -46.635298080675021, -23.535059208207667 ], [ -46.6335532, -23.535509 ], [ -46.6333407, -23.5355656 ], [ -46.6331583, -23.535616 ], [ -46.6329967, -23.5356633 ], [ -46.6326453, -23.5357672 ], [ -46.6324897, -23.5358103 ], [ -46.6305619, -23.5363427 ], [ -46.6304479, -23.536374 ], [ -46.6303178, -23.5364078 ], [ -46.630175, -23.5364447 ], [ -46.6300147, -23.5364834 ], [ -46.6298491, -23.5365246 ], [ -46.6292738, -23.5366605 ], [ -46.6291068, -23.5367011 ], [ -46.6289311, -23.5367447 ], [ -46.6287413, -23.5367927 ], [ -46.6256897, -23.5375808 ], [ -46.6255113, -23.5376287 ], [ -46.6251371, -23.537732 ], [ -46.6249903, -23.5377763 ], [ -46.6248615, -23.5378156 ], [ -46.6242949, -23.5379994 ], [ -46.6241239, -23.538056 ], [ -46.6239657, -23.5381119 ], [ -46.6238195, -23.5381654 ], [ -46.623676, -23.5382214 ], [ -46.6235231, -23.5382847 ], [ -46.6233856, -23.5383449 ], [ -46.6232582, -23.5384046 ], [ -46.6231087, -23.5384777 ], [ -46.6229672, -23.5385509 ], [ -46.6228324, -23.5386228 ], [ -46.6227064, -23.5386923 ], [ -46.6223201, -23.538909300000011 ], [ -46.6221793, -23.5389923 ], [ -46.6220231, -23.5390845 ], [ -46.6218742, -23.5391736 ], [ -46.6217468, -23.5392511 ], [ -46.6216214, -23.5393328 ], [ -46.6214886, -23.5394214 ], [ -46.6213485, -23.539516 ], [ -46.6212144, -23.5396101 ], [ -46.6210923, -23.5396986 ], [ -46.6209502, -23.5398037 ], [ -46.6208161, -23.5399058 ], [ -46.620692, -23.5400035 ], [ -46.6205593, -23.5401124 ], [ -46.6204533, -23.5402021 ], [ -46.6203474, -23.5402949 ], [ -46.620234, -23.5404001 ], [ -46.6201335, -23.5404978 ], [ -46.6200416, -23.5405919 ], [ -46.6199336, -23.540705 ], [ -46.6198149, -23.5408292 ], [ -46.6195856, -23.541075 ], [ -46.6194542, -23.5412152 ], [ -46.6193368, -23.5413431 ], [ -46.6192296, -23.541466 ], [ -46.6191068, -23.5416093 ], [ -46.61897470000001, -23.5417679 ], [ -46.6187515, -23.5420476 ], [ -46.6185691, -23.5422873 ], [ -46.6184276, -23.5424754 ], [ -46.6183458, -23.5425812 ], [ -46.6182599, -23.5426881 ], [ -46.6181594, -23.5428019 ], [ -46.6180661, -23.5429027 ], [ -46.617922, -23.5430582 ], [ -46.61782740000001, -23.543167 ], [ -46.6177443, -23.5432678 ], [ -46.6176477, -23.5433975 ], [ -46.6175693, -23.5435076 ], [ -46.61748080000001, -23.5436373 ], [ -46.6169946, -23.544343 ], [ -46.6169155, -23.544453 ], [ -46.6162436, -23.5454298 ], [ -46.6161504, -23.545565100000012 ], [ -46.6160753, -23.5456622 ], [ -46.6159915, -23.5457649 ], [ -46.6159016, -23.5458644 ], [ -46.6157849, -23.5459874 ], [ -46.6156683, -23.5461097 ], [ -46.6155603, -23.5462161 ], [ -46.6154678, -23.546296 ], [ -46.6153799, -23.5463648 ], [ -46.6152733, -23.5464386 ], [ -46.6151627, -23.5465111 ], [ -46.6143915, -23.5469998 ], [ -46.6142755, -23.5470668 ], [ -46.6141669, -23.5471228 ], [ -46.6140663, -23.547167 ], [ -46.6139771, -23.5472002 ], [ -46.6138806, -23.547231 ], [ -46.6137934, -23.5472537 ], [ -46.6136975, -23.547274 ], [ -46.6136123, -23.5472887 ], [ -46.6135218, -23.5472998 ], [ -46.6134306, -23.547306 ], [ -46.6133481, -23.5473084 ], [ -46.613265, -23.5473066 ], [ -46.6131691, -23.5473004 ], [ -46.6130611, -23.5472887 ], [ -46.6129492, -23.5472715 ], [ -46.6128238, -23.5472482 ], [ -46.611085, -23.5469002 ], [ -46.610798, -23.5468437 ], [ -46.6105265, -23.5467896 ], [ -46.6100422, -23.546692 ], [ -46.609898, -23.5466606 ], [ -46.60976860000001, -23.5466293 ], [ -46.6095339, -23.5465672 ], [ -46.6094367, -23.546542 ], [ -46.6093388, -23.5465192 ], [ -46.6092255, -23.546494 ], [ -46.609078, -23.5464639 ], [ -46.6089438, -23.5464356 ], [ -46.6088245, -23.5464067 ], [ -46.6085737, -23.5463416 ], [ -46.6084537, -23.5463121 ], [ -46.6083196, -23.5462819 ], [ -46.6082009, -23.5462555 ], [ -46.6080701, -23.5462266 ], [ -46.6079293, -23.5461971 ], [ -46.6071163, -23.5460351 ], [ -46.5977843, -23.5441876 ], [ -46.5967342, -23.5439762 ], [ -46.5912458, -23.5428908 ], [ -46.5902782, -23.5427054 ], [ -46.5751187, -23.5397065 ], [ -46.574849, -23.5396518 ], [ -46.5744896, -23.5395786 ], [ -46.571914, -23.539051799999989 ], [ -46.5712508, -23.5389202 ], [ -46.5708847, -23.5388495 ], [ -46.5705165, -23.538782 ], [ -46.5701384, -23.5387106 ], [ -46.5698145, -23.5386467 ], [ -46.5695047, -23.5385846 ], [ -46.5692291, -23.5385317 ], [ -46.5689495, -23.5384764 ], [ -46.562466, -23.5371933 ], [ -46.5622307, -23.5371465 ], [ -46.561019, -23.5368896 ], [ -46.5608178, -23.5368478 ], [ -46.5606495, -23.5368146 ], [ -46.5587404, -23.5364359 ], [ -46.558542, -23.5363965 ], [ -46.5583656, -23.5363633 ], [ -46.5582006, -23.5363338 ], [ -46.5579975, -23.5362994 ], [ -46.5575106, -23.5362176 ], [ -46.5573128, -23.536182 ], [ -46.5570875, -23.5361377 ], [ -46.5565953, -23.5360393 ], [ -46.5564371, -23.5360049 ], [ -46.5562762, -23.5359668 ], [ -46.556136, -23.5359293 ], [ -46.5560059, -23.5358893 ], [ -46.5558892, -23.5358481 ], [ -46.5557571, -23.5357959 ], [ -46.5556552, -23.5357492 ], [ -46.5555426, -23.5356908 ], [ -46.5554319, -23.5356287 ], [ -46.55533, -23.5355629 ], [ -46.5552355, -23.5354971 ], [ -46.5551396, -23.5354246 ], [ -46.5550625, -23.5353594 ], [ -46.5549753, -23.5352807 ], [ -46.5548854, -23.5351922 ], [ -46.5548144, -23.5351129 ], [ -46.554746, -23.5350323 ], [ -46.5546715, -23.534934 ], [ -46.5545964, -23.5348264 ], [ -46.55453, -23.5347194 ], [ -46.5544697, -23.5346155 ], [ -46.5543959, -23.5344827 ], [ -46.5543376, -23.5343708 ], [ -46.5538421, -23.5334087 ], [ -46.5537753, -23.5332776 ], [ -46.5537156, -23.5331442 ], [ -46.5536519, -23.5329967 ], [ -46.5535989, -23.5328522 ], [ -46.5535627, -23.5327409 ], [ -46.5535305, -23.5326302 ], [ -46.5535023, -23.5325134 ], [ -46.5534789, -23.5324071 ], [ -46.5534588, -23.5322804 ], [ -46.5534427, -23.5321599 ], [ -46.5534279, -23.5320265 ], [ -46.5534179, -23.5318962 ], [ -46.5534118, -23.5317818 ], [ -46.5534065, -23.5316466 ], [ -46.5534038, -23.5315046 ], [ -46.55340240000001, -23.5313798 ], [ -46.5533622, -23.5259209 ], [ -46.5533588, -23.5257709 ], [ -46.5533521, -23.5256381 ], [ -46.5533421, -23.5254961 ], [ -46.5533314, -23.5253842 ], [ -46.5533132, -23.5252348 ], [ -46.5532931, -23.52511 ], [ -46.5532703, -23.5249969 ], [ -46.5532415, -23.524877 ], [ -46.553212, -23.5247743 ], [ -46.5531738, -23.5246562 ], [ -46.5531376, -23.5245566 ], [ -46.5530946, -23.524446 ], [ -46.5530504, -23.5243451 ], [ -46.5529974, -23.5242326 ], [ -46.5529411, -23.5241207 ], [ -46.5528794, -23.5240095 ], [ -46.552811, -23.5238871 ], [ -46.5527453, -23.5237752 ], [ -46.5514719, -23.521694 ], [ -46.5513861, -23.5215507 ], [ -46.5513163, -23.5214278 ], [ -46.5512365, -23.5212802 ], [ -46.5511742, -23.5211523 ], [ -46.5511219, -23.5210386 ], [ -46.5510615, -23.5208947 ], [ -46.5510213, -23.520789 ], [ -46.55097640000001, -23.5206512 ], [ -46.5509422, -23.5205369 ], [ -46.5509107, -23.5204096 ], [ -46.5508838, -23.520290899999988 ], [ -46.5508604, -23.5201643 ], [ -46.5508443, -23.5200536 ], [ -46.5508289, -23.5199257 ], [ -46.5508188, -23.519796 ], [ -46.5508087, -23.5196472 ], [ -46.5508027, -23.5195064 ], [ -46.5507987, -23.5193896 ], [ -46.550736, -23.5170409 ], [ -46.5507347, -23.516881 ], [ -46.5507367, -23.5167599 ], [ -46.5507414, -23.5166382 ], [ -46.5507488, -23.5165152 ], [ -46.5507629, -23.516399 ], [ -46.5507796, -23.5162852 ], [ -46.5508004, -23.5161776 ], [ -46.5508279, -23.5160614 ], [ -46.5508608, -23.515944 ], [ -46.5508923, -23.5158518 ], [ -46.55093320000001, -23.5157435 ], [ -46.5509875, -23.5156163 ], [ -46.5510432, -23.5155007 ], [ -46.5511102, -23.5153728 ], [ -46.5511867, -23.5152363 ], [ -46.5513167, -23.5150143 ], [ -46.5521187, -23.5136954 ], [ -46.5521958, -23.5135644 ], [ -46.5522528, -23.5134648 ], [ -46.5523118, -23.5133572 ], [ -46.5523688, -23.5132379 ], [ -46.5524191, -23.5131217 ], [ -46.5524587, -23.5130147 ], [ -46.5524996, -23.512885 ], [ -46.5525325, -23.5127627 ], [ -46.5525599, -23.5126255 ], [ -46.5525781, -23.5125112 ], [ -46.5525921, -23.5123876 ], [ -46.5525995, -23.5122695 ], [ -46.5526009, -23.5121367 ], [ -46.5525948, -23.5120137 ], [ -46.5525834, -23.5118711 ], [ -46.5525646, -23.5117475 ], [ -46.5525405, -23.511622 ], [ -46.552509, -23.5115003 ], [ -46.5524688, -23.5113656 ], [ -46.5524292, -23.5112525 ], [ -46.5523796, -23.5111351 ], [ -46.552332, -23.5110367 ], [ -46.5522703, -23.5109149 ], [ -46.5522099, -23.5108092 ], [ -46.5521335, -23.5106936 ], [ -46.5520644, -23.5105977 ], [ -46.5519927, -23.5105042 ], [ -46.5519249, -23.5104236 ], [ -46.5518425, -23.5103351 ], [ -46.5517687, -23.510261899999989 ], [ -46.5516815, -23.5101801 ], [ -46.5516017, -23.5101125 ], [ -46.5515219, -23.5100486 ], [ -46.5514234, -23.5099754 ], [ -46.5513328, -23.509912 ], [ -46.551253, -23.5098586 ], [ -46.5508286, -23.50958 ], [ -46.5507112, -23.5095056 ], [ -46.5505798, -23.5094232 ], [ -46.5504779, -23.5093642 ], [ -46.5503753, -23.5093088 ], [ -46.5502707, -23.5092584 ], [ -46.5501708, -23.5092135 ], [ -46.5500722, -23.5091742 ], [ -46.5499595, -23.5091336 ], [ -46.5498388, -23.5090949 ], [ -46.54972020000001, -23.5090617 ], [ -46.5496042, -23.5090334 ], [ -46.5494714, -23.5090063 ], [ -46.5493473, -23.5089866 ], [ -46.5492132, -23.50897 ], [ -46.5490798, -23.5089584 ], [ -46.5489571, -23.5089528 ], [ -46.548833, -23.5089522 ], [ -46.5487009, -23.5089559 ], [ -46.5485802, -23.5089614 ], [ -46.5484488, -23.5089706 ], [ -46.5462789, -23.5091385 ], [ -46.5461233, -23.5091508 ], [ -46.5459765, -23.5091619 ], [ -46.545833, -23.5091686 ], [ -46.5457036, -23.5091736 ], [ -46.5455715, -23.5091754 ], [ -46.5454407, -23.509172899999989 ], [ -46.545326, -23.5091674 ], [ -46.5452187, -23.5091576 ], [ -46.5451222, -23.5091459 ], [ -46.5450001, -23.5091281 ], [ -46.5448848, -23.5091047 ], [ -46.5447862, -23.5090807 ], [ -46.544685, -23.5090537 ], [ -46.5445857, -23.5090229 ], [ -46.5444865, -23.5089885 ], [ -46.544392, -23.5089522 ], [ -46.5442927, -23.5089104 ], [ -46.5441968, -23.5088649 ], [ -46.5441063, -23.5088182 ], [ -46.5439936, -23.5087548 ], [ -46.5438931, -23.5086927 ], [ -46.5438039, -23.5086318 ], [ -46.5437174, -23.5085673 ], [ -46.5436269, -23.5084972 ], [ -46.543539, -23.5084215 ], [ -46.5434545, -23.5083422 ], [ -46.5433627, -23.50825 ], [ -46.5432876, -23.5081676 ], [ -46.5432245, -23.5080969 ], [ -46.5431353, -23.5079923 ], [ -46.5423669, -23.5070496 ], [ -46.5422703, -23.5069352 ], [ -46.5421711, -23.5068251 ], [ -46.5420719, -23.5067181 ], [ -46.5419787, -23.5066216 ], [ -46.5418828, -23.5065269 ], [ -46.5417842, -23.5064316 ], [ -46.5416809, -23.5063394 ], [ -46.541583, -23.5062533 ], [ -46.5414737, -23.5061616 ], [ -46.541353, -23.5060645 ], [ -46.5412317, -23.5059716 ], [ -46.5411177, -23.5058892 ], [ -46.5409956, -23.5058044 ], [ -46.5408857, -23.5057324 ], [ -46.5407656, -23.505655 ], [ -46.5406302, -23.5055726 ], [ -46.5405014, -23.5054963 ], [ -46.5403532, -23.5054102 ], [ -46.5314733, -23.5002332 ], [ -46.5312815, -23.5001238 ], [ -46.5311272, -23.5000389 ], [ -46.5309938, -23.4999707 ], [ -46.5308785, -23.4999159 ], [ -46.5307605, -23.4998661 ], [ -46.5306149, -23.499810799999988 ], [ -46.5304835, -23.4997677 ], [ -46.5303414, -23.4997271 ], [ -46.5301918, -23.4996915 ], [ -46.5300604, -23.499665 ], [ -46.5299115, -23.4996404 ], [ -46.5297701, -23.4996226 ], [ -46.5296373, -23.4996109 ], [ -46.5295005, -23.4996041 ], [ -46.5293744, -23.4996011 ], [ -46.5292276, -23.4996023 ], [ -46.5290653, -23.499606 ], [ -46.5277336, -23.4996613 ] ] ] } },
{ "type": "Feature", "properties": { "fid": 58, "Name": "Linha 13 Exp. Aeroporto > BFU\n", "description": "Aeroporto-Guarulhos > Palmeiras Barra-Funda • 27.3km • 4 estações • 30min • 15mil pass/d • ATO GoA2/ATP • Headway: 1h", "Status_Obra": "Construído", "Modal": "Trem", "N_Linha": 13, "data_abertura": "2018-10-16" }, "geometry": { "type": "MultiLineString", "coordinates": [ [ [ -46.5277336, -23.4996613 ], [ -46.5278634, -23.4996573 ], [ -46.5279797, -23.4996561 ], [ -46.5280874, -23.4996568 ], [ -46.5282222, -23.4996617 ], [ -46.528426, -23.4996715 ], [ -46.5285286, -23.4996733 ], [ -46.5286272, -23.4996727 ], [ -46.5287405, -23.4996715 ], [ -46.5288457, -23.4996678 ], [ -46.5290617, -23.499659799999989 ], [ -46.5292325, -23.4996558 ], [ -46.5293887, -23.4996558 ], [ -46.5295315, -23.4996601 ], [ -46.5296569, -23.4996675 ], [ -46.529781, -23.4996798 ], [ -46.5299091, -23.4996951 ], [ -46.5300479, -23.4997173 ], [ -46.5301585, -23.4997394 ], [ -46.5302812, -23.4997683 ], [ -46.5304214, -23.4998065 ], [ -46.5305447, -23.4998446 ], [ -46.5306789, -23.4998938 ], [ -46.5307949, -23.4999399 ], [ -46.5309021, -23.4999879 ], [ -46.5310289, -23.5000494 ], [ -46.5311596, -23.5001182 ], [ -46.5312931, -23.5001932 ], [ -46.540434, -23.5055209 ], [ -46.540662, -23.5056562 ], [ -46.5408531, -23.5057761 ], [ -46.5409966, -23.5058727 ], [ -46.5411173, -23.5059575 ], [ -46.5412293, -23.5060393 ], [ -46.5413259, -23.5061156 ], [ -46.5414392, -23.5062047 ], [ -46.5415519, -23.5062976 ], [ -46.5416571, -23.5063886 ], [ -46.5417664, -23.5064882 ], [ -46.5418657, -23.506586 ], [ -46.5419669, -23.506688 ], [ -46.5420648, -23.5067907 ], [ -46.5421755, -23.5069125 ], [ -46.542264, -23.5070152 ], [ -46.5423572, -23.5071265 ], [ -46.5424504, -23.5072451 ], [ -46.5430103, -23.507932 ], [ -46.5430901, -23.5080273 ], [ -46.5431659, -23.5081158 ], [ -46.543237, -23.5081958 ], [ -46.5433261, -23.5082905 ], [ -46.5434106, -23.5083735 ], [ -46.5434945, -23.5084528 ], [ -46.5435883, -23.5085352 ], [ -46.5436876, -23.5086133 ], [ -46.5437882, -23.5086859 ], [ -46.5438995, -23.5087584 ], [ -46.5439967, -23.5088181 ], [ -46.5440859, -23.5088672 ], [ -46.5441824, -23.5089152 ], [ -46.5443112, -23.5089742 ], [ -46.5444272, -23.509021 ], [ -46.5445392, -23.5090616 ], [ -46.5446619, -23.5091009 ], [ -46.5447806, -23.5091335 ], [ -46.5449006, -23.5091624 ], [ -46.5450233, -23.5091858 ], [ -46.5451487, -23.5092048 ], [ -46.5452868, -23.5092196 ], [ -46.5454357, -23.5092276 ], [ -46.5455852, -23.5092307 ], [ -46.5457254, -23.5092288 ], [ -46.5458823, -23.509222 ], [ -46.5460285, -23.5092147 ], [ -46.546178, -23.5092036 ], [ -46.5481939, -23.509045499999988 ], [ -46.548379, -23.5090314 ], [ -46.5485265, -23.5090209 ], [ -46.5486566, -23.5090129 ], [ -46.5487746, -23.5090092 ], [ -46.5489047, -23.509008 ], [ -46.5490221, -23.5090099 ], [ -46.5491394, -23.509016 ], [ -46.5492635, -23.5090277 ], [ -46.5493828, -23.5090437 ], [ -46.5494975, -23.509064 ], [ -46.5496102, -23.5090873 ], [ -46.5497235, -23.5091162 ], [ -46.5498308, -23.5091476 ], [ -46.5499434, -23.5091845 ], [ -46.5500514, -23.5092245 ], [ -46.5501667, -23.5092718 ], [ -46.5502847, -23.5093265 ], [ -46.5503981, -23.5093849 ], [ -46.5505047, -23.5094464 ], [ -46.5506173, -23.5095165 ], [ -46.5507206, -23.5095817 ], [ -46.5512275, -23.5099144 ], [ -46.5513294, -23.5099851 ], [ -46.5514233, -23.5100521 ], [ -46.5515179, -23.5101228 ], [ -46.5516077, -23.5101972 ], [ -46.5516942, -23.5102765 ], [ -46.5517754, -23.5103534 ], [ -46.5518498, -23.5104315 ], [ -46.5519189, -23.5105102 ], [ -46.5519852, -23.510592 ], [ -46.5520523, -23.5106793 ], [ -46.552114, -23.5107684 ], [ -46.5521723, -23.5108631 ], [ -46.5522266, -23.5109627 ], [ -46.5522756, -23.511055 ], [ -46.5523212, -23.5111521 ], [ -46.5523614, -23.5112499 ], [ -46.5523983, -23.511347 ], [ -46.5524305, -23.5114436 ], [ -46.5524613, -23.5115506 ], [ -46.5524868, -23.5116545 ], [ -46.5525076, -23.5117664 ], [ -46.5525224, -23.5118765 ], [ -46.5525338, -23.5119939 ], [ -46.5525391, -23.5121132 ], [ -46.5525391, -23.5122263 ], [ -46.5525344, -23.5123395 ], [ -46.5525244, -23.5124612 ], [ -46.5525056, -23.5125873 ], [ -46.5524828, -23.5127072 ], [ -46.5524553, -23.5128234 ], [ -46.5524184, -23.5129494 ], [ -46.5523769, -23.5130669 ], [ -46.5523292, -23.5131862 ], [ -46.552283, -23.5132876 ], [ -46.5522253, -23.5134014 ], [ -46.5521589, -23.5135219 ], [ -46.5520986, -23.5136252 ], [ -46.5520282, -23.5137383 ], [ -46.5512576, -23.5149928 ], [ -46.5511517, -23.5151699 ], [ -46.5510752, -23.5153052 ], [ -46.5510135, -23.5154232 ], [ -46.5509592, -23.5155351 ], [ -46.5509096, -23.5156495 ], [ -46.550868, -23.515754 ], [ -46.5508291, -23.5158696 ], [ -46.5507949, -23.5159803 ], [ -46.5507668, -23.5160811 ], [ -46.5507446, -23.5161795 ], [ -46.5507252, -23.5162846 ], [ -46.5507084, -23.5163935 ], [ -46.5506957, -23.5165035 ], [ -46.550685, -23.5166142 ], [ -46.5506789, -23.5167335 ], [ -46.5506762, -23.5168651 ], [ -46.5506756, -23.5169825 ], [ -46.5506789, -23.517087 ], [ -46.550739900000011, -23.5193798 ], [ -46.550748, -23.5195882 ], [ -46.550756, -23.5197254 ], [ -46.5507661, -23.5198612 ], [ -46.5507795, -23.5199934 ], [ -46.5507936, -23.5201029 ], [ -46.5508137, -23.5202246 ], [ -46.5508385, -23.520351299999987 ], [ -46.550866, -23.5204718 ], [ -46.5508962, -23.5205824 ], [ -46.5509324, -23.5207023 ], [ -46.5509699, -23.5208149 ], [ -46.5510082, -23.5209175 ], [ -46.5510497, -23.5210178 ], [ -46.5510994, -23.5211309 ], [ -46.5511557, -23.5212452 ], [ -46.551214, -23.5213602 ], [ -46.5512797, -23.5214789 ], [ -46.5513408, -23.5215846 ], [ -46.5514051, -23.5216922 ], [ -46.5526278, -23.5236928 ], [ -46.5526915, -23.523798 ], [ -46.5527746, -23.5239406 ], [ -46.5528497, -23.5240789 ], [ -46.5529121, -23.524198800000011 ], [ -46.5529657, -23.5243077 ], [ -46.553014, -23.5244159 ], [ -46.5530643, -23.5245339 ], [ -46.5531039, -23.5246397 ], [ -46.55314280000001, -23.5247552 ], [ -46.5531716, -23.524856100000012 ], [ -46.5531971, -23.5249569 ], [ -46.5532226, -23.5250688 ], [ -46.5532433, -23.5251838 ], [ -46.5532581, -23.5252895 ], [ -46.5532702, -23.525394 ], [ -46.5532809, -23.5255078 ], [ -46.5532896, -23.5256314 ], [ -46.5532943, -23.5257512 ], [ -46.5532983, -23.5258933 ], [ -46.5533347, -23.5312818 ], [ -46.5533381, -23.5314417 ], [ -46.5533408, -23.5315954 ], [ -46.5533454, -23.5317478 ], [ -46.5533535, -23.5318978 ], [ -46.5533629, -23.532038 ], [ -46.5533763, -23.5321745 ], [ -46.5533917, -23.5322975 ], [ -46.5534105, -23.5324106 ], [ -46.5534366, -23.5325341 ], [ -46.5534675, -23.5326596 ], [ -46.5535003, -23.5327678 ], [ -46.5535406, -23.5328846 ], [ -46.5535788, -23.5329836 ], [ -46.5536284, -23.5330985 ], [ -46.5536868, -23.533227 ], [ -46.5537417, -23.5333444 ], [ -46.5538008, -23.5334582 ], [ -46.5542567, -23.534341 ], [ -46.5543164, -23.5344559 ], [ -46.5543861, -23.5345826 ], [ -46.5544532, -23.5346988 ], [ -46.5545223, -23.5348113 ], [ -46.5545907, -23.5349152 ], [ -46.55466040000001, -23.535011699999988 ], [ -46.5547335, -23.5351027 ], [ -46.5548166, -23.5351949 ], [ -46.5549025, -23.5352853 ], [ -46.5549963, -23.5353726 ], [ -46.5550875, -23.5354494 ], [ -46.5551774, -23.5355201 ], [ -46.555288, -23.5355988 ], [ -46.5554101, -23.5356744 ], [ -46.5555234, -23.5357414 ], [ -46.5556461, -23.5358041 ], [ -46.5557601, -23.5358552 ], [ -46.5558754, -23.535901299999988 ], [ -46.5559975, -23.5359455 ], [ -46.5561323, -23.535988 ], [ -46.5562617, -23.5360242 ], [ -46.5563817, -23.5360544 ], [ -46.5565239, -23.5360863 ], [ -46.5566721, -23.5361171 ], [ -46.5574473, -23.5362691 ], [ -46.5576478, -23.5363067 ], [ -46.5581808, -23.5364075 ], [ -46.5584538, -23.53646160000001 ], [ -46.5644478, -23.5376423 ], [ -46.5694358, -23.538632 ], [ -46.5697479, -23.5386922 ], [ -46.5699779, -23.5387352 ], [ -46.5702065, -23.538777 ], [ -46.5708422, -23.5388914 ], [ -46.5710326, -23.538927 ], [ -46.5711902, -23.5389584 ], [ -46.5713726, -23.5389959 ], [ -46.5720814, -23.539136 ], [ -46.5722819, -23.5391797 ], [ -46.5724395, -23.5392153 ], [ -46.5726098, -23.5392559 ], [ -46.5727835, -23.5392977 ], [ -46.572937, -23.5393352 ], [ -46.5730859, -23.5393709 ], [ -46.5741762, -23.5396444 ], [ -46.5744346, -23.5397058 ], [ -46.5746243, -23.5397501 ], [ -46.5748577, -23.5398023 ], [ -46.5750575, -23.5398441 ], [ -46.5753002, -23.5398939 ], [ -46.5776016, -23.5403495 ], [ -46.5778115, -23.5403894 ], [ -46.5780039, -23.5404239 ], [ -46.5781588, -23.5404497 ], [ -46.5783258, -23.5404743 ], [ -46.5785015, -23.5404995 ], [ -46.5792169, -23.5405929 ], [ -46.579392, -23.5406175 ], [ -46.5795509, -23.5406415 ], [ -46.5797044, -23.5406667 ], [ -46.5798667, -23.5406962 ], [ -46.5800109, -23.5407232 ], [ -46.5801423, -23.5407484 ], [ -46.5896174, -23.542629 ], [ -46.6071156, -23.5460885 ], [ -46.6093244, -23.546528 ], [ -46.6094461, -23.5465535 ], [ -46.6095524, -23.5465776 ], [ -46.609652, -23.5466012 ], [ -46.6097774, -23.5466322 ], [ -46.609898, -23.5466606 ], [ -46.6100422, -23.546692 ], [ -46.6111758, -23.5469184 ], [ -46.6112874, -23.5469417 ], [ -46.6113897, -23.5469645 ], [ -46.6115007, -23.5469906 ], [ -46.6116395, -23.5470253 ], [ -46.6120401, -23.5471304 ], [ -46.6121749, -23.547163 ], [ -46.6123043, -23.5471925 ], [ -46.6124337, -23.5472214 ], [ -46.6125544, -23.5472472 ], [ -46.6128356, -23.5473043 ], [ -46.6129822, -23.5473298 ], [ -46.6131036, -23.5473452 ], [ -46.6132102, -23.5473544 ], [ -46.6133108, -23.5473587 ], [ -46.6134154, -23.5473575 ], [ -46.6135267, -23.5473501 ], [ -46.6136407, -23.5473366 ], [ -46.6137453, -23.5473175 ], [ -46.6138439, -23.5472941 ], [ -46.6139411, -23.5472659 ], [ -46.6140457, -23.5472296 ], [ -46.6141456, -23.5471872 ], [ -46.6142348, -23.547146 ], [ -46.6143307, -23.5470944 ], [ -46.6144367, -23.5470323 ], [ -46.6152473, -23.5465203 ], [ -46.615356, -23.5464478 ], [ -46.6154619, -23.5463709 ], [ -46.6155578, -23.5462929 ], [ -46.6156503, -23.5462093 ], [ -46.6157322, -23.5461294 ], [ -46.6158126, -23.5460445 ], [ -46.6159192, -23.5459302 ], [ -46.6160165, -23.5458232 ], [ -46.6161224, -23.5456984 ], [ -46.6162069, -23.5455896 ], [ -46.6162947, -23.5454667 ], [ -46.6163725, -23.5453536 ], [ -46.6169847, -23.5444493 ], [ -46.6170598, -23.5443423 ], [ -46.6175475, -23.5436377 ], [ -46.6176185, -23.5435399 ], [ -46.6176977, -23.5434477 ], [ -46.6177976, -23.5433402 ], [ -46.617929, -23.5432043 ], [ -46.6179934, -23.5431336 ], [ -46.6180752, -23.5430316 ], [ -46.6181516, -23.5429314 ], [ -46.6187162, -23.5421832 ], [ -46.6188282, -23.5420375 ], [ -46.6189617, -23.5418703 ], [ -46.6190871, -23.5417166 ], [ -46.6191964, -23.5415882 ], [ -46.6193177, -23.5414468 ], [ -46.6194411, -23.5413109 ], [ -46.6195752, -23.5411628 ], [ -46.6196637, -23.5410675 ], [ -46.6200741, -23.5406359 ], [ -46.6201921, -23.5405142 ], [ -46.6203309, -23.5403814 ], [ -46.6204489, -23.5402732 ], [ -46.6205783, -23.5401638 ], [ -46.6207118, -23.5400544 ], [ -46.6208586, -23.5399388 ], [ -46.6210142, -23.539822 ], [ -46.6211657, -23.5397095 ], [ -46.62133, -23.5395927 ], [ -46.6215238, -23.5394599 ], [ -46.6217129, -23.539337 ], [ -46.6218919, -23.5392239 ], [ -46.6220965, -23.5391015 ], [ -46.6222842, -23.5389915 ], [ -46.6224706, -23.5388888 ], [ -46.6226886, -23.538772 ], [ -46.622881, -23.538671799999989 ], [ -46.6230735, -23.5385716 ], [ -46.6232807, -23.5384665 ], [ -46.6234905, -23.5383669 ], [ -46.6236937, -23.5382777 ], [ -46.6238935, -23.5381972 ], [ -46.6241028, -23.5381204 ], [ -46.6243321, -23.5380441 ], [ -46.6245265, -23.5379833 ], [ -46.6249806, -23.5378475 ], [ -46.6251516, -23.537799 ], [ -46.6253433, -23.5377473 ], [ -46.6318589, -23.5360706 ], [ -46.632062, -23.5360177 ], [ -46.6322458, -23.5359667 ], [ -46.6324288, -23.5359107 ], [ -46.6325851, -23.5358591 ], [ -46.6330102, -23.5357195 ], [ -46.6332006, -23.5356611 ], [ -46.6333642, -23.5356138 ], [ -46.6335403, -23.5355658 ], [ -46.6337196, -23.5355191 ], [ -46.635314331458801, -23.535108976242228 ] ] ] } },
{ "type": "Feature", "properties": { "fid": 59, "Name": "Linha 1 - Azul > TUC", "description": "Jabaquara > Tucuruvi • 20.4km • 23 estações • 36min • 1 087mil pass/d (MDU 2025) • 1 175mil pass/d (Dez/2024) • CBTC GoA2+ • Headway: 132s • 58 trens", "Status_Obra": "Construído", "Modal": "Metrô", "N_Linha": 1, "data_abertura": "1974-09-14" }, "geometry": { "type": "MultiLineString", "coordinates": [ [ [ -46.6409079, -23.6474821 ], [ -46.6409077, -23.6473275 ], [ -46.6409104, -23.647206 ], [ -46.640916, -23.6470882 ], [ -46.6409256, -23.6469667 ], [ -46.6409356, -23.6468555 ], [ -46.641397, -23.6422603 ], [ -46.6414117, -23.6421015 ], [ -46.6414262, -23.641928 ], [ -46.6414362, -23.6417599 ], [ -46.641443, -23.6415982 ], [ -46.6414453, -23.6414319 ], [ -46.6414456, -23.6412625 ], [ -46.6414421, -23.641101 ], [ -46.6414369, -23.6409398 ], [ -46.641429, -23.6407789 ], [ -46.641162, -23.6362507 ], [ -46.6411536, -23.636096899999988 ], [ -46.6411471, -23.6359515 ], [ -46.6411428, -23.6358181 ], [ -46.6411413, -23.6356748 ], [ -46.6411411, -23.6355357 ], [ -46.6411452, -23.6353972 ], [ -46.6411516, -23.6352722 ], [ -46.6411617, -23.6351386 ], [ -46.6411751, -23.6350012 ], [ -46.6411922, -23.6348643 ], [ -46.6412152, -23.6347113 ], [ -46.6412377, -23.6345774 ], [ -46.641265, -23.6344348 ], [ -46.6412991, -23.6342767 ], [ -46.6414285, -23.6337222 ], [ -46.64146190000001, -23.6335691 ], [ -46.6414939, -23.633406799999989 ], [ -46.641522, -23.6332339 ], [ -46.6415425, -23.6330858 ], [ -46.6415592, -23.6329429 ], [ -46.6415733, -23.6327958 ], [ -46.6415851, -23.6326327 ], [ -46.6415915, -23.6324868 ], [ -46.6415939, -23.6323379 ], [ -46.6415931, -23.6321788 ], [ -46.6415884, -23.6320231 ], [ -46.6415805, -23.6318547 ], [ -46.6415713, -23.6317049 ], [ -46.6414111, -23.6293175 ], [ -46.6414011, -23.6291878 ], [ -46.6413894, -23.6290525 ], [ -46.6413748, -23.628896 ], [ -46.6413565, -23.6287189 ], [ -46.6413342, -23.6285366 ], [ -46.6413093, -23.6283545 ], [ -46.6412844, -23.6281795 ], [ -46.6412584, -23.6280098 ], [ -46.6412307, -23.6278371 ], [ -46.6411961, -23.6276377 ], [ -46.641156, -23.6274244 ], [ -46.64111470000001, -23.627215 ], [ -46.6410734, -23.627016 ], [ -46.6410179, -23.6267567 ], [ -46.6382122, -23.6139627 ], [ -46.6381712, -23.6137711 ], [ -46.6381354, -23.6135984 ], [ -46.6380989, -23.6134082 ], [ -46.6380651, -23.6132187 ], [ -46.63803630000001, -23.6130456 ], [ -46.6380071, -23.6128515 ], [ -46.6379792, -23.6126475 ], [ -46.6379571, -23.6124595 ], [ -46.6379379, -23.6122595 ], [ -46.6379232, -23.6120669 ], [ -46.6379129, -23.6118893 ], [ -46.6379058, -23.6117197 ], [ -46.6379018, -23.6115592 ], [ -46.6378994, -23.6114002 ], [ -46.6378588, -23.6086865 ], [ -46.6378541, -23.6085249 ], [ -46.637846, -23.6083641 ], [ -46.6378337, -23.6082008 ], [ -46.6378165, -23.6080429 ], [ -46.6377951, -23.6078909 ], [ -46.6377683, -23.6077396 ], [ -46.6377381, -23.6075923 ], [ -46.6377027, -23.607438 ], [ -46.6376643, -23.6072898 ], [ -46.6376276, -23.6071569 ], [ -46.637588, -23.6070201 ], [ -46.6375399, -23.6068642 ], [ -46.63749, -23.6067058 ], [ -46.6369831, -23.6051625 ], [ -46.6369379, -23.6050213 ], [ -46.6368968, -23.6048843 ], [ -46.6368586, -23.6047459 ], [ -46.6368247, -23.604611399999989 ], [ -46.6367956, -23.6044788 ], [ -46.6367699, -23.6043424 ], [ -46.6367492, -23.604206399999988 ], [ -46.6367327, -23.6040701 ], [ -46.6367197, -23.6039333 ], [ -46.6367094, -23.6037948 ], [ -46.6367019, -23.6036559 ], [ -46.6366965, -23.6035054 ], [ -46.6366931, -23.6033548 ], [ -46.6366304, -23.5965876 ], [ -46.636629, -23.5963451 ], [ -46.6366275, -23.5960971 ], [ -46.6366275, -23.5958654 ], [ -46.6366286, -23.5956363 ], [ -46.6366307, -23.5954115 ], [ -46.636642, -23.593844 ], [ -46.6366423, -23.5937221 ], [ -46.6366409, -23.5936041 ], [ -46.6366373, -23.5934836 ], [ -46.6366296, -23.5933617 ], [ -46.6366182, -23.5932426 ], [ -46.6366032, -23.5931243 ], [ -46.6365833, -23.5929984 ], [ -46.6365585, -23.5928719 ], [ -46.6365325, -23.59276 ], [ -46.63649980000001, -23.5926443 ], [ -46.6364638, -23.5925309 ], [ -46.6364207, -23.5924154 ], [ -46.636373, -23.5923016 ], [ -46.6363191, -23.5921883 ], [ -46.6362541, -23.5920664 ], [ -46.6361844, -23.5919476 ], [ -46.6361096, -23.5918309 ], [ -46.6360337, -23.5917217 ], [ -46.6359585, -23.5916185 ], [ -46.6355389, -23.5910521 ], [ -46.6354608, -23.5909424 ], [ -46.6353777, -23.5908167 ], [ -46.6353022, -23.5906968 ], [ -46.6352349, -23.5905829 ], [ -46.6351629, -23.5904545 ], [ -46.6350955, -23.5903251 ], [ -46.6350428, -23.5902182 ], [ -46.6349902, -23.5901031 ], [ -46.634941, -23.5899874 ], [ -46.634896, -23.5898707 ], [ -46.6348539, -23.5897525 ], [ -46.6348167, -23.5896397 ], [ -46.6347848, -23.5895371 ], [ -46.6347592, -23.5894495 ], [ -46.634751174275031, -23.589419997451326 ] ] ] } },
{ "type": "Feature", "properties": { "fid": 60, "Name": "Linha 1 - Azul > JAB", "description": "Tucuruvi > Jabaquara • 20.4km • 23 estações • 36min • 1 087mil pass/d (MDU 2025) • 1 175mil pass/d (Dez/2024) • CBTC GoA2+ • Headway: 132s • 58 trens", "Status_Obra": "Construído", "Modal": "Metrô", "N_Linha": 1, "data_abertura": "1974-09-14" }, "geometry": { "type": "MultiLineString", "coordinates": [ [ [ -46.634788625928941, -23.589410634542183 ], [ -46.6347971, -23.5894421 ], [ -46.6348229, -23.5895306 ], [ -46.6348539, -23.5896294 ], [ -46.6348903, -23.5897401 ], [ -46.6349315, -23.5898558 ], [ -46.6349777, -23.5899746 ], [ -46.6350291, -23.5900943 ], [ -46.6350778, -23.5902017 ], [ -46.635132, -23.5903115 ], [ -46.635197, -23.5904353 ], [ -46.6352671, -23.5905602 ], [ -46.6353375, -23.5906787 ], [ -46.6354106, -23.5907971 ], [ -46.6354902, -23.5909184 ], [ -46.6355634, -23.5910239 ], [ -46.6356478, -23.5911404 ], [ -46.6359885, -23.5916006 ], [ -46.6360633, -23.5917035 ], [ -46.6361398, -23.5918143 ], [ -46.636219, -23.591938 ], [ -46.6362886, -23.5920577 ], [ -46.6363509, -23.5921748 ], [ -46.6364051, -23.5922883 ], [ -46.6364527, -23.5924023 ], [ -46.6364977, -23.5925242 ], [ -46.6365341, -23.5926352 ], [ -46.636567, -23.5927544 ], [ -46.6365932, -23.5928675 ], [ -46.6366178, -23.5929931 ], [ -46.6366378, -23.5931206 ], [ -46.6366524, -23.5932302 ], [ -46.6366643, -23.5933536 ], [ -46.6366729, -23.5934859 ], [ -46.636676, -23.5936044 ], [ -46.636677, -23.5937219 ], [ -46.6366767, -23.5938448 ], [ -46.636666, -23.595412 ], [ -46.6366644, -23.5956359 ], [ -46.6366635, -23.595863 ], [ -46.6366624, -23.5960921 ], [ -46.6366632, -23.5963469 ], [ -46.6366647, -23.5965863 ], [ -46.6367288, -23.6033542 ], [ -46.6367318, -23.6035055 ], [ -46.6367372, -23.6036552 ], [ -46.636745, -23.603795699999988 ], [ -46.6367552, -23.6039371 ], [ -46.6367682, -23.6040685 ], [ -46.6367845, -23.6042018 ], [ -46.6368052, -23.604338 ], [ -46.6368308, -23.6044735 ], [ -46.636859, -23.604602 ], [ -46.6368934, -23.6047414 ], [ -46.6369319, -23.6048778 ], [ -46.6369717, -23.6050131 ], [ -46.6370161, -23.6051531 ], [ -46.6375234, -23.6066971 ], [ -46.6375744, -23.6068562 ], [ -46.6376231, -23.6070139 ], [ -46.6376632, -23.6071509 ], [ -46.6376998, -23.6072845 ], [ -46.6377373, -23.6074308 ], [ -46.6377746, -23.6075911 ], [ -46.6378024, -23.6077294 ], [ -46.6378295, -23.6078826 ], [ -46.637852, -23.6080419 ], [ -46.6378702, -23.6082003 ], [ -46.6378822, -23.6083576 ], [ -46.6378899, -23.608525 ], [ -46.6378942, -23.6086851 ], [ -46.6379352, -23.6114005 ], [ -46.6379371, -23.6115609 ], [ -46.6379417, -23.6117179 ], [ -46.6379488, -23.6118885 ], [ -46.6379589, -23.6120669 ], [ -46.6379723, -23.6122576 ], [ -46.6379914, -23.6124528 ], [ -46.6380136, -23.6126375 ], [ -46.6380411, -23.6128459 ], [ -46.6380726, -23.6130499 ], [ -46.6380997, -23.6132158 ], [ -46.6381332, -23.6134032 ], [ -46.6381698, -23.6135931 ], [ -46.6382054, -23.6137629 ], [ -46.6382463, -23.6139565 ], [ -46.6410535, -23.6267512 ], [ -46.6411071, -23.6270113 ], [ -46.6411491, -23.6272107 ], [ -46.6411908, -23.6274208 ], [ -46.6412312, -23.6276333 ], [ -46.6412652, -23.627823 ], [ -46.6412935, -23.6279973 ], [ -46.6413198, -23.6281758 ], [ -46.6413453, -23.6283533 ], [ -46.6413674, -23.6285229 ], [ -46.6413899, -23.6287096 ], [ -46.6414101, -23.6288957 ], [ -46.6414251, -23.6290496 ], [ -46.6414365, -23.6291829 ], [ -46.6414462, -23.6293183 ], [ -46.6415065, -23.6301862 ], [ -46.6416053, -23.631703 ], [ -46.6416147, -23.6318528 ], [ -46.6416227, -23.632024699999988 ], [ -46.6416275, -23.6321775 ], [ -46.6416285, -23.6323342 ], [ -46.6416252, -23.6324895 ], [ -46.6416191, -23.6326333 ], [ -46.6416073, -23.632798 ], [ -46.6415946, -23.6329442 ], [ -46.6415782, -23.633087 ], [ -46.6415571, -23.6332387 ], [ -46.6415289, -23.633409 ], [ -46.6414964, -23.6335763 ], [ -46.6413379, -23.6342825 ], [ -46.6413049, -23.6344378 ], [ -46.6412783, -23.6345769 ], [ -46.6412533, -23.634715 ], [ -46.6412311, -23.6348652 ], [ -46.6412134, -23.6350119 ], [ -46.6412007, -23.6351419 ], [ -46.6411907, -23.6352754 ], [ -46.6411853, -23.6354005 ], [ -46.641182, -23.6355326 ], [ -46.6411816, -23.6356714 ], [ -46.6411833, -23.6358148 ], [ -46.641187, -23.6359517 ], [ -46.6411928, -23.6361012 ], [ -46.6412005, -23.6362799 ], [ -46.6412096, -23.6364475 ], [ -46.641465, -23.640778 ], [ -46.6414721, -23.6409385 ], [ -46.6414773, -23.6410999 ], [ -46.6414804, -23.6412613 ], [ -46.6414807, -23.6414335 ], [ -46.641478, -23.6415959 ], [ -46.6414724, -23.6417516 ], [ -46.641464, -23.6418959 ], [ -46.6414485, -23.6420904 ], [ -46.641432, -23.642263 ], [ -46.6409708, -23.6468574 ], [ -46.6409599, -23.646974 ], [ -46.640951, -23.6470867 ], [ -46.6409453, -23.6472064 ], [ -46.6409432, -23.6473258 ], [ -46.6409428, -23.6474809 ] ] ] } },
{ "type": "Feature", "properties": { "fid": 61, "Name": "Linha 1 - Azul > TUC", "description": "Jabaquara > Tucuruvi • 20.4km • 23 estações • 36min • 1 087mil pass/d (MDU 2025) • 1 175mil pass/d (Dez/2024) • CBTC GoA2+ • Headway: 132s • 58 trens", "Status_Obra": "Construído", "Modal": "Metrô", "N_Linha": 1, "data_abertura": "1975-02-17" }, "geometry": { "type": "MultiLineString", "coordinates": [ [ [ -46.634751174275031, -23.589419997451326 ], [ -46.6347342, -23.5893576 ], [ -46.6347127, -23.5892719 ], [ -46.6346918, -23.5891805 ], [ -46.6346725, -23.5890915 ], [ -46.6346552, -23.5889975 ], [ -46.6346393, -23.5888974 ], [ -46.6346256, -23.5887972 ], [ -46.6346146, -23.588699 ], [ -46.6346054, -23.5885947 ], [ -46.6345976, -23.588491 ], [ -46.6345925, -23.5883925 ], [ -46.6345903, -23.5882955 ], [ -46.6345891, -23.588181299999984 ], [ -46.6345915, -23.5880664 ], [ -46.6345989, -23.5879457 ], [ -46.634608, -23.5878431 ], [ -46.6346201, -23.5877418 ], [ -46.6346355, -23.587639 ], [ -46.6346555, -23.5875272 ], [ -46.6346779, -23.5874242 ], [ -46.6347021, -23.587327099999989 ], [ -46.634736, -23.587207 ], [ -46.6347696, -23.5871001 ], [ -46.6348061, -23.5869938 ], [ -46.6348398, -23.5869022 ], [ -46.6348835, -23.5867943 ], [ -46.6349279, -23.5866929 ], [ -46.6349742, -23.5865939 ], [ -46.6350253, -23.5864921 ], [ -46.635079, -23.5863925 ], [ -46.6351405, -23.5862837 ], [ -46.6351999, -23.5861835 ], [ -46.6352648, -23.5860787 ], [ -46.635334, -23.5859693 ], [ -46.6387617, -23.5806135 ], [ -46.6388122, -23.5805371 ], [ -46.638861, -23.580467 ], [ -46.6389124, -23.5803984 ], [ -46.6389653, -23.5803306 ], [ -46.6391214, -23.5801325 ], [ -46.6391813, -23.5800564 ], [ -46.6392379, -23.5799808 ], [ -46.639288, -23.5799109 ], [ -46.6393367, -23.5798373 ], [ -46.6402531, -23.5784016 ], [ -46.6403134, -23.5783072 ], [ -46.6403778, -23.5782035 ], [ -46.6404306, -23.5781147 ], [ -46.640485, -23.5780174 ], [ -46.6405344, -23.5779238 ], [ -46.640583, -23.5778227 ], [ -46.6406337, -23.5777056 ], [ -46.6406812, -23.5775844 ], [ -46.640718, -23.5774769 ], [ -46.6407542, -23.5773529 ], [ -46.6407863, -23.5772273 ], [ -46.6408114, -23.5771182 ], [ -46.6408361, -23.5769955 ], [ -46.6408548, -23.5768852 ], [ -46.6408705, -23.5767695 ], [ -46.640883, -23.576655 ], [ -46.6408907, -23.5765558 ], [ -46.6408963, -23.5764418 ], [ -46.6408993, -23.576336 ], [ -46.6408999, -23.5762327 ], [ -46.6408977, -23.5761165 ], [ -46.6408913, -23.5759902 ], [ -46.6408831, -23.5758729 ], [ -46.6408719, -23.5757599 ], [ -46.6408594, -23.5756595 ], [ -46.6408427, -23.5755504 ], [ -46.6408249, -23.575454 ], [ -46.6408041, -23.575354 ], [ -46.6407797, -23.5752508 ], [ -46.6407556, -23.5751564 ], [ -46.6407274, -23.5750533 ], [ -46.6406977, -23.5749537 ], [ -46.6406604, -23.5748379 ], [ -46.6405277, -23.5744504 ], [ -46.6404732, -23.5742796 ], [ -46.6404223, -23.5741088 ], [ -46.640373, -23.5739331 ], [ -46.6403263, -23.5737506 ], [ -46.6402823, -23.5735633 ], [ -46.6402431, -23.5733846 ], [ -46.6401739, -23.5730591 ], [ -46.6401396, -23.5729061 ], [ -46.6401071, -23.5727666 ], [ -46.6399288, -23.5720148 ], [ -46.6398987, -23.5718788 ], [ -46.6398746, -23.5717597 ], [ -46.6398514, -23.5716318 ], [ -46.6398327, -23.5715081 ], [ -46.6398182, -23.5713927 ], [ -46.6398071, -23.5712718 ], [ -46.6398014, -23.5711436 ], [ -46.6397989, -23.5710106 ], [ -46.6398, -23.5708761 ], [ -46.6398062, -23.5707383 ], [ -46.6398148, -23.5705963 ], [ -46.6398253, -23.5704497 ], [ -46.6398564, -23.570076 ], [ -46.6398674, -23.5699284 ], [ -46.6398782, -23.5697422 ], [ -46.6398867, -23.5695819 ], [ -46.6398927, -23.5694413 ], [ -46.6398973, -23.5692841 ], [ -46.6399, -23.5691313 ], [ -46.6399, -23.5689497 ], [ -46.6398979, -23.5688126 ], [ -46.6398918, -23.568612 ], [ -46.6398853, -23.5684555 ], [ -46.6398751, -23.568288 ], [ -46.6398633, -23.5681204 ], [ -46.6398479, -23.5679411 ], [ -46.6398276, -23.5677556 ], [ -46.6398037, -23.5675793 ], [ -46.6397759, -23.5673977 ], [ -46.6397438, -23.5672045 ], [ -46.639712, -23.5670305 ], [ -46.6391039, -23.5639148 ], [ -46.6390737, -23.5637626 ], [ -46.6390473, -23.5636358 ], [ -46.6390168, -23.5634991 ], [ -46.6385092, -23.5612371 ], [ -46.6384834, -23.5611242 ], [ -46.6384566, -23.5610172 ], [ -46.6384267, -23.5609102 ], [ -46.6383922, -23.5608033 ], [ -46.6383541, -23.5606948 ], [ -46.638312, -23.5605865 ], [ -46.638271, -23.5604883 ], [ -46.6382232, -23.5603823 ], [ -46.6381723, -23.5602759 ], [ -46.6381192, -23.5601714 ], [ -46.638054, -23.5600472 ], [ -46.6379862, -23.5599215 ], [ -46.6379208, -23.559805 ], [ -46.6369813, -23.5581885 ], [ -46.6369013, -23.5580486 ], [ -46.6368287, -23.5579174 ], [ -46.6367611, -23.5577869 ], [ -46.6366985, -23.5576603 ], [ -46.6366417, -23.5575354 ], [ -46.6365838, -23.557399 ], [ -46.6365349, -23.5572732 ], [ -46.6364847, -23.5571375 ], [ -46.6364309, -23.5569834 ], [ -46.6361778, -23.5562346 ], [ -46.6361038, -23.5560173 ], [ -46.6360226, -23.5557784 ], [ -46.6359349, -23.5555383 ], [ -46.6358512, -23.5553237 ], [ -46.6357612, -23.5551068 ], [ -46.63575015639875, -23.555081280736957 ] ] ] } },
{ "type": "Feature", "properties": { "fid": 62, "Name": "Linha 1 - Azul > JAB", "description": "Tucuruvi > Jabaquara • 20.4km • 23 estações • 36min • 1 087mil pass/d (MDU 2025) • 1 175mil pass/d (Dez/2024) • CBTC GoA2+ • Headway: 132s • 58 trens", "Status_Obra": "Construído", "Modal": "Metrô", "N_Linha": 1, "data_abertura": "1975-02-17" }, "geometry": { "type": "MultiLineString", "coordinates": [ [ [ -46.635790365975417, -23.555063330033448 ], [ -46.6358039, -23.5550946 ], [ -46.635894, -23.5553121 ], [ -46.6359776, -23.5555268 ], [ -46.6360659, -23.5557709 ], [ -46.6361465, -23.5560064 ], [ -46.6362199, -23.5562267 ], [ -46.6364669, -23.5569689 ], [ -46.6365188, -23.5571252 ], [ -46.636568, -23.5572636 ], [ -46.6366172, -23.5573903 ], [ -46.6366734, -23.5575218 ], [ -46.6367302, -23.5576468 ], [ -46.6367919, -23.5577723 ], [ -46.6368585, -23.5579001 ], [ -46.636932, -23.5580329 ], [ -46.637012, -23.5581713 ], [ -46.6379517, -23.5597892 ], [ -46.638018, -23.5599081 ], [ -46.6380833, -23.5600285 ], [ -46.6381507, -23.5601559 ], [ -46.6382031, -23.5602597 ], [ -46.6382556, -23.560366599999988 ], [ -46.638305, -23.560474 ], [ -46.6383487, -23.5605794 ], [ -46.6383883, -23.5606833 ], [ -46.6384267, -23.5607936 ], [ -46.6384608, -23.5609025 ], [ -46.6384904, -23.56101 ], [ -46.6385179, -23.5611187 ], [ -46.638543, -23.5612306 ], [ -46.6390527, -23.563492 ], [ -46.6390827, -23.5636304 ], [ -46.6391092, -23.563757099999989 ], [ -46.6391371, -23.5638955 ], [ -46.6397487, -23.5670249 ], [ -46.6397817, -23.5671994 ], [ -46.6398154, -23.5673887 ], [ -46.6398452, -23.5675796 ], [ -46.6398682, -23.5677496 ], [ -46.6398888, -23.5679384 ], [ -46.6399044, -23.5681183 ], [ -46.6399159, -23.5682859 ], [ -46.6399254, -23.568458 ], [ -46.6399317, -23.5686118 ], [ -46.6399361, -23.568792 ], [ -46.6399381, -23.5689646 ], [ -46.639938, -23.5691358 ], [ -46.639936, -23.5692887 ], [ -46.6399323, -23.5694332 ], [ -46.6399273, -23.5695677 ], [ -46.6399183, -23.5697448 ], [ -46.6399076, -23.5699286 ], [ -46.6398971, -23.5700797 ], [ -46.6398653, -23.5704531 ], [ -46.6398552, -23.5705957 ], [ -46.6398466, -23.5707386 ], [ -46.6398417, -23.5708769 ], [ -46.6398406, -23.5710109 ], [ -46.6398428, -23.5711425 ], [ -46.6398487, -23.5712703 ], [ -46.6398594, -23.5713886 ], [ -46.6398744, -23.5715057 ], [ -46.6398924, -23.5716254 ], [ -46.6399165, -23.5717577 ], [ -46.6399381, -23.5718678 ], [ -46.6399704, -23.5720075 ], [ -46.6400064, -23.5721435 ], [ -46.6400463, -23.5722809 ], [ -46.6400862, -23.5724078 ], [ -46.6401322, -23.5725455 ], [ -46.6401741, -23.572672 ], [ -46.6402238, -23.5728192 ], [ -46.6405178, -23.573674 ], [ -46.6405575, -23.5738022 ], [ -46.6405944, -23.5739239 ], [ -46.6406301, -23.574048 ], [ -46.6406638, -23.5741779 ], [ -46.640692, -23.5743027 ], [ -46.6407151, -23.5744208 ], [ -46.6407349, -23.5745426 ], [ -46.6407512, -23.5746621 ], [ -46.640766, -23.5747851 ], [ -46.6407789, -23.5749102 ], [ -46.6407892, -23.5750393 ], [ -46.6407983, -23.5751878 ], [ -46.640808, -23.5753691 ], [ -46.6408157, -23.5755415 ], [ -46.6408209, -23.5757351 ], [ -46.6408331, -23.5763706 ], [ -46.640834, -23.5764728 ], [ -46.6408329, -23.5765864 ], [ -46.640829, -23.5767042 ], [ -46.6408219, -23.5768213 ], [ -46.64081190000001, -23.5769396 ], [ -46.6407987, -23.5770543 ], [ -46.640782, -23.5771673 ], [ -46.6407632, -23.577274 ], [ -46.6407401, -23.577383600000012 ], [ -46.640712, -23.5774951 ], [ -46.640682, -23.5775977 ], [ -46.6406496, -23.577697 ], [ -46.6406111, -23.5778046 ], [ -46.6405671, -23.5779098 ], [ -46.6405234, -23.5780045 ], [ -46.6404713, -23.5781089 ], [ -46.6404144, -23.5782125 ], [ -46.6403474, -23.5783275 ], [ -46.6402876, -23.578426 ], [ -46.6402251, -23.5785244 ], [ -46.6367591, -23.5839682 ], [ -46.6366921, -23.5840711 ], [ -46.636625, -23.584172 ], [ -46.6365504, -23.584279299999988 ], [ -46.636467, -23.5843951 ], [ -46.636376, -23.5845184 ], [ -46.636138, -23.584834 ], [ -46.6360502, -23.5849531 ], [ -46.6359718, -23.5850605 ], [ -46.6358895, -23.5851777 ], [ -46.6358151, -23.5852856 ], [ -46.6357457, -23.5853903 ], [ -46.6354175, -23.5859028 ], [ -46.6353627, -23.5859891 ], [ -46.6352989, -23.5860917 ], [ -46.635236, -23.5861953 ], [ -46.6351747, -23.5862991 ], [ -46.6351128, -23.5864085 ], [ -46.6350585, -23.5865103 ], [ -46.6350102, -23.5866057 ], [ -46.6349647, -23.5867044 ], [ -46.6349226, -23.5868022 ], [ -46.6348788, -23.5869104 ], [ -46.634843, -23.5870054 ], [ -46.6348075, -23.587109 ], [ -46.6347743, -23.5872153 ], [ -46.6347431, -23.5873257 ], [ -46.6347162, -23.5874361 ], [ -46.6346948, -23.5875358 ], [ -46.6346756, -23.5876401 ], [ -46.6346591, -23.5877469 ], [ -46.6346468, -23.5878464 ], [ -46.6346379, -23.5879483 ], [ -46.634631, -23.5880641 ], [ -46.634629, -23.5881802 ], [ -46.6346293, -23.5882975 ], [ -46.6346323, -23.588393 ], [ -46.6346382, -23.5884965 ], [ -46.6346449, -23.5885956 ], [ -46.6346532, -23.5886934 ], [ -46.6346636, -23.5887867 ], [ -46.6346777, -23.5888897 ], [ -46.6346924, -23.5889833 ], [ -46.6347097, -23.5890776 ], [ -46.6347301, -23.5891735 ], [ -46.6347504, -23.5892623 ], [ -46.634772, -23.5893489 ], [ -46.634788625928941, -23.589410634542183 ] ] ] } },
{ "type": "Feature", "properties": { "fid": 63, "Name": "Linha 1 - Azul > TUC", "description": "Jabaquara > Tucuruvi • 20.4km • 23 estações • 36min • 1 087mil pass/d (MDU 2025) • 1 175mil pass/d (Dez/2024) • CBTC GoA2+ • Headway: 132s • 58 trens", "Status_Obra": "Construído", "Modal": "Metrô", "N_Linha": 1, "data_abertura": "1998-04-29" }, "geometry": { "type": "MultiLineString", "coordinates": [ [ [ -46.624718010910669, -23.502543055178585 ], [ -46.6246499, -23.5003247 ], [ -46.624645, -23.5001846 ], [ -46.6246367, -23.5000444 ], [ -46.6246248, -23.4999091 ], [ -46.6246096, -23.4997807 ], [ -46.6245906, -23.4996532 ], [ -46.6245659, -23.4995246 ], [ -46.6245387, -23.4994022 ], [ -46.6245061, -23.4992781 ], [ -46.6244725, -23.4991676 ], [ -46.6244283, -23.4990429 ], [ -46.6243827, -23.4989323 ], [ -46.6243318, -23.4988221 ], [ -46.6242754, -23.4987118 ], [ -46.6242118, -23.4985991 ], [ -46.6241454, -23.4984945 ], [ -46.6240718, -23.4983899 ], [ -46.6239896, -23.4982842 ], [ -46.6238863, -23.4981626 ], [ -46.6237817, -23.4980472 ], [ -46.6228619, -23.4970609 ], [ -46.622749, -23.4969407 ], [ -46.622636, -23.4968223 ], [ -46.6225161, -23.4966987 ], [ -46.6223912, -23.496571 ], [ -46.622078, -23.4962556 ], [ -46.6219812, -23.4961581 ], [ -46.6218773, -23.4960528 ], [ -46.6217841, -23.4959565 ], [ -46.6212149, -23.495361 ], [ -46.6211301, -23.4952719 ], [ -46.6210562, -23.4951963 ], [ -46.620987, -23.4951271 ], [ -46.6209117, -23.4950547 ], [ -46.620833, -23.4949815 ], [ -46.6207454, -23.4949034 ], [ -46.6206671, -23.4948363 ], [ -46.620579, -23.4947639 ], [ -46.6204792, -23.4946862 ], [ -46.6203894, -23.4946193 ], [ -46.6203018, -23.4945555 ], [ -46.6202139, -23.4944936 ], [ -46.6201132, -23.4944252 ], [ -46.620007, -23.4943553 ], [ -46.6198957, -23.4942859 ], [ -46.619761, -23.4942043 ], [ -46.6196009, -23.494111 ], [ -46.6188749, -23.4936867 ], [ -46.61867250000001, -23.4935668 ], [ -46.6185022, -23.4934607 ], [ -46.6183202, -23.4933429 ], [ -46.6156122, -23.491546 ], [ -46.6154954, -23.491466 ], [ -46.6153804, -23.4913844 ], [ -46.6152647, -23.4913009 ], [ -46.6143486, -23.4906367 ], [ -46.6142471, -23.4905642 ], [ -46.6141556, -23.4905011 ], [ -46.6140591, -23.4904362 ], [ -46.6139524, -23.4903693 ], [ -46.6138382, -23.4903031 ], [ -46.6137238, -23.4902429 ], [ -46.6136076, -23.4901862 ], [ -46.6134816, -23.4901304 ], [ -46.6133524, -23.4900796 ], [ -46.6132309, -23.4900367 ], [ -46.6131068, -23.4899974 ], [ -46.6129839, -23.4899633 ], [ -46.6128576, -23.4899326 ], [ -46.6127197, -23.4899042 ], [ -46.6125833, -23.4898787 ], [ -46.6124457, -23.4898548 ], [ -46.6118685, -23.4897591 ], [ -46.6117756, -23.4897426 ], [ -46.6116877, -23.489725 ], [ -46.6116007, -23.4897063 ], [ -46.6115174, -23.4896869 ], [ -46.6114307, -23.4896644 ], [ -46.6113394, -23.4896389 ], [ -46.6112567, -23.4896137 ], [ -46.611177, -23.4895879 ], [ -46.611096, -23.48956 ], [ -46.6110183, -23.4895318 ], [ -46.6109372, -23.4895008 ], [ -46.6108559, -23.4894676 ], [ -46.6107806, -23.4894354 ], [ -46.6107072, -23.4894018 ], [ -46.61063, -23.4893646 ], [ -46.6105613, -23.4893303 ], [ -46.6104964, -23.4892958 ], [ -46.6104288, -23.4892573 ], [ -46.6103657, -23.4892193 ], [ -46.6102953, -23.489173699999988 ], [ -46.6102276, -23.489127 ], [ -46.6101595, -23.4890772 ], [ -46.6100893, -23.4890226 ], [ -46.6100253, -23.4889706 ], [ -46.609962, -23.4889155 ], [ -46.6099004, -23.4888595 ], [ -46.6098394, -23.4887999 ], [ -46.6097815, -23.4887401 ], [ -46.6097312, -23.4886854 ], [ -46.6096785, -23.4886243 ], [ -46.6096252, -23.4885599 ], [ -46.6095761, -23.4884963 ], [ -46.6095263, -23.4884277 ], [ -46.609482, -23.4883626 ], [ -46.6094355, -23.4882901 ], [ -46.6093937, -23.4882195 ], [ -46.609353, -23.4881473 ], [ -46.6093137, -23.4880732 ], [ -46.6092748, -23.4879969 ], [ -46.6092368, -23.487919 ], [ -46.6091961, -23.4878321 ], [ -46.6084578, -23.4862549 ], [ -46.6083514, -23.4860334 ], [ -46.6082637, -23.4858563 ], [ -46.6081849, -23.485702 ], [ -46.6081135, -23.4855671 ], [ -46.6080377, -23.4854277 ], [ -46.6079596, -23.4852884 ], [ -46.6078904, -23.4851672 ], [ -46.6078002, -23.4850138 ], [ -46.6077074, -23.4848604 ], [ -46.6076123, -23.4847079 ], [ -46.6075152, -23.4845563 ], [ -46.60740710000001, -23.4843894 ], [ -46.6073004, -23.4842294 ], [ -46.607194, -23.4840735 ], [ -46.60707, -23.4838953 ], [ -46.6069386, -23.4837106 ], [ -46.6068142, -23.4835396 ], [ -46.6066966, -23.4833807 ], [ -46.6065792, -23.4832276 ], [ -46.6064803, -23.4831028 ], [ -46.6063979, -23.483003 ], [ -46.6063154, -23.4829059 ], [ -46.6062355, -23.4828173 ], [ -46.6061518, -23.4827269 ], [ -46.6060638, -23.4826379 ], [ -46.6059774, -23.482555399999985 ], [ -46.6058862, -23.4824727 ], [ -46.6057769, -23.482377499999988 ], [ -46.6056663, -23.4822829 ], [ -46.6040937, -23.480959 ], [ -46.6039991, -23.480877 ], [ -46.6039034, -23.4807912 ], [ -46.6037999, -23.4806959 ], [ -46.6036996, -23.4806007 ], [ -46.6036009, -23.4805042 ], [ -46.6034923, -23.4803944 ], [ -46.6033927, -23.4802917 ], [ -46.603296, -23.4801892 ], [ -46.6032062, -23.4800917 ], [ -46.6031046, -23.4799792 ], [ -46.6030128, -23.4798747 ], [ -46.6029223, -23.4797702 ], [ -46.6028278, -23.4796577 ], [ -46.6027309, -23.4795382 ], [ -46.602235, -23.4789313 ], [ -46.6021486, -23.4788271 ], [ -46.6020669, -23.4787324 ], [ -46.6018983, -23.4785436 ], [ -46.6018052, -23.4784358 ], [ -46.6017256, -23.4783396 ], [ -46.6002234, -23.4764773 ], [ -46.6000708, -23.4762812 ], [ -46.5999147, -23.4760749 ], [ -46.5997871, -23.4759028 ], [ -46.5996681, -23.47574 ], [ -46.599579, -23.4756104 ], [ -46.5994919, -23.4754792 ], [ -46.5994107, -23.4753505 ], [ -46.5992525, -23.4750983 ], [ -46.5991834, -23.4749895 ], [ -46.5991154, -23.4748892 ], [ -46.5990426, -23.4747914 ], [ -46.5989641, -23.4746957 ], [ -46.5988822, -23.4746036 ], [ -46.5988017, -23.4745191 ], [ -46.5987291, -23.4744488 ], [ -46.5986503, -23.4743776 ], [ -46.5985591, -23.4742994 ] ] ] } },
{ "type": "Feature", "properties": { "fid": 64, "Name": "Linha 1 - Azul > JAB", "description": "Tucuruvi > Jabaquara • 20.4km • 23 estações • 36min • 1 087mil pass/d (MDU 2025) • 1 175mil pass/d (Dez/2024) • CBTC GoA2+ • Headway: 132s • 58 trens", "Status_Obra": "Construído", "Modal": "Metrô", "N_Linha": 1, "data_abertura": "1998-04-29" }, "geometry": { "type": "MultiLineString", "coordinates": [ [ [ -46.5985984, -23.474266 ], [ -46.5986903, -23.4743466 ], [ -46.598781, -23.4744299 ], [ -46.5988649, -23.4745127 ], [ -46.5989422, -23.4745945 ], [ -46.5990154, -23.4746809 ], [ -46.5990839, -23.4747648 ], [ -46.5991495, -23.4748528 ], [ -46.5992225, -23.4749579 ], [ -46.5993017, -23.4750828 ], [ -46.5994754, -23.4753614 ], [ -46.599564, -23.4755001 ], [ -46.5996498, -23.4756296 ], [ -46.5997232, -23.4757363 ], [ -46.5998007, -23.4758455 ], [ -46.5999123, -23.475999 ], [ -46.6000319, -23.4761571 ], [ -46.6001574, -23.4763196 ], [ -46.6002718, -23.4764637 ], [ -46.6018313, -23.4783973 ], [ -46.6019116, -23.4784944 ], [ -46.601988, -23.4785814 ], [ -46.6021059, -23.4787124 ], [ -46.6021899, -23.4788115 ], [ -46.6022705, -23.4789085 ], [ -46.6027614, -23.4795135 ], [ -46.6028571, -23.4796319 ], [ -46.6029465, -23.4797383 ], [ -46.6030403, -23.4798467 ], [ -46.6031375, -23.4799566 ], [ -46.603236, -23.4800664 ], [ -46.6033265, -23.4801645 ], [ -46.6034246, -23.4802673 ], [ -46.6035226, -23.4803682 ], [ -46.6036388, -23.4804855 ], [ -46.6037299, -23.4805759 ], [ -46.603829, -23.4806704 ], [ -46.6039314, -23.4807656 ], [ -46.60402710000001, -23.4808517 ], [ -46.6041209, -23.4809336 ], [ -46.605696, -23.4822577 ], [ -46.605804, -23.4823505 ], [ -46.605912600000011, -23.4824451 ], [ -46.6060023, -23.4825258 ], [ -46.6060954, -23.482615 ], [ -46.6061857, -23.4827057 ], [ -46.606272, -23.482798 ], [ -46.6063479, -23.4828838 ], [ -46.6064319, -23.4829813 ], [ -46.6065146, -23.4830821 ], [ -46.6066133, -23.483207 ], [ -46.6067287, -23.4833586 ], [ -46.6068474, -23.4835188 ], [ -46.6069721, -23.4836892 ], [ -46.6071034, -23.4838768 ], [ -46.6072242, -23.4840542 ], [ -46.6073329, -23.4842156 ], [ -46.6074388, -23.4843757 ], [ -46.607546, -23.48454 ], [ -46.6076439, -23.4846933 ], [ -46.6077384, -23.484845299999989 ], [ -46.6078327, -23.4850002 ], [ -46.6079188, -23.485146 ], [ -46.6079982, -23.4852849 ], [ -46.6080709, -23.485415 ], [ -46.6081452, -23.4855538 ], [ -46.608219, -23.4856933 ], [ -46.6082961, -23.4858425 ], [ -46.6083839, -23.4860201 ], [ -46.6084902, -23.4862423 ], [ -46.6092279, -23.4878186 ], [ -46.6092682, -23.4879037 ], [ -46.6093061, -23.4879827 ], [ -46.6093441, -23.4880574 ], [ -46.609384, -23.4881307 ], [ -46.6094259, -23.4882041 ], [ -46.6094688, -23.4882767 ], [ -46.6095125, -23.488346 ], [ -46.6095565, -23.4884106 ], [ -46.6096059, -23.4884786 ], [ -46.6096575, -23.4885461 ], [ -46.6097058, -23.488605 ], [ -46.6097553, -23.4886615 ], [ -46.6098064, -23.4887168 ], [ -46.6098661, -23.4887786 ], [ -46.6099252, -23.4888354 ], [ -46.6099877, -23.4888921 ], [ -46.6100465, -23.4889432 ], [ -46.6101155, -23.4889995 ], [ -46.6101831, -23.4890527 ], [ -46.6102494, -23.4891014 ], [ -46.6103144, -23.4891462 ], [ -46.610384, -23.4891911 ], [ -46.6104488, -23.4892315 ], [ -46.6105159, -23.4892706 ], [ -46.6105789, -23.4893036 ], [ -46.6106472, -23.4893375 ], [ -46.6107198, -23.4893724 ], [ -46.6107968, -23.4894071 ], [ -46.6108714, -23.4894388 ], [ -46.6109544, -23.4894723 ], [ -46.6110342, -23.4895023 ], [ -46.6111119, -23.4895305 ], [ -46.6111904, -23.4895574 ], [ -46.611271, -23.4895841 ], [ -46.61134890000001, -23.4896077 ], [ -46.6114378, -23.4896332 ], [ -46.611526, -23.4896562 ], [ -46.611616, -23.4896773 ], [ -46.6117026, -23.4896954 ], [ -46.6117867, -23.4897112 ], [ -46.6118782, -23.489727 ], [ -46.612454, -23.4898224 ], [ -46.6125992, -23.4898486 ], [ -46.6127244, -23.4898724 ], [ -46.612843, -23.4898966 ], [ -46.6129818, -23.4899274 ], [ -46.6131231, -23.4899637 ], [ -46.613278, -23.4900098 ], [ -46.6134201, -23.4900587 ], [ -46.6135636, -23.4901137 ], [ -46.6136896, -23.490169 ], [ -46.6138144, -23.4902296 ], [ -46.6139377, -23.4902945 ], [ -46.6140625, -23.4903671 ], [ -46.6141972, -23.4904519 ], [ -46.6184054, -23.4932337 ], [ -46.6185741, -23.4933423 ], [ -46.6187588, -23.4934567 ], [ -46.6189627, -23.4935787 ], [ -46.6194476, -23.493861 ], [ -46.6195827, -23.4939417 ], [ -46.6197168, -23.494024 ], [ -46.6198414, -23.4941037 ], [ -46.6199543, -23.4941793 ], [ -46.6200708, -23.4942607 ], [ -46.6201802, -23.4943403 ], [ -46.6202905, -23.4944236 ], [ -46.6203908, -23.4945023 ], [ -46.6204967, -23.4945886 ], [ -46.6206017, -23.4946762 ], [ -46.6207546, -23.4948066 ], [ -46.6208822, -23.4949175 ], [ -46.6209843, -23.4950093 ], [ -46.6210998, -23.4951153 ], [ -46.6212196, -23.4952264 ], [ -46.6213126, -23.495315 ], [ -46.6213974, -23.4953987 ], [ -46.6214813, -23.4954848 ], [ -46.6215612, -23.4955684 ], [ -46.6216404, -23.4956528 ], [ -46.6217196, -23.4957388 ], [ -46.6217967, -23.4958233 ], [ -46.6218644, -23.495899 ], [ -46.6219267, -23.4959701 ], [ -46.6219904, -23.4960433 ], [ -46.6221549, -23.4962314 ], [ -46.6222405, -23.4963291 ], [ -46.6223367, -23.4964364 ], [ -46.6224457, -23.4965563 ], [ -46.6225584, -23.4966773 ], [ -46.6226693, -23.496797 ], [ -46.6238224, -23.49803 ], [ -46.6239276, -23.498146899999984 ], [ -46.6240281, -23.4982665 ], [ -46.6241085, -23.4983709 ], [ -46.6241784, -23.4984709 ], [ -46.624249, -23.4985816 ], [ -46.6243133, -23.498695699999988 ], [ -46.6243696, -23.4988061 ], [ -46.6244218, -23.4989195 ], [ -46.6244665, -23.4990284 ], [ -46.6245124, -23.4991573 ], [ -46.6245456, -23.4992655 ], [ -46.6245808, -23.4993962 ], [ -46.624608, -23.4995183 ], [ -46.6246307, -23.499647 ], [ -46.6246499, -23.4997771 ], [ -46.6246638, -23.4999019 ], [ -46.6246749, -23.5000531 ], [ -46.624681, -23.5001841 ], [ -46.624753428862576, -23.502541548031918 ] ] ] } },
{ "type": "Feature", "properties": { "fid": 65, "Name": "Linha 3 - Vermelha > BFU", "description": "Itaquera > Barra Funda • 22.2km • 18 estações • 37min • 1 043mil pass/d (MDU 2025) • 1 145mil pass/d (Set/2024) • ATO GoA2+ • Headway: 134s  • 57 trens", "Status_Obra": "Construído", "Modal": "Metrô", "N_Linha": 3, "data_abertura": "1988-12-17" }, "geometry": { "type": "MultiLineString", "coordinates": [ [ [ -46.649255314694692, -23.538937761772431 ], [ -46.6492676, -23.5389246 ], [ -46.6493636, -23.538824 ], [ -46.6494678, -23.5387184 ], [ -46.6495633, -23.5386251 ], [ -46.6496682, -23.5385287 ], [ -46.6497694, -23.53844 ], [ -46.6498708, -23.5383554 ], [ -46.6499816, -23.5382666 ], [ -46.650096, -23.5381785 ], [ -46.6525323, -23.5363193 ], [ -46.6526487, -23.5362314 ], [ -46.6527708, -23.5361385 ], [ -46.6529196, -23.5360269 ], [ -46.6539616, -23.5352602 ], [ -46.6540935, -23.535164 ], [ -46.6542183, -23.5350722 ], [ -46.6543599, -23.5349661 ], [ -46.6544963, -23.5348641 ], [ -46.6560186, -23.5337021 ], [ -46.6561215, -23.5336257 ], [ -46.6562272, -23.5335489 ], [ -46.6563162, -23.5334861 ], [ -46.656398, -23.5334313 ], [ -46.6564902, -23.533372 ], [ -46.6565778, -23.5333176 ], [ -46.6566717, -23.5332616 ], [ -46.6567737, -23.533202 ], [ -46.6576613, -23.5326819 ], [ -46.657759, -23.5326252 ], [ -46.6578414, -23.5325757 ], [ -46.6579343, -23.5325193 ], [ -46.6580201, -23.5324651 ], [ -46.6581026, -23.532411 ], [ -46.6581896, -23.5323509 ], [ -46.6582768, -23.5322884 ], [ -46.6583619, -23.5322228 ], [ -46.6584501, -23.5321507 ], [ -46.6585399, -23.5320733 ], [ -46.6586181, -23.5320007 ], [ -46.6586929, -23.531927 ], [ -46.6587822, -23.531832 ], [ -46.6588683, -23.5317351 ], [ -46.6589579, -23.5316302 ], [ -46.6590373, -23.5315322 ], [ -46.6591237, -23.5314204 ], [ -46.6611452, -23.528762 ], [ -46.661202, -23.5286877 ], [ -46.6612636, -23.5286091 ], [ -46.6613191, -23.52854 ], [ -46.661384, -23.5284619 ], [ -46.6614603, -23.5283736 ], [ -46.6615401, -23.528284 ], [ -46.6616201, -23.5281974 ], [ -46.6617148, -23.5281008 ], [ -46.6618221, -23.5279975 ], [ -46.6619202, -23.5279078 ], [ -46.6620233, -23.5278162 ], [ -46.6621159, -23.5277384 ], [ -46.6622258, -23.5276493 ], [ -46.6623338, -23.5275661 ], [ -46.6624528, -23.5274795 ], [ -46.6625771, -23.5273942 ], [ -46.6627046, -23.5273094 ], [ -46.6628317, -23.5272295 ], [ -46.6629584, -23.5271545 ], [ -46.6631027, -23.5270729 ], [ -46.6632415, -23.5269969 ], [ -46.6633811, -23.5269244 ], [ -46.6635311, -23.5268502 ], [ -46.6636734, -23.5267833 ], [ -46.6638201, -23.5267183 ], [ -46.6639899, -23.526647 ], [ -46.664171, -23.5265766 ], [ -46.6643416, -23.526515 ], [ -46.6644989, -23.5264621 ], [ -46.6646488, -23.5264138 ], [ -46.664790600000011, -23.5263709 ], [ -46.6649398, -23.5263286 ], [ -46.6650877, -23.526289 ], [ -46.665264, -23.5262434 ], [ -46.6654209, -23.5262053 ], [ -46.6655731, -23.5261718 ], [ -46.6657428, -23.5261371 ], [ -46.6659305, -23.5261032 ], [ -46.6661143, -23.526074399999988 ], [ -46.6662766, -23.5260529 ], [ -46.6664235, -23.5260363 ], [ -46.6665847, -23.5260209 ], [ -46.6682096, -23.5258913 ], [ -46.6683677, -23.5258768 ], [ -46.668523, -23.525858800000012 ], [ -46.668656, -23.5258393 ], [ -46.6687962, -23.5258162 ], [ -46.6689392, -23.5257882 ], [ -46.6690839, -23.5257552 ], [ -46.6692455, -23.5257146 ], [ -46.6696346, -23.5256104 ], [ -46.6698057, -23.5255689 ], [ -46.669937, -23.5255413 ], [ -46.6700589, -23.5255185 ], [ -46.6701983, -23.5254964 ], [ -46.6703432, -23.5254779 ], [ -46.6704723, -23.5254644 ], [ -46.6706295, -23.5254508 ], [ -46.6736628, -23.525215 ], [ -46.6737976, -23.5252074 ], [ -46.6739151, -23.5252037 ], [ -46.6740309, -23.5252011 ], [ -46.6743636, -23.5251992 ], [ -46.6744973, -23.5251938 ], [ -46.6746937, -23.5251822 ], [ -46.6764653, -23.5250469 ] ] ] } },
{ "type": "Feature", "properties": { "fid": 66, "Name": "Linha 3 - Vermelha > ITQ", "description": "Barra Funda > Itaquera • 22.2km • 18 estações • 37min • 1 043mil pass/d (MDU 2025) • 1 145mil pass/d (Set/2024) • ATO GoA2+ • Headway: 134s • 57 trens", "Status_Obra": "Construído", "Modal": "Metrô", "N_Linha": 3, "data_abertura": "1988-12-17" }, "geometry": { "type": "MultiLineString", "coordinates": [ [ [ -46.6764714, -23.525087 ], [ -46.6704458, -23.5255524 ], [ -46.6702554, -23.5255703 ], [ -46.6701129, -23.5255881 ], [ -46.6699832, -23.5256093 ], [ -46.6698502, -23.5256361 ], [ -46.6697186, -23.5256679 ], [ -46.6695891, -23.525704 ], [ -46.669204, -23.5258205 ], [ -46.6690489, -23.5258649 ], [ -46.6689241, -23.525896599999989 ], [ -46.6687833, -23.5259289 ], [ -46.668654, -23.5259552 ], [ -46.668524, -23.5259778 ], [ -46.6683801, -23.5259991 ], [ -46.6682299, -23.5260163 ], [ -46.6680744, -23.5260298 ], [ -46.6662022, -23.5261724 ], [ -46.6660514, -23.5261853 ], [ -46.6658837, -23.526202 ], [ -46.6657456, -23.5262186 ], [ -46.6656081, -23.5262376 ], [ -46.665478, -23.5262591 ], [ -46.6653406, -23.5262843 ], [ -46.6652213, -23.526309 ], [ -46.6650926, -23.5263373 ], [ -46.6649618, -23.5263697 ], [ -46.6648145, -23.5264085 ], [ -46.6646597, -23.5264522 ], [ -46.6645094, -23.526498599999989 ], [ -46.6643563, -23.5265492 ], [ -46.6641863, -23.526610099999989 ], [ -46.6640031, -23.5266811 ], [ -46.6638349, -23.5267515 ], [ -46.6636913, -23.5268155 ], [ -46.6635505, -23.5268818 ], [ -46.6634017, -23.5269545 ], [ -46.6632625, -23.5270267 ], [ -46.6631274, -23.5271006 ], [ -46.6629856, -23.5271824 ], [ -46.6628564, -23.5272579 ], [ -46.6627291, -23.5273375 ], [ -46.6626012, -23.5274234 ], [ -46.6624796, -23.5275069 ], [ -46.6623599, -23.5275936 ], [ -46.6622514, -23.5276775 ], [ -46.662142, -23.527767 ], [ -46.6620508, -23.5278432 ], [ -46.6619473, -23.527933699999988 ], [ -46.6618456, -23.5280264 ], [ -46.6617435, -23.5281257 ], [ -46.6616509, -23.5282215 ], [ -46.6615723, -23.528305799999988 ], [ -46.6614922, -23.5283949 ], [ -46.6614215, -23.5284768 ], [ -46.6613517, -23.5285622 ], [ -46.6612964, -23.52863 ], [ -46.6612352, -23.528708 ], [ -46.6611773, -23.5287848 ], [ -46.65915780000001, -23.5314412 ], [ -46.6590917, -23.5315244 ], [ -46.659029, -23.5316008 ], [ -46.6589631, -23.5316772 ], [ -46.6588918, -23.5317566 ], [ -46.658825, -23.5318285 ], [ -46.6587533, -23.5319004 ], [ -46.6586795, -23.5319705 ], [ -46.6586076, -23.5320345 ], [ -46.6585406, -23.5320911 ], [ -46.658467, -23.5321504 ], [ -46.658388, -23.5322108 ], [ -46.6583153, -23.5322641 ], [ -46.6582293, -23.532326 ], [ -46.6581439, -23.5323856 ], [ -46.6580315, -23.532459 ], [ -46.6579417, -23.5325156 ], [ -46.6578414, -23.5325757 ], [ -46.6577636, -23.5326217 ], [ -46.6576613, -23.5326819 ], [ -46.6567737, -23.533202 ], [ -46.6566717, -23.5332616 ], [ -46.6565778, -23.5333176 ], [ -46.6564902, -23.533372 ], [ -46.656398, -23.5334313 ], [ -46.6563162, -23.5334861 ], [ -46.6562319, -23.5335458 ], [ -46.6561215, -23.5336257 ], [ -46.6560186, -23.5337021 ], [ -46.6501248, -23.5382016 ], [ -46.6500043, -23.5382938 ], [ -46.6498974, -23.5383796 ], [ -46.6497963, -23.5384643 ], [ -46.6496959, -23.538553 ], [ -46.6495934, -23.538649 ], [ -46.649497, -23.5387425 ], [ -46.6493956, -23.5388455 ], [ -46.6492986, -23.5389476 ], [ -46.649285610744798, -23.538961565810112 ] ] ] } },
{ "type": "Feature", "properties": { "fid": 67, "Name": "Linha 3 - Vermelha > BFU", "description": "Itaquera > Barra Funda • 22.2km • 18 estações • 37min • 1 043mil pass/d (MDU 2025) • 1 145mil pass/d (Set/2024) • ATO GoA2+ • Headway: 134s  • 57 trens", "Status_Obra": "Construído", "Modal": "Metrô", "N_Linha": 3, "data_abertura": "1979-03-10" }, "geometry": { "type": "MultiLineString", "coordinates": [ [ [ -46.615907548598379, -23.547805847792699 ], [ -46.6170368, -23.5479273 ], [ -46.6172669, -23.5479567 ], [ -46.6174753, -23.5479881 ], [ -46.6176913, -23.5480231 ], [ -46.6179226, -23.5480667 ], [ -46.6181701, -23.5481178 ], [ -46.6221974, -23.5490435 ], [ -46.6224656, -23.549105 ], [ -46.6226916, -23.5491535 ], [ -46.6229148, -23.5491972 ], [ -46.6231485, -23.5492418 ], [ -46.6233527, -23.5492789 ], [ -46.6235546, -23.5493127 ], [ -46.6237584, -23.5493441 ], [ -46.6240528, -23.5493872 ], [ -46.6268698, -23.5497984 ], [ -46.6270683, -23.5498304 ], [ -46.6272611, -23.5498657 ], [ -46.6274552, -23.5499048 ], [ -46.62764030000001, -23.5499478 ], [ -46.6278032, -23.5499896 ], [ -46.6279781, -23.55004 ], [ -46.6281398, -23.5500898 ], [ -46.6283007, -23.5501439 ], [ -46.6284808, -23.5502094 ], [ -46.6286623, -23.5502804 ], [ -46.6292637, -23.5505359 ], [ -46.6294768, -23.5506217 ], [ -46.6295946, -23.550667 ], [ -46.6297052, -23.550707 ], [ -46.6298245, -23.5507458 ], [ -46.6299301, -23.5507767 ], [ -46.6300158, -23.5507987 ], [ -46.6301137, -23.550821 ], [ -46.6302202, -23.5508412 ], [ -46.6303374, -23.5508604 ], [ -46.630447, -23.5508744 ], [ -46.6305634, -23.5508863 ], [ -46.6306723, -23.5508936 ], [ -46.6307747, -23.5508974 ], [ -46.6308878, -23.5508986 ], [ -46.6309906, -23.5508968 ], [ -46.63109, -23.5508917 ], [ -46.6311792, -23.5508836 ], [ -46.6312824, -23.5508716 ], [ -46.6313879, -23.5508539 ], [ -46.6314834, -23.550834399999989 ], [ -46.6315784, -23.5508117 ], [ -46.6316655, -23.5507884 ], [ -46.632849493560201, -23.550450670195371 ] ] ] } },
{ "type": "Feature", "properties": { "fid": 68, "Name": "Linha 3 - Vermelha > ITQ", "description": "Barra Funda > Itaquera • 22.2km • 18 estações • 37min • 1 043mil pass/d (MDU 2025) • 1 145mil pass/d (Set/2024) • ATO GoA2+ • Headway: 134s • 57 trens", "Status_Obra": "Construído", "Modal": "Metrô", "N_Linha": 3, "data_abertura": "1979-03-10" }, "geometry": { "type": "MultiLineString", "coordinates": [ [ [ -46.632947601893804, -23.550749900353971 ], [ -46.6314958, -23.5509024 ], [ -46.6314008, -23.550912 ], [ -46.6313064, -23.5509204 ], [ -46.6312004, -23.5509287 ], [ -46.6310841, -23.5509352 ], [ -46.6309808, -23.550939 ], [ -46.6308792, -23.55094 ], [ -46.6307738, -23.5509386 ], [ -46.6306698, -23.5509346 ], [ -46.6305601, -23.5509273 ], [ -46.6304411, -23.5509152 ], [ -46.6303304, -23.5509008 ], [ -46.6302121, -23.5508814 ], [ -46.6300977, -23.55086 ], [ -46.630003, -23.5508386 ], [ -46.6299019, -23.5508126 ], [ -46.6297847, -23.5507783 ], [ -46.6296677, -23.5507415 ], [ -46.6295513, -23.5507009 ], [ -46.6294191, -23.5506515 ], [ -46.6292888, -23.5505996 ], [ -46.6286083, -23.5503175 ], [ -46.6284494, -23.5502536 ], [ -46.6282844, -23.5501921 ], [ -46.6281249, -23.5501402 ], [ -46.6279752, -23.5500926 ], [ -46.6278217, -23.5500483 ], [ -46.6276815, -23.5500114 ], [ -46.6275494, -23.5499801 ], [ -46.627402600000011, -23.5499481 ], [ -46.6272658, -23.5499208 ], [ -46.6271203, -23.549894 ], [ -46.6269681, -23.5498682 ], [ -46.6268132, -23.5498441 ], [ -46.6238286, -23.5494072 ], [ -46.6235979, -23.5493709 ], [ -46.6233746, -23.5493353 ], [ -46.6231185, -23.549289 ], [ -46.6229072, -23.5492482 ], [ -46.6226832, -23.5492037 ], [ -46.6224747, -23.5491598 ], [ -46.6222655, -23.549114599999989 ], [ -46.6195062, -23.5484833 ], [ -46.6192534, -23.5484286 ], [ -46.6189717, -23.5483702 ], [ -46.618727, -23.5483216 ], [ -46.6184353, -23.5482688 ], [ -46.6182214, -23.5482324 ], [ -46.6179485, -23.5481894 ], [ -46.6175958, -23.5481403 ], [ -46.6173122, -23.548104 ], [ -46.6170138, -23.5480715 ], [ -46.615888904729225, -23.547951269961189 ] ] ] } },
{ "type": "Feature", "properties": { "fid": 69, "Name": "Linha 3 - Vermelha > BFU", "description": "Itaquera > Barra Funda • 22.2km • 18 estações • 37min • 1 043mil pass/d (MDU 2025) • 1 145mil pass/d (Set/2024) • ATO GoA2+ • Headway: 134s  • 57 trens", "Status_Obra": "Construído", "Modal": "Metrô", "N_Linha": 3, "data_abertura": "1980-08-23" }, "geometry": { "type": "MultiLineString", "coordinates": [ [ [ -46.607052789948824, -23.546283866368409 ], [ -46.6085362, -23.5465816 ], [ -46.6087823, -23.5466331 ], [ -46.6089875, -23.5466772 ], [ -46.609198, -23.5467236 ], [ -46.6094177, -23.5467763 ], [ -46.6096252, -23.5468259 ], [ -46.6116664, -23.5473371 ], [ -46.611832, -23.5473783 ], [ -46.6120225, -23.5474239 ], [ -46.6121793, -23.5474607 ], [ -46.6123537, -23.5474983 ], [ -46.6125106, -23.5475296 ], [ -46.6126882, -23.5475597 ], [ -46.6128626, -23.5475854 ], [ -46.6130618, -23.54761 ], [ -46.6132677, -23.5476303 ], [ -46.6134615, -23.5476444 ], [ -46.6136291, -23.5476527 ], [ -46.6138202, -23.5476586 ], [ -46.614065, -23.5476635 ], [ -46.6142876, -23.5476675 ], [ -46.6145021, -23.5476734 ], [ -46.6147033, -23.5476845 ], [ -46.6149038, -23.5476998 ], [ -46.6150815, -23.547717 ], [ -46.615907548598379, -23.547805847792699 ] ] ] } },
{ "type": "Feature", "properties": { "fid": 70, "Name": "Linha 3 - Vermelha > ITQ", "description": "Barra Funda > Itaquera • 22.2km • 18 estações • 37min • 1 043mil pass/d (MDU 2025) • 1 145mil pass/d (Set/2024) • ATO GoA2+ • Headway: 134s • 57 trens", "Status_Obra": "Construído", "Modal": "Metrô", "N_Linha": 3, "data_abertura": "1980-08-23" }, "geometry": { "type": "MultiLineString", "coordinates": [ [ [ -46.615888904729225, -23.547951269961189 ], [ -46.6144999, -23.5478028 ], [ -46.6142049, -23.5477739 ], [ -46.6132165, -23.5476774 ], [ -46.6130213, -23.5476564 ], [ -46.6128362, -23.5476337 ], [ -46.6126692, -23.5476091 ], [ -46.612512, -23.5475827 ], [ -46.6123387, -23.5475502 ], [ -46.6121583, -23.5475107 ], [ -46.6119437, -23.5474597 ], [ -46.6110948, -23.5472489 ], [ -46.6108822, -23.5471991 ], [ -46.6107126, -23.5471604 ], [ -46.6105215, -23.5471192 ], [ -46.6103083, -23.5470753 ], [ -46.6100897, -23.5470313 ], [ -46.607023405933681, -23.546420991840993 ] ] ] } },
{ "type": "Feature", "properties": { "fid": 71, "Name": "Linha 3 - Vermelha > BFU", "description": "Itaquera > Barra Funda • 22.2km • 18 estações • 37min • 1 043mil pass/d (MDU 2025) • 1 145mil pass/d (Set/2024) • ATO GoA2+ • Headway: 134s  • 57 trens", "Status_Obra": "Construído", "Modal": "Metrô", "N_Linha": 3, "data_abertura": "1981-09-15" }, "geometry": { "type": "MultiLineString", "coordinates": [ [ [ -46.58956058748187, -23.542809708343992 ], [ -46.5961032, -23.5441021 ], [ -46.5962514, -23.5441321 ], [ -46.5964076, -23.5441659 ], [ -46.5965527, -23.5441983 ], [ -46.5966971, -23.544231 ], [ -46.5968376, -23.5442638 ], [ -46.5976174, -23.544449 ], [ -46.5977679, -23.5444834 ], [ -46.5979284, -23.544519 ], [ -46.5981245, -23.544561 ], [ -46.5983361, -23.5446046 ], [ -46.5985506, -23.5446478 ], [ -46.6039957, -23.5457386 ], [ -46.6041873, -23.545777 ], [ -46.6043666, -23.5458108 ], [ -46.6045531, -23.545844 ], [ -46.6055266, -23.546003 ], [ -46.6057343, -23.5460361 ], [ -46.6059392, -23.5460689 ], [ -46.6061447, -23.5461051 ], [ -46.6063435, -23.5461415 ], [ -46.607052789948824, -23.546283866368409 ] ] ] } },
{ "type": "Feature", "properties": { "fid": 72, "Name": "Linha 3 - Vermelha > ITQ", "description": "Barra Funda > Itaquera • 22.2km • 18 estações • 37min • 1 043mil pass/d (MDU 2025) • 1 145mil pass/d (Set/2024) • ATO GoA2+ • Headway: 134s • 57 trens", "Status_Obra": "Construído", "Modal": "Metrô", "N_Linha": 3, "data_abertura": "1981-09-15" }, "geometry": { "type": "MultiLineString", "coordinates": [ [ [ -46.607023405933681, -23.546420991840993 ], [ -46.6061488, -23.5462469 ], [ -46.6059241, -23.5462017 ], [ -46.6056989, -23.5461541 ], [ -46.605483, -23.5461068 ], [ -46.6052979, -23.546065 ], [ -46.6047199, -23.5459322 ], [ -46.6045305, -23.5458889 ], [ -46.6043502, -23.5458487 ], [ -46.6041706, -23.5458102 ], [ -46.6039861, -23.5457719 ], [ -46.5985432, -23.54468 ], [ -46.598331, -23.5446372 ], [ -46.5981151, -23.544592 ], [ -46.5979193, -23.5445502 ], [ -46.5977585, -23.5445148 ], [ -46.5976068, -23.5444803 ], [ -46.5968389, -23.5443018 ], [ -46.5966882, -23.5442684 ], [ -46.5965419, -23.5442366 ], [ -46.5963892, -23.5442043 ], [ -46.5962187, -23.5441699 ], [ -46.5940027, -23.5437343 ], [ -46.5936989, -23.5436765 ], [ -46.5934373, -23.5436298 ], [ -46.5931632, -23.5435849 ], [ -46.5929003, -23.5435459 ], [ -46.5920392, -23.543424399999989 ], [ -46.5918589, -23.5433962 ], [ -46.5916839, -23.5433667 ], [ -46.5914898, -23.5433322 ], [ -46.591324, -23.5433009 ], [ -46.5911468, -23.5432658 ], [ -46.589525045549308, -23.542945106277326 ] ] ] } },
{ "type": "Feature", "properties": { "fid": 73, "Name": "Linha 3 - Vermelha > BFU", "description": "Itaquera > Barra Funda • 22.2km • 18 estações • 37min • 1 043mil pass/d (MDU 2025) • 1 145mil pass/d (Set/2024) • ATO GoA2+ • Headway: 134s  • 57 trens", "Status_Obra": "Construído", "Modal": "Metrô", "N_Linha": 3, "data_abertura": "1981-11-15" }, "geometry": { "type": "MultiLineString", "coordinates": [ [ [ -46.575997755030578, -23.540311372633788 ], [ -46.5826233, -23.5416214 ], [ -46.5829013, -23.5416745 ], [ -46.5831713, -23.5417203 ], [ -46.5834073, -23.541756 ], [ -46.5836058, -23.5417833 ], [ -46.5841482, -23.5418544 ], [ -46.5843936, -23.5418906 ], [ -46.5846297, -23.5419287 ], [ -46.5848503, -23.5419674 ], [ -46.5865153, -23.5422944 ], [ -46.5867105, -23.5423296 ], [ -46.5869045, -23.5423621 ], [ -46.5871194, -23.5423959 ], [ -46.5873086, -23.542423 ], [ -46.5879207, -23.542506599999989 ], [ -46.5881253, -23.5425376 ], [ -46.5883533, -23.5425754 ], [ -46.5886302, -23.5426259 ], [ -46.58956058748187, -23.542809708343992 ] ] ] } },
{ "type": "Feature", "properties": { "fid": 74, "Name": "Linha 3 - Vermelha > ITQ", "description": "Barra Funda > Itaquera • 22.2km • 18 estações • 37min • 1 043mil pass/d (MDU 2025) • 1 145mil pass/d (Set/2024) • ATO GoA2+ • Headway: 134s • 57 trens", "Status_Obra": "Construído", "Modal": "Metrô", "N_Linha": 3, "data_abertura": "1981-11-15" }, "geometry": { "type": "MultiLineString", "coordinates": [ [ [ -46.589525045549308, -23.542945106277326 ], [ -46.5849019, -23.5420308 ], [ -46.5846324, -23.5419817 ], [ -46.5844063, -23.5419448 ], [ -46.584171, -23.5419097 ], [ -46.5835581, -23.5418298 ], [ -46.5833408, -23.5417991 ], [ -46.5831202, -23.5417641 ], [ -46.5829198, -23.5417307 ], [ -46.5827373, -23.5416964 ], [ -46.5810878, -23.5413711 ], [ -46.5801538, -23.5411844 ], [ -46.5798895, -23.5411351 ], [ -46.5796703, -23.5410988 ], [ -46.5794667, -23.5410669 ], [ -46.5788817, -23.5409851 ], [ -46.5786812, -23.5409568 ], [ -46.5784801, -23.5409249 ], [ -46.5782924, -23.5408923 ], [ -46.5781301, -23.5408621 ], [ -46.575970750826926, -23.54043502359815 ] ] ] } },
{ "type": "Feature", "properties": { "fid": 75, "Name": "Linha 3 - Vermelha > BFU", "description": "Itaquera > Barra Funda • 22.2km • 18 estações • 37min • 1 043mil pass/d (MDU 2025) • 1 145mil pass/d (Set/2024) • ATO GoA2+ • Headway: 134s  • 57 trens", "Status_Obra": "Construído", "Modal": "Metrô", "N_Linha": 3, "data_abertura": "1982-04-24" }, "geometry": { "type": "MultiLineString", "coordinates": [ [ [ -46.632849493560201, -23.550450670195371 ], [ -46.634639, -23.5499402 ], [ -46.6348119, -23.5498877 ], [ -46.6349981, -23.5498266 ], [ -46.6351767, -23.5497633 ], [ -46.635369, -23.549688299999989 ], [ -46.6355292, -23.5496201 ], [ -46.6356816, -23.5495519 ], [ -46.6358547, -23.5494702 ], [ -46.6384018, -23.5482155 ], [ -46.6385343, -23.5481486 ], [ -46.6386756, -23.548073 ], [ -46.6387998, -23.548001 ], [ -46.6389221, -23.5479242 ], [ -46.639067, -23.5478281 ], [ -46.6399806, -23.5472037 ], [ -46.6400685, -23.5471416 ], [ -46.6401591, -23.5470746 ], [ -46.6402423, -23.5470098 ], [ -46.6403221, -23.5469446 ], [ -46.6404061, -23.5468728 ], [ -46.6404789, -23.546807 ], [ -46.6405501, -23.5467378 ], [ -46.6406251, -23.5466581 ], [ -46.6406868, -23.54659 ], [ -46.6407457, -23.5465223 ], [ -46.6408051, -23.5464521 ], [ -46.6408621, -23.5463833 ], [ -46.6409278, -23.546302 ], [ -46.6409946, -23.5462175 ], [ -46.6416814, -23.5453266 ], [ -46.6417674, -23.5452179 ], [ -46.6418553, -23.5451115 ], [ -46.641945, -23.5450063 ], [ -46.6420319, -23.5449084 ], [ -46.642114, -23.5448188 ], [ -46.6421944, -23.5447347 ], [ -46.642291, -23.5446382 ], [ -46.6423956, -23.5445354 ], [ -46.6425103, -23.5444266 ], [ -46.6434644, -23.5435282 ], [ -46.643585, -23.5434129 ], [ -46.6440047, -23.5430086 ], [ -46.6441289, -23.5428942 ], [ -46.6442471, -23.5427919 ], [ -46.6443576, -23.5427027 ], [ -46.6444736, -23.5426157 ], [ -46.6445983, -23.5425282 ], [ -46.6447175, -23.5424515 ], [ -46.6448302, -23.5423838 ], [ -46.6449588, -23.5423129 ], [ -46.6450802, -23.542251 ], [ -46.6451984, -23.542193 ], [ -46.645328, -23.5421324 ], [ -46.6459071, -23.5418642 ], [ -46.6460308, -23.5418051 ], [ -46.6461422, -23.5417483 ], [ -46.646279, -23.5416739 ], [ -46.6464133, -23.5415969 ], [ -46.6465302, -23.5415255 ], [ -46.6466532, -23.5414472 ], [ -46.6467756, -23.5413633 ], [ -46.646898, -23.5412757 ], [ -46.6470155, -23.5411861 ], [ -46.647145, -23.5410827 ], [ -46.6472536, -23.540992 ], [ -46.6473741, -23.5408896 ], [ -46.6474944, -23.5407801 ], [ -46.6475964, -23.540683 ], [ -46.647701, -23.5405799 ], [ -46.6478043, -23.5404742 ], [ -46.647921, -23.5403512 ], [ -46.6484226, -23.5398275 ], [ -46.648571, -23.5396703 ], [ -46.6487237, -23.5395073 ], [ -46.649255314694692, -23.538937761772431 ] ] ] } },
{ "type": "Feature", "properties": { "fid": 76, "Name": "Linha 3 - Vermelha > ITQ", "description": "Barra Funda > Itaquera • 22.2km • 18 estações • 37min • 1 043mil pass/d (MDU 2025) • 1 145mil pass/d (Set/2024) • ATO GoA2+ • Headway: 134s • 57 trens", "Status_Obra": "Construído", "Modal": "Metrô", "N_Linha": 3, "data_abertura": "1982-04-24" }, "geometry": { "type": "MultiLineString", "coordinates": [ [ [ -46.649285610744798, -23.538961565810112 ], [ -46.6478458, -23.5405096 ], [ -46.6477535, -23.5406067 ], [ -46.6476633, -23.5406992 ], [ -46.6475623, -23.5408003 ], [ -46.6474545, -23.5409048 ], [ -46.6473342, -23.541016699999989 ], [ -46.6472111, -23.5411273 ], [ -46.6470774, -23.5412408 ], [ -46.6469625, -23.5413329 ], [ -46.6468531, -23.5414157 ], [ -46.6467329, -23.5415014 ], [ -46.6466359, -23.5415672 ], [ -46.6465403, -23.5416281 ], [ -46.6464364, -23.5416912 ], [ -46.6463272, -23.5417542 ], [ -46.6462244, -23.541811 ], [ -46.6461235, -23.5418642 ], [ -46.646035, -23.5419095 ], [ -46.645941, -23.5419566 ], [ -46.6452793, -23.5422822 ], [ -46.6451638, -23.5423404 ], [ -46.645039, -23.5424047 ], [ -46.6449173, -23.5424706 ], [ -46.6448008, -23.5425378 ], [ -46.6446855, -23.5426088 ], [ -46.6445708, -23.5426856 ], [ -46.6444535, -23.5427685 ], [ -46.644346, -23.5428516 ], [ -46.6442393, -23.5429398 ], [ -46.6441349, -23.5430301 ], [ -46.6440361, -23.54312 ], [ -46.6439371, -23.5432146 ], [ -46.6438189, -23.5433322 ], [ -46.6437168, -23.5434389 ], [ -46.6419262, -23.545366 ], [ -46.6418089, -23.5454932 ], [ -46.6416916, -23.5456208 ], [ -46.641577, -23.5457476 ], [ -46.6414844, -23.5458519 ], [ -46.6413832, -23.5459675 ], [ -46.6408959, -23.5465136 ], [ -46.6408299, -23.5465868 ], [ -46.6407672, -23.5466538 ], [ -46.6406965, -23.5467258 ], [ -46.6406204, -23.546799 ], [ -46.6405405, -23.5468714 ], [ -46.640463, -23.5469379 ], [ -46.640378, -23.5470073 ], [ -46.6402835, -23.5470816 ], [ -46.6401854, -23.5471553 ], [ -46.640092, -23.5472239 ], [ -46.639286, -23.547805300000011 ], [ -46.6389296, -23.5480553 ], [ -46.6387806, -23.5481546 ], [ -46.6386328, -23.5482499 ], [ -46.6384911, -23.548336700000011 ], [ -46.635956, -23.54987 ], [ -46.6358153, -23.5499537 ], [ -46.635656, -23.5500448 ], [ -46.6355083, -23.5501228 ], [ -46.6353553, -23.550199 ], [ -46.6351973, -23.5502723 ], [ -46.6350527, -23.550334 ], [ -46.6349135, -23.550388 ], [ -46.6347761, -23.5504365 ], [ -46.6346333, -23.5504814 ], [ -46.6344784, -23.5505261 ], [ -46.6343313, -23.5505621 ], [ -46.6341708, -23.550598 ], [ -46.6339921, -23.5506305 ], [ -46.6338211, -23.5506559 ], [ -46.6336568, -23.5506754 ], [ -46.632947601893804, -23.550749900353971 ] ] ] } },
{ "type": "Feature", "properties": { "fid": 77, "Name": "Linha 3 - Vermelha > BFU", "description": "Itaquera > Barra Funda • 22.2km • 18 estações • 37min • 1 043mil pass/d (MDU 2025) • 1 145mil pass/d (Set/2024) • ATO GoA2+ • Headway: 134s  • 57 trens", "Status_Obra": "Construído", "Modal": "Metrô", "N_Linha": 3, "data_abertura": "1986-11-13" }, "geometry": { "type": "MultiLineString", "coordinates": [ [ [ -46.542851938765949, -23.533495848961916 ], [ -46.5461531, -23.5341496 ], [ -46.5465023, -23.5342148 ], [ -46.5471706, -23.5343354 ], [ -46.5474853, -23.5343939 ], [ -46.5478452, -23.5344618 ], [ -46.5481903, -23.5345298 ], [ -46.5499228, -23.5348717 ], [ -46.5509627, -23.5350803 ], [ -46.5512557, -23.53514 ], [ -46.5526326, -23.5354379 ], [ -46.5529905, -23.5355145 ], [ -46.5532914, -23.5355771 ], [ -46.5556097, -23.5360442 ], [ -46.5559457, -23.5361121 ], [ -46.5562683, -23.53618 ], [ -46.557756500000011, -23.5365021 ], [ -46.5579569, -23.5365436 ], [ -46.5581226, -23.5365768 ], [ -46.558967, -23.5367441 ], [ -46.5591979, -23.5367885 ], [ -46.5609228, -23.5371129 ], [ -46.5626343, -23.5374496 ], [ -46.5629365, -23.5375083 ], [ -46.5685137, -23.5386171 ], [ -46.568722, -23.5386587 ], [ -46.5689733, -23.5387053 ], [ -46.5691949, -23.5387455 ], [ -46.5693908, -23.5387782 ], [ -46.5696117, -23.5388147 ], [ -46.5698307, -23.5388495 ], [ -46.5703235, -23.5389239 ], [ -46.5705387, -23.5389589 ], [ -46.5707942, -23.5390044 ], [ -46.5710222, -23.539048 ], [ -46.5720904, -23.5392607 ], [ -46.5723358, -23.5393124 ], [ -46.5725537, -23.5393634 ], [ -46.5727716, -23.5394205 ], [ -46.5729715, -23.5394797 ], [ -46.5731539, -23.5395392 ], [ -46.5733484, -23.5396075 ], [ -46.5738009, -23.5397741 ], [ -46.5739571, -23.5398294 ], [ -46.5741087, -23.5398798 ], [ -46.5742985, -23.5399389 ], [ -46.5744863, -23.539992 ], [ -46.5746566, -23.5400353 ], [ -46.5748544, -23.5400823 ], [ -46.5750649, -23.5401269 ], [ -46.575997755030578, -23.540311372633788 ] ] ] } },
{ "type": "Feature", "properties": { "fid": 78, "Name": "Linha 3 - Vermelha > ITQ", "description": "Barra Funda > Itaquera • 22.2km • 18 estações • 37min • 1 043mil pass/d (MDU 2025) • 1 145mil pass/d (Set/2024) • ATO GoA2+ • Headway: 134s • 57 trens", "Status_Obra": "Construído", "Modal": "Metrô", "N_Linha": 3, "data_abertura": "1986-11-13" }, "geometry": { "type": "MultiLineString", "coordinates": [ [ [ -46.575970750826926, -23.54043502359815 ], [ -46.5748356, -23.5402105 ], [ -46.5746136, -23.5401621 ], [ -46.5744166, -23.540114 ], [ -46.5742314, -23.5400648 ], [ -46.5740805, -23.5400206 ], [ -46.5739156, -23.539969 ], [ -46.573748, -23.5399112 ], [ -46.5731332, -23.5396782 ], [ -46.5729322, -23.5396044 ], [ -46.572744, -23.5395393 ], [ -46.5725792, -23.5394863 ], [ -46.5724168, -23.5394371 ], [ -46.5722634, -23.5393953 ], [ -46.572087, -23.5393499 ], [ -46.5719107, -23.539309299999989 ], [ -46.5717182, -23.53927 ], [ -46.5711153, -23.5391511 ], [ -46.5709004, -23.5391094 ], [ -46.5707253, -23.539075 ], [ -46.5699615, -23.5389411 ], [ -46.5698079, -23.5389134 ], [ -46.5696495, -23.5388834 ], [ -46.5683353, -23.5386233 ], [ -46.568128, -23.5385833 ], [ -46.5679061, -23.5385437 ], [ -46.5676774, -23.5385052 ], [ -46.5674655, -23.538472 ], [ -46.5665328, -23.5383374 ], [ -46.5663853, -23.5383159 ], [ -46.5662204, -23.5382901 ], [ -46.5660534, -23.5382624 ], [ -46.5658797, -23.538233 ], [ -46.5656966, -23.5381985 ], [ -46.5654955, -23.5381591 ], [ -46.5632753, -23.537719 ], [ -46.5630339, -23.5376686 ], [ -46.5628337, -23.5376266 ], [ -46.5626208, -23.5375779 ], [ -46.5615895, -23.5373261 ], [ -46.561393, -23.53728 ], [ -46.5611533, -23.5372281 ], [ -46.5608981, -23.5371749 ], [ -46.5580563, -23.5366115 ], [ -46.5578589, -23.5365707 ], [ -46.5562358, -23.5362213 ], [ -46.5558388, -23.5361365 ], [ -46.5534396, -23.5356539 ], [ -46.5531943, -23.5356037 ], [ -46.5529712, -23.5355571 ], [ -46.5513005, -23.5351959 ], [ -46.5510152, -23.5351356 ], [ -46.5507729, -23.5350842 ], [ -46.5505253, -23.535034 ], [ -46.5482267, -23.5345777 ], [ -46.5479554, -23.5345235 ], [ -46.5475387, -23.5344411 ], [ -46.5473107, -23.5343985 ], [ -46.5471176, -23.5343637 ], [ -46.5464939, -23.5342569 ], [ -46.5462465, -23.5342117 ], [ -46.5459863, -23.5341627 ], [ -46.545531, -23.534073 ], [ -46.5453198, -23.5340334 ], [ -46.5451099, -23.533998 ], [ -46.5448718, -23.533961 ], [ -46.5446834, -23.5339341 ], [ -46.5440813, -23.5338554 ], [ -46.5438976, -23.5338296 ], [ -46.5437178, -23.5338013 ], [ -46.5435726, -23.5337755 ], [ -46.5434221, -23.5337472 ], [ -46.542817581212361, -23.533627782059053 ] ] ] } },
{ "type": "Feature", "properties": { "fid": 79, "Name": "Linha 3 - Vermelha > BFU", "description": "Itaquera > Barra Funda • 22.2km • 18 estações • 37min • 1 043mil pass/d (MDU 2025) • 1 145mil pass/d (Set/2024) • ATO GoA2+ • Headway: 134s  • 57 trens", "Status_Obra": "Construído", "Modal": "Metrô", "N_Linha": 3, "data_abertura": "1988-08-27" }, "geometry": { "type": "MultiLineString", "coordinates": [ [ [ -46.517017398918277, -23.529429107184807 ], [ -46.5198537, -23.5307922 ], [ -46.5199982, -23.5308608 ], [ -46.5201561, -23.5309318 ], [ -46.5203278, -23.531003 ], [ -46.5204633, -23.5310541 ], [ -46.5206262, -23.5311118 ], [ -46.5207991, -23.5311672 ], [ -46.5209521, -23.5312122 ], [ -46.5211062, -23.5312545 ], [ -46.5212538, -23.5312895 ], [ -46.5213953, -23.5313191 ], [ -46.5215636, -23.531351 ], [ -46.5217561, -23.5313824 ], [ -46.5219726, -23.5314131 ], [ -46.5223961, -23.5314647 ], [ -46.5227084, -23.5314992 ], [ -46.5230247, -23.5315299 ], [ -46.5232628, -23.5315502 ], [ -46.5234941, -23.5315675 ], [ -46.5237502, -23.5315853 ], [ -46.5245633, -23.5316382 ], [ -46.5248037, -23.5316566 ], [ -46.5250646, -23.53168 ], [ -46.5253576, -23.5317094 ], [ -46.5256265, -23.5317383 ], [ -46.5278769, -23.5319991 ], [ -46.5280333, -23.5320154 ], [ -46.528189, -23.5320274 ], [ -46.5283342, -23.5320354 ], [ -46.5284857, -23.5320409 ], [ -46.5286473, -23.5320427 ], [ -46.5288143, -23.5320396 ], [ -46.52898, -23.5320322 ], [ -46.5291502, -23.53202 ], [ -46.5293474, -23.5320016 ], [ -46.5295559, -23.5319782 ], [ -46.5318352, -23.5316775 ], [ -46.5320738, -23.531651 ], [ -46.5322589, -23.5316339 ], [ -46.5324232, -23.5316246 ], [ -46.5325895, -23.5316179 ], [ -46.5327685, -23.531616 ], [ -46.5329207, -23.5316192 ], [ -46.5330898, -23.5316265 ], [ -46.5332735, -23.5316406 ], [ -46.5334538, -23.531659 ], [ -46.533639, -23.5316825 ], [ -46.5338173, -23.5317107 ], [ -46.5339943, -23.5317426 ], [ -46.5341471, -23.5317716 ], [ -46.542851938765949, -23.533495848961916 ] ] ] } },
{ "type": "Feature", "properties": { "fid": 80, "Name": "Linha 3 - Vermelha > ITQ", "description": "Barra Funda > Itaquera • 22.2km • 18 estações • 37min • 1 043mil pass/d (MDU 2025) • 1 145mil pass/d (Set/2024) • ATO GoA2+ • Headway: 134s • 57 trens", "Status_Obra": "Construído", "Modal": "Metrô", "N_Linha": 3, "data_abertura": "1988-08-27" }, "geometry": { "type": "MultiLineString", "coordinates": [ [ [ -46.542817581212361, -23.533627782059053 ], [ -46.5341182, -23.531909 ], [ -46.5339393, -23.5318752 ], [ -46.5337682, -23.5318445 ], [ -46.5335919, -23.5318168 ], [ -46.5334202, -23.5317953 ], [ -46.533256, -23.5317787 ], [ -46.5330729, -23.5317658 ], [ -46.5329127, -23.531759 ], [ -46.5327631, -23.531756 ], [ -46.5326235, -23.5317565 ], [ -46.5324908, -23.5317602 ], [ -46.5323225, -23.5317694 ], [ -46.532173, -23.5317811 ], [ -46.5320013, -23.5317974 ], [ -46.5318283, -23.5318186 ], [ -46.5298992, -23.5320745 ], [ -46.5296505, -23.5321009 ], [ -46.5294311, -23.5321187 ], [ -46.52924, -23.5321285 ], [ -46.5290402, -23.5321316 ], [ -46.5288652, -23.5321291 ], [ -46.5286955, -23.5321218 ], [ -46.5285111, -23.5321095 ], [ -46.5283132, -23.5320907 ], [ -46.5281187, -23.5320689 ], [ -46.525794, -23.5317977 ], [ -46.5253669, -23.531751 ], [ -46.5251034, -23.5317253 ], [ -46.52485260000001, -23.5317031 ], [ -46.524636, -23.5316865 ], [ -46.5244087, -23.531671 ], [ -46.5238588, -23.5316373 ], [ -46.5235817, -23.531619 ], [ -46.5233032, -23.5315977 ], [ -46.5230112, -23.5315734 ], [ -46.5227202, -23.5315457 ], [ -46.5224715, -23.5315187 ], [ -46.5221948, -23.5314855 ], [ -46.5218834, -23.5314455 ], [ -46.5216386, -23.5314105 ], [ -46.5214375, -23.5313759 ], [ -46.5212503, -23.53134 ], [ -46.5210895, -23.5313059 ], [ -46.5209375, -23.5312705 ], [ -46.5207594, -23.5312248 ], [ -46.5206056, -23.5311814 ], [ -46.5204437, -23.531133799999989 ], [ -46.520272, -23.5310778 ], [ -46.5201128, -23.5310231 ], [ -46.5199353, -23.5309573 ], [ -46.5197498, -23.5308847 ], [ -46.519566, -23.530806 ], [ -46.5193655, -23.5307145 ], [ -46.5191958, -23.530634 ], [ -46.516948068630484, -23.529552911335287 ] ] ] } },
{ "type": "Feature", "properties": { "fid": 81, "Name": "Linha 3 - Vermelha > BFU", "description": "Itaquera > Barra Funda • 22.2km • 18 estações • 37min • 1 043mil pass/d (MDU 2025) • 1 145mil pass/d (Set/2024) • ATO GoA2+ • Headway: 134s  • 57 trens", "Status_Obra": "Construído", "Modal": "Metrô", "N_Linha": 3, "data_abertura": "1988-10-01" }, "geometry": { "type": "MultiLineString", "coordinates": [ [ [ -46.4634238, -23.5430429 ], [ -46.4634849, -23.5428662 ], [ -46.4635325, -23.5427436 ], [ -46.4635754, -23.5426465 ], [ -46.4636256, -23.5425457 ], [ -46.463679, -23.5424556 ], [ -46.4637382, -23.5423639 ], [ -46.4638154, -23.5422598 ], [ -46.4639029, -23.5421599 ], [ -46.4639946, -23.5420688 ], [ -46.4640951, -23.5419825 ], [ -46.4641903, -23.54191 ], [ -46.4642875, -23.5418442 ], [ -46.4643961, -23.5417806 ], [ -46.4645235, -23.5417153 ], [ -46.4646734, -23.5416498 ], [ -46.4648212, -23.541599 ], [ -46.4649541, -23.5415633 ], [ -46.465123, -23.5415283 ], [ -46.465286, -23.5415059 ], [ -46.4654549, -23.5414931 ], [ -46.4656306, -23.5414896 ], [ -46.4657928, -23.5414933 ], [ -46.4659772, -23.5415043 ], [ -46.4661707, -23.5415246 ], [ -46.4663978, -23.5415559 ], [ -46.4665962, -23.5415879 ], [ -46.4687641, -23.541949299999988 ], [ -46.4689181, -23.5419737 ], [ -46.4690641, -23.5419943 ], [ -46.4692001, -23.5420069 ], [ -46.469326, -23.5420113 ], [ -46.4694684, -23.5420114 ], [ -46.4696403, -23.542006 ], [ -46.4697485, -23.5420054 ], [ -46.4698683, -23.5420104 ], [ -46.4699913, -23.5420216 ], [ -46.4701163, -23.542037199999989 ], [ -46.4702495, -23.5420588 ], [ -46.4720974, -23.5423655 ], [ -46.4723125, -23.5424056 ], [ -46.4725318, -23.5424493 ], [ -46.4727588, -23.5425018 ], [ -46.4733412, -23.542654 ], [ -46.4734726, -23.5426865 ], [ -46.473605, -23.5427133 ], [ -46.4737622, -23.5427401 ], [ -46.4744013, -23.5428476 ], [ -46.4746474, -23.542886 ], [ -46.4749002, -23.5429201 ], [ -46.4751356, -23.5429448 ], [ -46.4753944, -23.5429653 ], [ -46.475627, -23.5429773 ], [ -46.4758282, -23.5429834 ], [ -46.4760589, -23.5429847 ], [ -46.4762815, -23.5429798 ], [ -46.47648, -23.5429705 ], [ -46.4766936, -23.5429555 ], [ -46.476944, -23.5429288 ], [ -46.4771385, -23.542906 ], [ -46.4773095, -23.5428832 ], [ -46.4774946, -23.5428537 ], [ -46.477689, -23.5428193 ], [ -46.4778821, -23.54278 ], [ -46.4814663, -23.5420012 ], [ -46.481700600000011, -23.5419492 ], [ -46.4818974, -23.541904 ], [ -46.4820724, -23.541857 ], [ -46.4822266, -23.5418111 ], [ -46.4823682, -23.5417632 ], [ -46.482519, -23.541707899999988 ], [ -46.4826471, -23.5416569 ], [ -46.4827785, -23.5415985 ], [ -46.482924, -23.5415271 ], [ -46.4830561, -23.5414564 ], [ -46.4831895, -23.5413802 ], [ -46.4833123, -23.541304 ], [ -46.4834384, -23.5412216 ], [ -46.4835584, -23.5411344 ], [ -46.4836985, -23.5410267 ], [ -46.4838128, -23.5409318 ], [ -46.4839398, -23.5408209 ], [ -46.484225610096374, -23.540555991886137 ] ] ] } },
{ "type": "Feature", "properties": { "fid": 82, "Name": "Linha 3 - Vermelha > ITQ", "description": "Barra Funda > Itaquera • 22.2km • 18 estações • 37min • 1 043mil pass/d (MDU 2025) • 1 145mil pass/d (Set/2024) • ATO GoA2+ • Headway: 134s • 57 trens", "Status_Obra": "Construído", "Modal": "Metrô", "N_Linha": 3, "data_abertura": "1988-10-01" }, "geometry": { "type": "MultiLineString", "coordinates": [ [ [ -46.484332213268608, -23.54066058373823 ], [ -46.4842994, -23.5406906 ], [ -46.484152, -23.5408244 ], [ -46.484028, -23.5409316 ], [ -46.4839013, -23.5410358 ], [ -46.4837993, -23.5411158 ], [ -46.483678, -23.5412037 ], [ -46.4835573, -23.5412842 ], [ -46.4834178, -23.5413715 ], [ -46.483277, -23.5414526 ], [ -46.4831335, -23.5415295 ], [ -46.4829994, -23.541594 ], [ -46.4828566, -23.5416574 ], [ -46.4826896, -23.5417249 ], [ -46.4825363, -23.5417803 ], [ -46.4824086, -23.5418215 ], [ -46.4822712, -23.5418615 ], [ -46.482115, -23.5419027 ], [ -46.4819453, -23.5419432 ], [ -46.4777557, -23.5428543 ], [ -46.4774807, -23.5429105 ], [ -46.4772688, -23.542950099999988 ], [ -46.4771079, -23.5429772 ], [ -46.4769168, -23.543004 ], [ -46.4767129, -23.5430289 ], [ -46.4765125, -23.5430485 ], [ -46.4763032, -23.5430646 ], [ -46.4760966, -23.5430756 ], [ -46.4758567, -23.5430805 ], [ -46.4756085, -23.5430805 ], [ -46.475347, -23.5430737 ], [ -46.4750822, -23.5430602 ], [ -46.4748006, -23.5430343 ], [ -46.4745417, -23.5430027 ], [ -46.4743198, -23.542971 ], [ -46.4732295, -23.5427891 ], [ -46.4730498, -23.5427627 ], [ -46.4728627, -23.5427399 ], [ -46.47245430000001, -23.5426914 ], [ -46.4722558, -23.5426637 ], [ -46.472066, -23.5426335 ], [ -46.4718937, -23.5426034 ], [ -46.4702085, -23.5423261 ], [ -46.4700676, -23.5423009 ], [ -46.4699567, -23.5422769 ], [ -46.4698338, -23.5422452 ], [ -46.4694273, -23.5421238 ], [ -46.4692992, -23.5420887 ], [ -46.4691678, -23.5420587 ], [ -46.4690565, -23.5420383 ], [ -46.468931, -23.5420186 ], [ -46.4665291, -23.5416203 ], [ -46.466324, -23.5415884 ], [ -46.4661412, -23.541565599999988 ], [ -46.4659519, -23.5415475 ], [ -46.4657906, -23.5415374 ], [ -46.4656328, -23.5415334 ], [ -46.465473, -23.5415343 ], [ -46.4653134, -23.5415459 ], [ -46.4651572, -23.5415662 ], [ -46.4650144, -23.5415935 ], [ -46.4648786, -23.5416285 ], [ -46.4647488, -23.5416695 ], [ -46.46462, -23.5417193 ], [ -46.46450440000001, -23.5417734 ], [ -46.4643675, -23.5418481 ], [ -46.4642738, -23.5419073 ], [ -46.4641704, -23.5419835 ], [ -46.4640729, -23.542063 ], [ -46.463977, -23.5421533 ], [ -46.4638986, -23.5422369 ], [ -46.4638278, -23.5423257 ], [ -46.4637578, -23.5424195 ], [ -46.4637048, -23.5425045 ], [ -46.4636568, -23.5425903 ], [ -46.4636151, -23.542675 ], [ -46.46356, -23.5428059 ], [ -46.4635147, -23.5429294 ], [ -46.4634707, -23.5430628 ] ] ] } },
{ "type": "Feature", "properties": { "fid": 83, "Name": "Linha 2 - Verde > VMD", "description": "Vila Formosa/Vila Prudente > Vila Madalena • 14.9/19.1kmkm • 14/18 estações • 21min • 695mil pass/d (MDU 2025) • 753mil pass/d (Nov/2024) • CBTC GoA2+ • Headway: 133s • 27 trens", "Status_Obra": "Construído", "Modal": "Metrô", "N_Linha": 2, "data_abertura": "1998-11-21" }, "geometry": { "type": "MultiLineString", "coordinates": [ [ [ -46.6949965, -23.5431148 ], [ -46.694808, -23.5432787 ], [ -46.6946445, -23.5434249 ], [ -46.6944985, -23.5435596 ], [ -46.6943528, -23.5436987 ], [ -46.6942149, -23.5438339 ], [ -46.6940221, -23.5440269 ], [ -46.6938639, -23.5441837 ], [ -46.6937258, -23.5443163 ], [ -46.6936097, -23.5444237 ], [ -46.6934827, -23.5445358 ], [ -46.6933501, -23.5446468 ], [ -46.6932024, -23.544764 ], [ -46.6930498, -23.5448805 ], [ -46.6929019, -23.5449878 ], [ -46.6927462, -23.5450955 ], [ -46.6900814, -23.5469005 ], [ -46.689965, -23.5469791 ], [ -46.6898509, -23.5470506 ], [ -46.6897415, -23.5471163 ], [ -46.6896119, -23.547188 ], [ -46.6894937, -23.5472487 ], [ -46.6893728, -23.5473065 ], [ -46.6892566, -23.5473587 ], [ -46.6891433, -23.5474029 ], [ -46.689033, -23.5474421 ], [ -46.6889044, -23.5474831 ], [ -46.6887678, -23.5475199 ], [ -46.6886448, -23.5475494 ], [ -46.6885234, -23.5475749 ], [ -46.6883968, -23.547598 ], [ -46.688284, -23.5476158 ], [ -46.688163, -23.5476315 ], [ -46.6880376, -23.5476443 ], [ -46.6872493, -23.5477191 ], [ -46.6871058, -23.5477344 ], [ -46.6869663, -23.5477516 ], [ -46.686814, -23.5477743 ], [ -46.6866686, -23.5478011 ], [ -46.6865375, -23.5478272 ], [ -46.6864081, -23.5478549 ], [ -46.6859263, -23.5479606 ], [ -46.6857947, -23.5479867 ], [ -46.6856628, -23.548010099999988 ], [ -46.685518, -23.5480322 ], [ -46.6853792, -23.5480506 ], [ -46.6852206, -23.5480688 ], [ -46.6839389, -23.5482028 ], [ -46.683803, -23.5482173 ], [ -46.683687, -23.5482319 ], [ -46.6835548, -23.5482511 ], [ -46.6834144, -23.5482745 ], [ -46.6832729, -23.5483019 ], [ -46.6831211, -23.5483359 ], [ -46.6829649, -23.5483762 ], [ -46.6827974, -23.5484242 ], [ -46.6826298, -23.548477 ], [ -46.6824616, -23.5485375 ], [ -46.6822927, -23.5486015 ], [ -46.6821059, -23.5486762 ], [ -46.6819436, -23.5487468 ], [ -46.6796231, -23.5497522 ], [ -46.6794273, -23.5498395 ], [ -46.679252, -23.5499215 ], [ -46.6790857, -23.550005 ], [ -46.6789331, -23.5500832 ], [ -46.6787739, -23.5501701 ], [ -46.6786119, -23.5502626 ], [ -46.6784496, -23.550361 ], [ -46.6782913, -23.550464099999989 ], [ -46.6781313, -23.5505729 ], [ -46.677116, -23.5512849 ], [ -46.6770128, -23.5513566 ], [ -46.6769137, -23.551424 ], [ -46.6768182, -23.551487 ], [ -46.6767282, -23.551545 ], [ -46.6766364, -23.5516019 ], [ -46.6765426, -23.5516588 ], [ -46.6764324, -23.5517232 ], [ -46.6763266, -23.551782 ], [ -46.6762224, -23.5518376 ], [ -46.6761138, -23.5518938 ], [ -46.676001, -23.5519499 ], [ -46.6758737, -23.5520107 ], [ -46.675737, -23.5520731 ], [ -46.6755956, -23.5521343 ], [ -46.675467, -23.5521884 ], [ -46.6753293, -23.5522441 ], [ -46.670659000338823, -23.554123261419697 ] ] ] } },
{ "type": "Feature", "properties": { "fid": 84, "Name": "Linha 2 - Verde > VPT", "description": "Vila Madalena > Vila Prudente/Vila Formosa • 14.9/19.1kmkm • 14/18 estações • 21min • 695mil pass/d (MDU 2025) • 753mil pass/d (Nov/2024) • CBTC GoA2+ • Headway: 133s • 27 trens", "Status_Obra": "Construído", "Modal": "Metrô", "N_Linha": 2, "data_abertura": "1998-11-21" }, "geometry": { "type": "MultiLineString", "coordinates": [ [ [ -46.6950248, -23.5431409 ], [ -46.6948373, -23.5433033 ], [ -46.6946686, -23.543454 ], [ -46.6945247, -23.5435868 ], [ -46.6943769, -23.5437271 ], [ -46.694247, -23.543854 ], [ -46.6940515, -23.54405 ], [ -46.6938876, -23.5442115 ], [ -46.6937578, -23.544336 ], [ -46.6936341, -23.5444519 ], [ -46.6935087, -23.5445625 ], [ -46.6933755, -23.5446742 ], [ -46.6932317, -23.5447896 ], [ -46.6930764, -23.5449074 ], [ -46.69292870000001, -23.5450148 ], [ -46.6927719, -23.5451245 ], [ -46.6902199, -23.546853 ], [ -46.690103, -23.5469322 ], [ -46.6899909, -23.5470059 ], [ -46.6898743, -23.5470801 ], [ -46.6897609, -23.5471477 ], [ -46.6896335, -23.5472184 ], [ -46.6895134, -23.5472806 ], [ -46.6893928, -23.5473389 ], [ -46.6892738, -23.5473909 ], [ -46.6891591, -23.547436 ], [ -46.6890432, -23.5474766 ], [ -46.6889154, -23.5475166 ], [ -46.6887825, -23.5475534 ], [ -46.6886556, -23.5475839 ], [ -46.6885291, -23.5476106 ], [ -46.6884047, -23.5476343 ], [ -46.6882919, -23.5476514 ], [ -46.6881698, -23.5476673 ], [ -46.6880403, -23.5476807 ], [ -46.687253, -23.5477544 ], [ -46.6871131, -23.5477698 ], [ -46.6869732, -23.5477877 ], [ -46.6868276, -23.5478092 ], [ -46.6866828, -23.547835 ], [ -46.686554, -23.5478613 ], [ -46.6864174, -23.547891 ], [ -46.6859365, -23.5479957 ], [ -46.6858016, -23.5480227 ], [ -46.6856665, -23.548047 ], [ -46.6855261, -23.5480683 ], [ -46.6853886, -23.5480864 ], [ -46.685229, -23.5481046 ], [ -46.6839432, -23.548234 ], [ -46.6838079, -23.5482487 ], [ -46.6836894, -23.5482634 ], [ -46.683565, -23.5482822 ], [ -46.6834233, -23.5483057 ], [ -46.6832851, -23.5483332 ], [ -46.6831311, -23.5483686 ], [ -46.682975, -23.5484085 ], [ -46.6828083, -23.5484552 ], [ -46.6826436, -23.5485075 ], [ -46.6824761, -23.5485672 ], [ -46.6823048, -23.548632 ], [ -46.6821223, -23.5487057 ], [ -46.6819584, -23.5487761 ], [ -46.6796353, -23.5497838 ], [ -46.6794439, -23.5498686 ], [ -46.67927, -23.5499497 ], [ -46.6791072, -23.5500307 ], [ -46.6789516, -23.5501107 ], [ -46.6787933, -23.5501968 ], [ -46.6786351, -23.5502871 ], [ -46.6784703, -23.5503875 ], [ -46.6783119, -23.5504907 ], [ -46.6781551, -23.5505972 ], [ -46.6771378, -23.55131 ], [ -46.6770364, -23.5513806 ], [ -46.6769348, -23.55145 ], [ -46.6768392, -23.5515133 ], [ -46.67675, -23.5515714 ], [ -46.6766553, -23.551631 ], [ -46.6765638, -23.5516862 ], [ -46.676459, -23.5517472 ], [ -46.676349, -23.5518089 ], [ -46.6762379, -23.5518691 ], [ -46.6761344, -23.5519228 ], [ -46.6760204, -23.5519803 ], [ -46.6759017, -23.5520368 ], [ -46.6757619, -23.5521013 ], [ -46.6756484, -23.5521513 ], [ -46.6755301, -23.552202 ], [ -46.67067632588499, -23.554155913426069 ] ] ] } },
{ "type": "Feature", "properties": { "fid": 85, "Name": "Linha 2 - Verde > VMD", "description": "Vila Formosa/Vila Prudente > Vila Madalena • 14.9/19.1kmkm • 14/18 estações • 21min • 695mil pass/d (MDU 2025) • 753mil pass/d (Nov/2024) • CBTC GoA2+ • Headway: 133s • 27 trens", "Status_Obra": "Construído", "Modal": "Metrô", "N_Linha": 2, "data_abertura": "1991-01-25" }, "geometry": { "type": "MultiLineString", "coordinates": [ [ [ -46.66193057325853, -23.556485613096982 ], [ -46.6594638, -23.5586754 ], [ -46.65936, -23.558768 ], [ -46.6592554, -23.5588633 ], [ -46.6591431, -23.5589668 ], [ -46.6590316, -23.559072 ], [ -46.6589283, -23.5591696 ], [ -46.6586453, -23.5594405 ], [ -46.6585339, -23.559546 ], [ -46.6584198, -23.5596529 ], [ -46.6583247, -23.5597406 ], [ -46.6582194, -23.5598361 ], [ -46.6573059, -23.5606541 ], [ -46.6571532, -23.5607889 ], [ -46.6570093, -23.5609142 ], [ -46.6568769, -23.561027 ], [ -46.6567423, -23.5611403 ], [ -46.6538123, -23.5635608 ], [ -46.6536525, -23.5636931 ], [ -46.6535029, -23.5638193 ], [ -46.6533381, -23.5639598 ], [ -46.6531703, -23.5641033 ], [ -46.6521574, -23.5649798 ], [ -46.6520232, -23.5650952 ], [ -46.6518834, -23.5652134 ], [ -46.6517322, -23.5653396 ], [ -46.6502984, -23.566525 ], [ -46.6500844, -23.566702 ], [ -46.6498674, -23.5668789 ], [ -46.6497053, -23.5670096 ], [ -46.6495444, -23.5671377 ], [ -46.6461313, -23.5697631 ], [ -46.64597, -23.5698884 ], [ -46.6458126, -23.5700104 ], [ -46.6456712, -23.5701223 ], [ -46.645517, -23.570246 ], [ -46.6446399, -23.5709675 ], [ -46.6444502, -23.5711209 ], [ -46.6442698, -23.5712669 ], [ -46.6440871, -23.5714129 ], [ -46.6439034, -23.5715578 ], [ -46.6437002, -23.5717138 ], [ -46.6435032, -23.5718607 ], [ -46.6433142, -23.5719974 ], [ -46.6424318, -23.5726248 ], [ -46.6423251, -23.5727036 ], [ -46.6422287, -23.5727782 ], [ -46.6421332, -23.5728568 ], [ -46.6420361, -23.5729431 ], [ -46.6419369, -23.5730387 ], [ -46.6418465, -23.5731331 ], [ -46.6417612, -23.5732296 ], [ -46.6416778, -23.5733319 ], [ -46.6415972, -23.5734396 ], [ -46.6415266, -23.5735419 ], [ -46.6414632, -23.5736422 ], [ -46.6414027, -23.5737438 ], [ -46.6413485, -23.5738409 ], [ -46.6412965, -23.5739416 ], [ -46.6412433, -23.5740559 ], [ -46.6411966, -23.5741653 ], [ -46.6411545, -23.5742759 ], [ -46.6411082, -23.5744162 ], [ -46.641073, -23.574537 ], [ -46.6410461, -23.5746454 ], [ -46.6410212, -23.574762 ], [ -46.6409983, -23.574885 ], [ -46.6409778, -23.5750187 ], [ -46.6409584, -23.5751617 ], [ -46.6409432, -23.5753017 ], [ -46.6409321, -23.5754543 ], [ -46.6409223, -23.5756303 ], [ -46.6409164, -23.575784899999988 ], [ -46.640911, -23.5759474 ], [ -46.6408946, -23.5765575 ], [ -46.6408909, -23.5766398 ], [ -46.6408852, -23.5767314 ], [ -46.6408779, -23.5768243 ], [ -46.6408666, -23.5769418 ], [ -46.6408526, -23.5770591 ], [ -46.6408359, -23.5771757 ], [ -46.6408175, -23.5772778 ], [ -46.640792, -23.5773969 ], [ -46.6407664, -23.5775021 ], [ -46.6407363, -23.5776077 ], [ -46.6407028, -23.5777105 ], [ -46.6406632, -23.5778197 ], [ -46.6406183, -23.5779271 ], [ -46.640575, -23.5780212 ], [ -46.6405211, -23.5781282 ], [ -46.64046410000001, -23.5782338 ], [ -46.6403934, -23.5783547 ], [ -46.6403339, -23.578452299999988 ], [ -46.640272, -23.5785491 ], [ -46.638105731382439, -23.581961671131996 ] ] ] } },
{ "type": "Feature", "properties": { "fid": 86, "Name": "Linha 2 - Verde > VPT", "description": "Vila Madalena > Vila Prudente/Vila Formosa • 14.9/19.1kmkm • 14/18 estações • 21min • 695mil pass/d (MDU 2025) • 753mil pass/d (Nov/2024) • CBTC GoA2+ • Headway: 133s • 27 trens", "Status_Obra": "Construído", "Modal": "Metrô", "N_Linha": 2, "data_abertura": "1991-01-25" }, "geometry": { "type": "MultiLineString", "coordinates": [ [ [ -46.662057704124024, -23.556594582399327 ], [ -46.6597217, -23.5586667 ], [ -46.6595844, -23.558786 ], [ -46.6594561, -23.5588975 ], [ -46.6593076, -23.5590245 ], [ -46.6586152, -23.5596174 ], [ -46.6584749, -23.5597393 ], [ -46.6583494, -23.5598488 ], [ -46.656176, -23.5617824 ], [ -46.6560201, -23.561922 ], [ -46.6558742, -23.5620504 ], [ -46.6557287, -23.5621757 ], [ -46.6555651, -23.5623153 ], [ -46.6554024, -23.5624505 ], [ -46.6518252, -23.5654016 ], [ -46.6516758, -23.5655249 ], [ -46.6514951, -23.5656756 ], [ -46.6513128, -23.5658282 ], [ -46.651129, -23.565982 ], [ -46.6496858, -23.567199 ], [ -46.6495411, -23.567321 ], [ -46.6493931, -23.5674449 ], [ -46.6492419, -23.5675686 ], [ -46.6490796, -23.5676977 ], [ -46.648916, -23.5678262 ], [ -46.6449045, -23.5708972 ], [ -46.6447295, -23.5710321 ], [ -46.6445571, -23.5711688 ], [ -46.6443882, -23.5713064 ], [ -46.6439872, -23.5716393 ], [ -46.6438956, -23.5717128 ], [ -46.6438024, -23.5717852 ], [ -46.64371, -23.5718556 ], [ -46.6436231, -23.5719201 ], [ -46.6435379, -23.5719816 ], [ -46.6434596, -23.5720366 ], [ -46.6433823, -23.5720888 ], [ -46.6433041, -23.5721392 ], [ -46.6432224, -23.57219 ], [ -46.6426968, -23.5725087 ], [ -46.6426097, -23.572562099999988 ], [ -46.6425301, -23.572613 ], [ -46.6424457, -23.5726698 ], [ -46.6423549, -23.5727352 ], [ -46.6422576, -23.5728096 ], [ -46.6421643, -23.5728864 ], [ -46.6420642, -23.5729749 ], [ -46.6419687, -23.5730676 ], [ -46.6418814, -23.5731591 ], [ -46.6417962, -23.5732556 ], [ -46.6417151, -23.573356 ], [ -46.6416374, -23.5734592 ], [ -46.6415656, -23.5735632 ], [ -46.6415019, -23.5736635 ], [ -46.641442, -23.5737648 ], [ -46.6413895, -23.5738587 ], [ -46.6413379, -23.5739585 ], [ -46.6412853, -23.5740684 ], [ -46.6412385, -23.5741792 ], [ -46.6411972, -23.5742869 ], [ -46.6411513, -23.5744281 ], [ -46.6411172, -23.5745451 ], [ -46.6410909, -23.5746532 ], [ -46.6410659, -23.5747685 ], [ -46.6410436, -23.57489 ], [ -46.6410224, -23.5750231 ], [ -46.6410029, -23.5751677 ], [ -46.6409878, -23.5753045 ], [ -46.6409776, -23.5754565 ], [ -46.6409674, -23.5756314 ], [ -46.6409615, -23.5757858 ], [ -46.6409555, -23.5759499 ], [ -46.6409392, -23.5765555 ], [ -46.640936, -23.5766392 ], [ -46.640931, -23.5767329 ], [ -46.6409233, -23.5768278 ], [ -46.6409117, -23.5769494 ], [ -46.6408981, -23.5770591 ], [ -46.6408804, -23.5771783 ], [ -46.6408623, -23.5772805 ], [ -46.6408368, -23.5774001 ], [ -46.6408112, -23.5775032 ], [ -46.64078, -23.5776143 ], [ -46.6407481, -23.5777155 ], [ -46.6407076, -23.577828 ], [ -46.6406617, -23.5779393 ], [ -46.6406162, -23.5780398 ], [ -46.6405637, -23.5781419 ], [ -46.6405029, -23.5782522 ], [ -46.6404348, -23.5783696 ], [ -46.6403729, -23.5784723 ], [ -46.6403123, -23.5785701 ], [ -46.6397902, -23.5793944 ], [ -46.6397323, -23.5794891 ], [ -46.6396758, -23.5795832 ], [ -46.6396197, -23.5796793 ], [ -46.6395609, -23.5797825 ], [ -46.6394998, -23.5798901 ], [ -46.6391979, -23.5804369 ], [ -46.639151, -23.580521 ], [ -46.639107, -23.5805957 ], [ -46.639062, -23.5806696 ], [ -46.6390181, -23.5807389 ], [ -46.638205292940661, -23.582016691999918 ] ] ] } },
{ "type": "Feature", "properties": { "fid": 87, "Name": "Linha 2 - Verde > VMD", "description": "Vila Formosa/Vila Prudente > Vila Madalena • 14.9/19.1kmkm • 14/18 estações • 21min • 695mil pass/d (MDU 2025) • 753mil pass/d (Nov/2024) • CBTC GoA2+ • Headway: 133s • 27 trens", "Status_Obra": "Construído", "Modal": "Metrô", "N_Linha": 2, "data_abertura": "1992-09-12" }, "geometry": { "type": "MultiLineString", "coordinates": [ [ [ -46.670659000338823, -23.554123261419697 ], [ -46.6698735, -23.5544393 ], [ -46.669761, -23.5544835 ], [ -46.6696464, -23.5545278 ], [ -46.669531, -23.5545704 ], [ -46.6694204, -23.5546076 ], [ -46.6693027, -23.5546434 ], [ -46.6691838, -23.5546762 ], [ -46.6690734, -23.5547035 ], [ -46.668965, -23.5547278 ], [ -46.6688616, -23.5547479 ], [ -46.6687502, -23.5547655 ], [ -46.6686302, -23.5547798 ], [ -46.6685101, -23.5547923 ], [ -46.6683826, -23.5548012 ], [ -46.6682549, -23.5548037 ], [ -46.6681296, -23.5548017 ], [ -46.6680067, -23.5547981 ], [ -46.6658706, -23.5547008 ], [ -46.6657214, -23.5546961 ], [ -46.6655857, -23.5546932 ], [ -46.6654513, -23.5546943 ], [ -46.6653203, -23.5546984 ], [ -46.6651938, -23.5547069 ], [ -46.6650675, -23.5547195 ], [ -46.6649434, -23.5547344 ], [ -46.6648215, -23.5547533 ], [ -46.6647005, -23.5547767 ], [ -46.6645808, -23.5548037 ], [ -46.6644555, -23.554836 ], [ -46.6643321, -23.5548708 ], [ -46.6642112, -23.5549091 ], [ -46.664089, -23.5549523 ], [ -46.6639627, -23.5550023 ], [ -46.6638475, -23.5550511 ], [ -46.6637307, -23.5551053 ], [ -46.6636131, -23.5551644 ], [ -46.6635037, -23.555224799999987 ], [ -46.6633964, -23.5552879 ], [ -46.6632943, -23.555351 ], [ -46.6631962, -23.5554163 ], [ -46.6630904, -23.5554911 ], [ -46.6629939, -23.5555634 ], [ -46.6628968, -23.5556399 ], [ -46.6628027, -23.555717 ], [ -46.6627061, -23.5557982 ], [ -46.6626065, -23.5558854 ], [ -46.6625008, -23.5559794 ], [ -46.66193057325853, -23.556485613096982 ] ] ] } },
{ "type": "Feature", "properties": { "fid": 88, "Name": "Linha 2 - Verde > VPT", "description": "Vila Madalena > Vila Prudente/Vila Formosa • 14.9/19.1kmkm • 14/18 estações • 21min • 695mil pass/d (MDU 2025) • 753mil pass/d (Nov/2024) • CBTC GoA2+ • Headway: 133s • 27 trens", "Status_Obra": "Construído", "Modal": "Metrô", "N_Linha": 2, "data_abertura": "1992-09-12" }, "geometry": { "type": "MultiLineString", "coordinates": [ [ [ -46.67067632588499, -23.554155913426069 ], [ -46.6698876, -23.5544734 ], [ -46.669775, -23.5545182 ], [ -46.669663300000011, -23.554561 ], [ -46.6695504, -23.5546027 ], [ -46.6694373, -23.5546408 ], [ -46.6693159, -23.5546775 ], [ -46.6691969, -23.5547106 ], [ -46.6690764, -23.5547412 ], [ -46.6689748, -23.5547638 ], [ -46.6688659, -23.5547849 ], [ -46.6687566, -23.5548017 ], [ -46.6686371, -23.5548162 ], [ -46.6685107, -23.5548288 ], [ -46.6683884, -23.5548364 ], [ -46.6682565, -23.5548402 ], [ -46.6681304, -23.5548389 ], [ -46.668003, -23.5548355 ], [ -46.6662817, -23.5547694 ], [ -46.6661477, -23.5547649 ], [ -46.6660131, -23.5547616 ], [ -46.6658747, -23.5547609 ], [ -46.6657532, -23.554763 ], [ -46.6656279, -23.5547678 ], [ -46.6655077, -23.5547751 ], [ -46.6653882, -23.5547861 ], [ -46.6652567, -23.5548023 ], [ -46.6651308, -23.5548209 ], [ -46.6649928, -23.5548439 ], [ -46.664863, -23.5548704 ], [ -46.6647361, -23.5548998 ], [ -46.6646103, -23.5549346 ], [ -46.6644845, -23.5549735 ], [ -46.6643673, -23.5550141 ], [ -46.6642492, -23.5550588 ], [ -46.6641274, -23.555108 ], [ -46.6640023, -23.5551616 ], [ -46.6638736, -23.5552224 ], [ -46.6637533, -23.5552845 ], [ -46.6636316, -23.5553513 ], [ -46.6635087, -23.5554225 ], [ -46.6633757, -23.5555047 ], [ -46.6632441, -23.5555947 ], [ -46.6631229, -23.5556826 ], [ -46.6629816, -23.5557914 ], [ -46.6628571, -23.5558914 ], [ -46.6627428, -23.5559882 ], [ -46.6626245, -23.5560918 ], [ -46.662057704124024, -23.556594582399327 ] ] ] } },
{ "type": "Feature", "properties": { "fid": 89, "Name": "Linha 2 - Verde > VMD", "description": "Vila Formosa/Vila Prudente > Vila Madalena • 14.9/19.1kmkm • 14/18 estações • 21min • 695mil pass/d (MDU 2025) • 753mil pass/d (Nov/2024) • CBTC GoA2+ • Headway: 133s • 27 trens", "Status_Obra": "Construído", "Modal": "Metrô", "N_Linha": 2, "data_abertura": "2006-03-30" }, "geometry": { "type": "MultiLineString", "coordinates": [ [ [ -46.638105731382439, -23.581961671131996 ], [ -46.6360198, -23.5852475 ], [ -46.6359539, -23.585354 ], [ -46.6358956, -23.5854508 ], [ -46.6358332, -23.5855565 ], [ -46.6357657, -23.5856752 ], [ -46.6357066, -23.5857856 ], [ -46.6356515, -23.5858928 ], [ -46.6356044, -23.5859868 ], [ -46.6343933, -23.5884581 ], [ -46.6343333, -23.5885769 ], [ -46.6342747, -23.5886901 ], [ -46.634211, -23.5888065 ], [ -46.6341439, -23.5889233 ], [ -46.6340789, -23.5890299 ], [ -46.63401, -23.5891339 ], [ -46.6339416, -23.5892307 ], [ -46.6338673, -23.5893275 ], [ -46.63379290000001, -23.5894184 ], [ -46.6337095, -23.5895147 ], [ -46.6336189, -23.5896122 ], [ -46.6335251, -23.5897072 ], [ -46.6334323, -23.5897963 ], [ -46.6333292, -23.5898908 ], [ -46.6300484, -23.5928506 ], [ -46.6299514, -23.5929398 ], [ -46.6298578, -23.5930298 ], [ -46.6297639, -23.5931251 ], [ -46.629672, -23.5932232 ], [ -46.6295847, -23.5933207 ], [ -46.6293247, -23.5936087 ], [ -46.6292262, -23.5937138 ], [ -46.6291002, -23.5938391 ], [ -46.6289639, -23.5939675 ], [ -46.6288352, -23.5940818 ], [ -46.6287069, -23.5941902 ], [ -46.6285932, -23.594279 ], [ -46.6284543, -23.5943763 ], [ -46.6283201, -23.594461 ], [ -46.6281798, -23.5945413 ], [ -46.628042, -23.5946125 ], [ -46.6278934, -23.594681 ], [ -46.6277523, -23.59474 ], [ -46.62759530000001, -23.5947986 ], [ -46.6274524, -23.5948457 ], [ -46.6272866, -23.594894199999988 ], [ -46.6271322, -23.5949333 ], [ -46.6269611, -23.5949711 ], [ -46.6258994, -23.5951754 ], [ -46.6257104, -23.5952076 ], [ -46.62554, -23.5952297 ], [ -46.6253574, -23.5952482 ], [ -46.6251754, -23.5952593 ], [ -46.6249869, -23.5952654 ], [ -46.6248025, -23.5952661 ], [ -46.6246048, -23.595258 ], [ -46.6244338, -23.5952456 ], [ -46.6235804, -23.5951714 ], [ -46.6234118, -23.5951618 ], [ -46.6232556, -23.5951578 ], [ -46.6231037, -23.5951593 ], [ -46.62293840000001, -23.595167 ], [ -46.6227791, -23.5951778 ], [ -46.6226296, -23.5951947 ], [ -46.6224814, -23.5952172 ], [ -46.6223379, -23.5952421 ], [ -46.6221988, -23.5952737 ], [ -46.6220345, -23.5953163 ], [ -46.621887, -23.5953619 ], [ -46.6217053, -23.595427 ], [ -46.6215322, -23.5954957 ], [ -46.6213653, -23.5955671 ], [ -46.620646233678329, -23.595883516663278 ] ] ] } },
{ "type": "Feature", "properties": { "fid": 90, "Name": "Linha 2 - Verde > VPT", "description": "Vila Madalena > Vila Prudente/Vila Formosa • 14.9/19.1kmkm • 14/18 estações • 21min • 695mil pass/d (MDU 2025) • 753mil pass/d (Nov/2024) • CBTC GoA2+ • Headway: 133s • 27 trens", "Status_Obra": "Construído", "Modal": "Metrô", "N_Linha": 2, "data_abertura": "2006-03-30" }, "geometry": { "type": "MultiLineString", "coordinates": [ [ [ -46.638205292940661, -23.582016691999918 ], [ -46.6361179, -23.5852981 ], [ -46.636036, -23.5854268 ], [ -46.6359651, -23.5855447 ], [ -46.6359015, -23.5856573 ], [ -46.6358426, -23.5857677 ], [ -46.6357778, -23.5858933 ], [ -46.6357129, -23.586026 ], [ -46.6343585, -23.5888139 ], [ -46.6343003, -23.588931 ], [ -46.6342452, -23.5890365 ], [ -46.6341855, -23.5891449 ], [ -46.6341251, -23.589249 ], [ -46.6340651, -23.589347 ], [ -46.6340017, -23.5894449 ], [ -46.6339329, -23.5895448 ], [ -46.6338609, -23.5896411 ], [ -46.6337895, -23.5897316 ], [ -46.633718, -23.5898161 ], [ -46.6336347, -23.5899089 ], [ -46.6335485, -23.5900005 ], [ -46.6334584, -23.59009 ], [ -46.6333608, -23.5901837 ], [ -46.6332637, -23.5902729 ], [ -46.6290589, -23.5940618 ], [ -46.6289381, -23.5941653 ], [ -46.6288168, -23.5942632 ], [ -46.6286893, -23.5943586 ], [ -46.6285526, -23.5944514 ], [ -46.628395, -23.5945504 ], [ -46.6282401, -23.5946373 ], [ -46.6281023, -23.5947071 ], [ -46.627963200000011, -23.5947713 ], [ -46.6278204, -23.5948316 ], [ -46.6276714, -23.5948874 ], [ -46.6275212, -23.5949391 ], [ -46.6273757, -23.5949851 ], [ -46.6272114, -23.5950291 ], [ -46.6270368, -23.5950707 ], [ -46.6268714, -23.5951062 ], [ -46.6259683, -23.5952838 ], [ -46.6257822, -23.5953176 ], [ -46.6256067, -23.5953452 ], [ -46.6254332, -23.5953649 ], [ -46.6252609, -23.5953797 ], [ -46.6251005, -23.5953901 ], [ -46.6249316, -23.595395 ], [ -46.6247647, -23.5953933 ], [ -46.6245997, -23.5953865 ], [ -46.6244374, -23.5953747 ], [ -46.6236544, -23.5952974 ], [ -46.6235159, -23.5952852 ], [ -46.6233836, -23.5952766 ], [ -46.6232484, -23.5952727 ], [ -46.6231123, -23.5952733 ], [ -46.6229695, -23.5952785 ], [ -46.6228341, -23.5952893 ], [ -46.6226744, -23.5953083 ], [ -46.622537, -23.5953286 ], [ -46.6223891, -23.5953566 ], [ -46.6222517, -23.5953876 ], [ -46.6221156, -23.5954227 ], [ -46.6219636, -23.5954688 ], [ -46.6218198, -23.5955182 ], [ -46.6216924, -23.5955672 ], [ -46.621543, -23.5956278 ], [ -46.6214058, -23.5956863 ], [ -46.620702892085362, -23.595998722190927 ] ] ] } },
{ "type": "Feature", "properties": { "fid": 91, "Name": "Linha 2 - Verde > VMD", "description": "Vila Formosa/Vila Prudente > Vila Madalena • 14.9/19.1kmkm • 14/18 estações • 21min • 695mil pass/d (MDU 2025) • 753mil pass/d (Nov/2024) • CBTC GoA2+ • Headway: 133s • 27 trens", "Status_Obra": "Construído", "Modal": "Metrô", "N_Linha": 2, "data_abertura": "2007-06-30" }, "geometry": { "type": "MultiLineString", "coordinates": [ [ [ -46.620646233678329, -23.595883516663278 ], [ -46.6200045, -23.5961659 ], [ -46.619884, -23.5962202 ], [ -46.6197701, -23.5962758 ], [ -46.6196601, -23.5963327 ], [ -46.619543, -23.596399 ], [ -46.6194254, -23.596471 ], [ -46.6193166, -23.5965425 ], [ -46.6192022, -23.5966219 ], [ -46.619104900000011, -23.5966953 ], [ -46.6190067, -23.5967735 ], [ -46.6189048, -23.5968621 ], [ -46.6188095, -23.5969512 ], [ -46.6187223, -23.5970384 ], [ -46.6186235, -23.5971389 ], [ -46.6169417, -23.5988696 ], [ -46.6168326, -23.5989846 ], [ -46.6167063, -23.599122 ], [ -46.616586, -23.5992561 ], [ -46.6164494, -23.5994117 ], [ -46.6163189, -23.599563 ], [ -46.6155359, -23.6004925 ], [ -46.6154524, -23.6005886 ], [ -46.6153679, -23.6006807 ], [ -46.6152764, -23.6007763 ], [ -46.6151785, -23.6008743 ], [ -46.6150783, -23.6009708 ], [ -46.6149824, -23.6010592 ], [ -46.6148644, -23.60116 ], [ -46.6147518, -23.6012487 ], [ -46.61464, -23.6013287 ], [ -46.6145214, -23.6014091 ], [ -46.6143982, -23.6014847 ], [ -46.6142712, -23.601557 ], [ -46.6141332, -23.6016305 ], [ -46.6139916, -23.6017003 ], [ -46.6138485, -23.6017671 ], [ -46.6137119, -23.601824 ], [ -46.6135805, -23.601873 ], [ -46.6134308, -23.6019226 ], [ -46.6132838, -23.601966 ], [ -46.6131392, -23.6020048 ], [ -46.6129955, -23.6020396 ], [ -46.6128383, -23.6020746 ], [ -46.612687, -23.6021048 ], [ -46.6125294, -23.6021328 ], [ -46.612513021200577, -23.602135522369029 ] ] ] } },
{ "type": "Feature", "properties": { "fid": 92, "Name": "Linha 2 - Verde > VPT", "description": "Vila Madalena > Vila Prudente/Vila Formosa • 14.9/19.1kmkm • 14/18 estações • 21min • 695mil pass/d (MDU 2025) • 753mil pass/d (Nov/2024) • CBTC GoA2+ • Headway: 133s • 27 trens", "Status_Obra": "Construído", "Modal": "Metrô", "N_Linha": 2, "data_abertura": "2007-06-30" }, "geometry": { "type": "MultiLineString", "coordinates": [ [ [ -46.620702892085362, -23.595998722190927 ], [ -46.619967, -23.596325799999988 ], [ -46.6198338, -23.5963863 ], [ -46.6197107, -23.5964443 ], [ -46.61959, -23.5965058 ], [ -46.6194844, -23.5965645 ], [ -46.6193718, -23.5966306 ], [ -46.6192619, -23.5966997 ], [ -46.6191594, -23.5967676 ], [ -46.6190603, -23.5968376 ], [ -46.6189504, -23.5969212 ], [ -46.6188447, -23.597007 ], [ -46.618746, -23.5970912 ], [ -46.6186472, -23.5971801 ], [ -46.6185276, -23.5972958 ], [ -46.6184007, -23.5974232 ], [ -46.6169718, -23.5988924 ], [ -46.6168655, -23.5990048 ], [ -46.6167372, -23.5991442 ], [ -46.6166155, -23.5992793 ], [ -46.6164974, -23.5994133 ], [ -46.6163516, -23.5995818 ], [ -46.615567, -23.6005146 ], [ -46.6154849, -23.6006089 ], [ -46.615399600000011, -23.6007028 ], [ -46.6153049, -23.600802199999986 ], [ -46.6152104, -23.6008971 ], [ -46.61511, -23.6009943 ], [ -46.61501, -23.6010855 ], [ -46.614895, -23.6011833 ], [ -46.6147774, -23.6012759 ], [ -46.6146647, -23.6013573 ], [ -46.6145458, -23.6014376 ], [ -46.6144211, -23.6015159 ], [ -46.6142963, -23.6015878 ], [ -46.6141613, -23.6016606 ], [ -46.6140182, -23.6017311 ], [ -46.6138662, -23.6018007 ], [ -46.6137297, -23.6018575 ], [ -46.6135949, -23.6019079 ], [ -46.6134451, -23.6019568 ], [ -46.6132967, -23.6020002 ], [ -46.6131493, -23.6020395 ], [ -46.6130025, -23.6020744 ], [ -46.6128445, -23.6021094 ], [ -46.6126949, -23.6021395 ], [ -46.6125381, -23.602167500000011 ], [ -46.612517821228082, -23.602170836850291 ] ] ] } },
{ "type": "Feature", "properties": { "fid": 93, "Name": "Linha 2 - Verde > VMD", "description": "Vila Formosa/Vila Prudente > Vila Madalena • 14.9/19.1kmkm • 14/18 estações • 21min • 695mil pass/d (MDU 2025) • 753mil pass/d (Nov/2024) • CBTC GoA2+ • Headway: 133s • 27 trens", "Status_Obra": "Construído", "Modal": "Metrô", "N_Linha": 2, "data_abertura": "2010-01-30" }, "geometry": { "type": "MultiLineString", "coordinates": [ [ [ -46.612513021200577, -23.602135522369029 ], [ -46.6123826, -23.6021572 ], [ -46.6122308, -23.6021801 ], [ -46.6120821, -23.6022002 ], [ -46.6119515, -23.6022154 ], [ -46.6118215, -23.6022296 ], [ -46.6116883, -23.602242 ], [ -46.6115344, -23.6022529 ], [ -46.6113723, -23.6022605 ], [ -46.611223, -23.6022651 ], [ -46.6110657, -23.6022665 ], [ -46.6108888, -23.6022649 ], [ -46.6107297, -23.6022603 ], [ -46.6105694, -23.6022539 ], [ -46.6104138, -23.6022456 ], [ -46.6102506, -23.602234 ], [ -46.6056657, -23.601857 ], [ -46.6054183, -23.6018324 ], [ -46.6051916, -23.6018069 ], [ -46.6049743, -23.6017783 ], [ -46.6047531, -23.6017442 ], [ -46.6045418, -23.601707 ], [ -46.6029711, -23.6014056 ], [ -46.6028278, -23.6013796 ], [ -46.6026794, -23.6013568 ], [ -46.6025302, -23.6013376 ], [ -46.602367243510187, -23.601319373960269 ] ] ] } },
{ "type": "Feature", "properties": { "fid": 94, "Name": "Linha 2 - Verde > VPT", "description": "Vila Madalena > Vila Prudente/Vila Formosa • 14.9/19.1kmkm • 14/18 estações • 21min • 695mil pass/d (MDU 2025) • 753mil pass/d (Nov/2024) • CBTC GoA2+ • Headway: 133s • 27 trens", "Status_Obra": "Construído", "Modal": "Metrô", "N_Linha": 2, "data_abertura": "2010-01-30" }, "geometry": { "type": "MultiLineString", "coordinates": [ [ [ -46.612517821228082, -23.602170836850291 ], [ -46.6123886, -23.6021921 ], [ -46.612238, -23.6022145 ], [ -46.6120819, -23.6022351 ], [ -46.6119508, -23.6022505 ], [ -46.6118236, -23.6022643 ], [ -46.6116882, -23.6022772 ], [ -46.6115382, -23.6022881 ], [ -46.6113857, -23.6022965 ], [ -46.6112243, -23.6023011 ], [ -46.6110626, -23.6023028 ], [ -46.6108884, -23.6023009 ], [ -46.6107289, -23.6022963 ], [ -46.6105623, -23.6022888 ], [ -46.6104033, -23.6022799 ], [ -46.6102474, -23.6022701 ], [ -46.6056609, -23.6018931 ], [ -46.6054078, -23.601868199999988 ], [ -46.6051814, -23.601842199999989 ], [ -46.6049681, -23.6018133 ], [ -46.6047525, -23.6017803 ], [ -46.60453, -23.6017417 ], [ -46.6029611, -23.6014399 ], [ -46.602819, -23.6014152 ], [ -46.6026715, -23.6013924 ], [ -46.6025178, -23.6013716 ], [ -46.602363701478268, -23.601355089446926 ] ] ] } },
{ "type": "Feature", "properties": { "fid": 95, "Name": "Linha 2 - Verde > VMD", "description": "Vila Formosa/Vila Prudente > Vila Madalena • 14.9/19.1kmkm • 14/18 estações • 21min • 695mil pass/d (MDU 2025) • 753mil pass/d (Nov/2024) • CBTC GoA2+ • Headway: 133s • 27 trens", "Status_Obra": "Construído", "Modal": "Metrô", "N_Linha": 2, "data_abertura": "2010-08-21" }, "geometry": { "type": "MultiLineString", "coordinates": [ [ [ -46.602367243510187, -23.601319373960269 ], [ -46.6023639, -23.601319 ], [ -46.6013854, -23.6012227 ], [ -46.6012217, -23.6012037 ], [ -46.6010725, -23.6011834 ], [ -46.6009195, -23.6011594 ], [ -46.6007808, -23.6011333 ], [ -46.6006403, -23.6011025 ], [ -46.600501, -23.601068 ], [ -46.6003534, -23.6010279 ], [ -46.59939, -23.6007513 ], [ -46.5992475, -23.6007093 ], [ -46.5991157, -23.6006667 ], [ -46.5989732, -23.6006149 ], [ -46.5988269, -23.6005551 ], [ -46.5987005, -23.6004966 ], [ -46.5985768, -23.6004346 ], [ -46.598452, -23.6003654 ], [ -46.598339, -23.6002982 ], [ -46.5982273, -23.6002277 ], [ -46.5981157, -23.6001509 ], [ -46.5980044, -23.6000685 ], [ -46.5937553, -23.596844 ], [ -46.5935733, -23.5967075 ], [ -46.5934043, -23.5965822 ], [ -46.5932578, -23.5964744 ], [ -46.5927842, -23.5961242 ], [ -46.5926377, -23.596012 ], [ -46.5925149, -23.5959149 ], [ -46.592405, -23.595823899999989 ], [ -46.5922759, -23.5957095 ], [ -46.5921536, -23.5955955 ], [ -46.5920388, -23.5954814 ], [ -46.5919443, -23.5953842 ], [ -46.5918453, -23.5952788 ], [ -46.5904439, -23.5937537 ], [ -46.5902816, -23.5935783 ], [ -46.5901634, -23.5934529 ], [ -46.5900449, -23.5933303 ], [ -46.5899269, -23.5932113 ], [ -46.5897975, -23.5930851 ], [ -46.5896548, -23.5929496 ], [ -46.5895193, -23.5928237 ], [ -46.5893798, -23.5926991 ], [ -46.5892503, -23.5925877 ], [ -46.5891083, -23.592466 ], [ -46.5879828, -23.5915201 ], [ -46.5878284, -23.5913919 ], [ -46.5876759, -23.5912672 ], [ -46.5875312, -23.5911505 ], [ -46.5874153, -23.5910593 ], [ -46.5872916, -23.5909656 ], [ -46.5871676, -23.5908746 ], [ -46.5870413, -23.5907833 ], [ -46.5862744, -23.5902184 ], [ -46.5861275, -23.590108099999988 ], [ -46.5859965, -23.5900055 ], [ -46.5858637, -23.5898955 ], [ -46.5857395, -23.5897886 ], [ -46.5856203, -23.5896822 ], [ -46.5855096, -23.5895793 ], [ -46.5844732, -23.588595 ], [ -46.5843788, -23.5885048 ], [ -46.5842863, -23.5884139 ], [ -46.5841793, -23.5883053 ], [ -46.5840841, -23.5882034 ], [ -46.5840102, -23.5881198 ], [ -46.5839295, -23.5880228 ], [ -46.5838547, -23.5879276 ], [ -46.583785, -23.5878344 ], [ -46.5837122, -23.5877323 ], [ -46.5836429, -23.5876289 ], [ -46.5835677, -23.5875102 ], [ -46.5835007, -23.5873976 ], [ -46.583444, -23.5872968 ], [ -46.5833882, -23.5871921 ], [ -46.5833339, -23.5870889 ], [ -46.583279, -23.5869808 ], [ -46.5821744, -23.5847595 ], [ -46.5820965, -23.5846038 ], [ -46.5820311, -23.5844732 ], [ -46.581993344916185, -23.584399222783265 ] ] ] } },
{ "type": "Feature", "properties": { "fid": 96, "Name": "Linha 2 - Verde > VPT", "description": "Vila Madalena > Vila Prudente/Vila Formosa • 14.9/19.1kmkm • 14/18 estações • 21min • 695mil pass/d (MDU 2025) • 753mil pass/d (Nov/2024) • CBTC GoA2+ • Headway: 133s • 27 trens", "Status_Obra": "Construído", "Modal": "Metrô", "N_Linha": 2, "data_abertura": "2010-08-21" }, "geometry": { "type": "MultiLineString", "coordinates": [ [ [ -46.602363701478268, -23.601355089446926 ], [ -46.6023582, -23.6013545 ], [ -46.601385, -23.601259 ], [ -46.6012077, -23.6012382 ], [ -46.6010507, -23.601217 ], [ -46.6009047, -23.6011935 ], [ -46.6007647, -23.6011669 ], [ -46.6006199, -23.601135 ], [ -46.6004864, -23.6011015 ], [ -46.6003419, -23.6010622 ], [ -46.5993797, -23.6007869 ], [ -46.5992334, -23.6007434 ], [ -46.5990986, -23.6006992 ], [ -46.5989502, -23.600645 ], [ -46.598811, -23.6005889 ], [ -46.5986795, -23.6005295 ], [ -46.598559, -23.60047 ], [ -46.5984285, -23.6003988 ], [ -46.5983154, -23.600332 ], [ -46.5982033, -23.6002599 ], [ -46.598086, -23.6001792 ], [ -46.5979767, -23.6000997 ], [ -46.5937221, -23.5968715 ], [ -46.5935663, -23.5967542 ], [ -46.5934138, -23.5966403 ], [ -46.5932296, -23.5965021 ], [ -46.5927546, -23.5961503 ], [ -46.5926128, -23.5960422 ], [ -46.5924895, -23.5959439 ], [ -46.5923795, -23.5958517 ], [ -46.5922474, -23.5957362 ], [ -46.5921233, -23.5956195 ], [ -46.5920093, -23.5955064 ], [ -46.591914, -23.5954074 ], [ -46.5918158, -23.5953033 ], [ -46.5904155, -23.5937796 ], [ -46.59025170000001, -23.5936027 ], [ -46.5901322, -23.5934761 ], [ -46.5900161, -23.5933557 ], [ -46.5899001, -23.5932386 ], [ -46.5897556, -23.5930982 ], [ -46.58962420000001, -23.5929727 ], [ -46.5894877, -23.5928468 ], [ -46.5893515, -23.5927258 ], [ -46.5892209, -23.5926136 ], [ -46.589083, -23.5924959 ], [ -46.5879575, -23.591549 ], [ -46.5878031, -23.5914195 ], [ -46.5876528, -23.5912956 ], [ -46.5875076, -23.5911791 ], [ -46.5873903, -23.5910875 ], [ -46.5872635, -23.5909923 ], [ -46.5871368, -23.5908977 ], [ -46.5870121, -23.5908073 ], [ -46.586248, -23.5902441 ], [ -46.5861008, -23.5901348 ], [ -46.5859657, -23.5900297 ], [ -46.5858356, -23.5899221 ], [ -46.5857058, -23.5898103 ], [ -46.5855923, -23.5897083 ], [ -46.5854795, -23.5896033 ], [ -46.5844419, -23.5886163 ], [ -46.5843497, -23.5885276 ], [ -46.5842577, -23.5884381 ], [ -46.5841485, -23.5883285 ], [ -46.5840533, -23.588227 ], [ -46.5839804, -23.5881443 ], [ -46.5838964, -23.5880456 ], [ -46.5838212, -23.5879516 ], [ -46.5837493, -23.5878566 ], [ -46.5836764, -23.5877538 ], [ -46.5836039, -23.587647 ], [ -46.58353, -23.5875286 ], [ -46.5834626, -23.5874158 ], [ -46.5834042, -23.587312799999989 ], [ -46.5833483, -23.5872091 ], [ -46.5832914, -23.5871007 ], [ -46.5832385, -23.5869971 ], [ -46.5823109, -23.5851337 ], [ -46.5822217, -23.5849584 ], [ -46.5821359, -23.5847941 ], [ -46.5820538, -23.5846403 ], [ -46.5819754, -23.5844957 ], [ -46.581936865586187, -23.584427028004963 ] ] ] } },
{ "type": "Feature", "properties": { "fid": 97, "Name": "Linha 6 - Laranja > BRA", "description": "São Joaquim > Brasilândia • 13.5km • 15 estações • 22min • 633mil pass/d (projeto) • CBTC GoA4 • Headway: 135s • 22 trens", "Status_Obra": "Em Obras", "Modal": "Metrô", "N_Linha": 6, "data_abertura": null }, "geometry": { "type": "MultiLineString", "coordinates": [ [ [ -46.676110831311846, -23.532377961595564 ], [ -46.6755612, -23.5327113 ], [ -46.6754522, -23.5327789 ], [ -46.6753473, -23.532845 ], [ -46.6752368, -23.5329182 ], [ -46.6751377, -23.5329874 ], [ -46.6750368, -23.5330603 ], [ -46.6749446, -23.5331333 ], [ -46.6748581, -23.5332085 ], [ -46.6747693, -23.5332907 ], [ -46.6746914, -23.533367 ], [ -46.6746084, -23.5334541 ], [ -46.6745308, -23.5335421 ], [ -46.6744515, -23.5336383 ], [ -46.6743688, -23.5337452 ], [ -46.6742938, -23.5338487 ], [ -46.674223, -23.5339524 ], [ -46.6741619, -23.5340481 ], [ -46.6740876, -23.5341701 ], [ -46.6736403, -23.5349315 ], [ -46.6735833, -23.5350277 ], [ -46.6735266, -23.5351218 ], [ -46.6734641, -23.5352183 ], [ -46.6733934, -23.5353202 ], [ -46.6733216, -23.5354166 ], [ -46.673252, -23.5355048 ], [ -46.6731747, -23.5355974 ], [ -46.6730869, -23.5356952 ], [ -46.6729957, -23.5357896 ], [ -46.6729033, -23.5358791 ], [ -46.6728022, -23.5359711 ], [ -46.6726924, -23.5360624 ], [ -46.6725712, -23.536158 ], [ -46.6724488, -23.5362511 ], [ -46.6723217, -23.5363423 ], [ -46.6721892, -23.536435 ], [ -46.67152750000001, -23.5368942 ], [ -46.6714082, -23.536978 ], [ -46.6713034, -23.5370548 ], [ -46.6711817, -23.5371444 ], [ -46.6710608, -23.5372359 ], [ -46.6699126, -23.5381262 ], [ -46.6697944, -23.5382158 ], [ -46.6696887, -23.5382944 ], [ -46.669585, -23.5383669 ], [ -46.6694578, -23.5384522 ], [ -46.6693353, -23.5385326 ], [ -46.6680124, -23.5393937 ], [ -46.6679008, -23.5394697 ], [ -46.6678011, -23.5395405 ], [ -46.6677088, -23.539610199999988 ], [ -46.6676181, -23.5396826 ], [ -46.6675322, -23.539755 ], [ -46.6674491, -23.5398302 ], [ -46.6673574, -23.539919 ], [ -46.6672758, -23.5400058 ], [ -46.6672021, -23.5400918 ], [ -46.6671306, -23.5401816 ], [ -46.6670603, -23.5402776 ], [ -46.6669915, -23.5403786 ], [ -46.6669307, -23.5404729 ], [ -46.6668724, -23.5405678 ], [ -46.6668175, -23.5406628 ], [ -46.6667656, -23.5407566 ], [ -46.6667116, -23.540859 ], [ -46.6652521, -23.5436738 ], [ -46.6651928, -23.5437854 ], [ -46.6651345, -23.5438873 ], [ -46.6650752, -23.5439892 ], [ -46.6650072, -23.5441004 ], [ -46.6644297, -23.5450158 ], [ -46.6643657, -23.5451142 ], [ -46.6643037, -23.5452075 ], [ -46.664239, -23.5452953 ], [ -46.6641717, -23.5453818 ], [ -46.664097, -23.5454714 ], [ -46.6640216, -23.5455567 ], [ -46.6639455, -23.5456358 ], [ -46.6638755, -23.5457045 ], [ -46.6637908, -23.5457793 ], [ -46.6637089, -23.5458424 ], [ -46.6636151, -23.5459079 ], [ -46.663523, -23.5459652 ], [ -46.6634236, -23.54602 ], [ -46.6633183, -23.5460732 ], [ -46.6632123, -23.5461203 ], [ -46.6631017, -23.5461647 ], [ -46.662991, -23.5462054 ], [ -46.6628729, -23.5462429 ], [ -46.6627329, -23.5462822 ], [ -46.6626076, -23.5463149 ], [ -46.660348, -23.5468907 ], [ -46.660222, -23.5469242 ], [ -46.660104, -23.5469576 ], [ -46.6599873, -23.5469919 ], [ -46.6598727, -23.5470267 ], [ -46.6597659, -23.5470624 ], [ -46.6596611, -23.5470999 ], [ -46.6595565, -23.5471401 ], [ -46.6594538, -23.547181 ], [ -46.6593507, -23.5472242 ], [ -46.6567448, -23.5483576 ], [ -46.6566008, -23.5484217 ], [ -46.6564541, -23.5484901 ], [ -46.6563077, -23.548561599999989 ], [ -46.6561776, -23.5486315 ], [ -46.6560535, -23.5487049 ], [ -46.655942, -23.5487755 ], [ -46.6558345, -23.548849 ], [ -46.6557198, -23.5489353 ], [ -46.6556038, -23.5490284 ], [ -46.6555, -23.5491209 ], [ -46.6554075, -23.549211 ], [ -46.6553183, -23.5493087 ], [ -46.6552465, -23.5493954 ], [ -46.6551718, -23.549494 ], [ -46.6550958, -23.5496036 ], [ -46.6550292, -23.5497049 ], [ -46.654528, -23.5505004 ], [ -46.6544354, -23.550643 ], [ -46.6543318, -23.5507929 ], [ -46.6542254, -23.5509389 ], [ -46.6541354, -23.5510542 ], [ -46.6540445, -23.5511658 ], [ -46.653942, -23.5512859 ], [ -46.6538199, -23.5514211 ], [ -46.6536976, -23.551552 ], [ -46.6535687, -23.5516805 ], [ -46.6534506, -23.5517926 ], [ -46.6533251, -23.5519041 ], [ -46.6531968, -23.5520098 ], [ -46.6530624, -23.5521134 ], [ -46.6529319, -23.552208 ], [ -46.6528007, -23.5522974 ], [ -46.6526739, -23.5523808 ], [ -46.6525405, -23.5524647 ], [ -46.6524133, -23.5525403 ], [ -46.6522881, -23.5526115 ], [ -46.6513918, -23.5531012 ], [ -46.6512741, -23.5531668 ], [ -46.6511595, -23.5532348 ], [ -46.6510543, -23.5533017 ], [ -46.6509554, -23.5533667 ], [ -46.6508524, -23.5534404 ], [ -46.6507515, -23.5535184 ], [ -46.6506599, -23.553594 ], [ -46.6505766, -23.5536711 ], [ -46.6504933, -23.5537555 ], [ -46.6504167, -23.5538412 ], [ -46.6503408, -23.553938 ], [ -46.6502708, -23.5540351 ], [ -46.650211, -23.5541279 ], [ -46.6501595, -23.5542141 ], [ -46.6501093, -23.5543051 ], [ -46.6500603, -23.5544012 ], [ -46.6500112, -23.5545041 ], [ -46.6499686, -23.5546017 ], [ -46.649922, -23.5547208 ], [ -46.6498415, -23.5549436 ], [ -46.6489587, -23.5575666 ], [ -46.6489142, -23.557705 ], [ -46.6488671, -23.5578576 ], [ -46.6488244, -23.5579981 ], [ -46.64878370000001, -23.5581394 ], [ -46.6487452, -23.5582822 ], [ -46.6483924, -23.5595943 ], [ -46.648369, -23.5596765 ], [ -46.6483427, -23.5597601 ], [ -46.6483164, -23.5598395 ], [ -46.6482835, -23.5599263 ], [ -46.6482466, -23.5600137 ], [ -46.648208, -23.560098899999989 ], [ -46.6481668, -23.560178 ], [ -46.6481212, -23.5602596 ], [ -46.6480722, -23.560338 ], [ -46.6480284, -23.5604057 ], [ -46.6479783, -23.5604776 ], [ -46.6479281, -23.5605462 ], [ -46.647879, -23.5606075 ], [ -46.6478214, -23.5606746 ], [ -46.6477575, -23.5607448 ], [ -46.6476955, -23.5608078 ], [ -46.6476241, -23.5608745 ], [ -46.6475503, -23.5609389 ], [ -46.6474688, -23.5610061 ], [ -46.64739, -23.5610668 ], [ -46.6472968, -23.5611339 ], [ -46.6472101, -23.5611916 ], [ -46.6471241, -23.5612455 ], [ -46.6470339, -23.5612987 ], [ -46.6469508, -23.5613438 ], [ -46.6468593, -23.5613907 ], [ -46.6467688, -23.5614321 ], [ -46.6466811, -23.5614693 ], [ -46.6465874, -23.5615052 ], [ -46.646498, -23.5615374 ], [ -46.6463992, -23.5615685 ], [ -46.6463011, -23.5615964 ], [ -46.6461991, -23.5616228 ], [ -46.6460976, -23.5616456 ], [ -46.6459991, -23.5616635 ], [ -46.6459056, -23.5616774 ], [ -46.6457971, -23.5616901 ], [ -46.6437211, -23.5618632 ], [ -46.6435283, -23.5618831 ], [ -46.6433453, -23.5619056 ], [ -46.643148, -23.5619329 ], [ -46.642939, -23.5619655 ], [ -46.6427151, -23.5620028 ], [ -46.6424919, -23.562041 ], [ -46.6367587, -23.5630492 ], [ -46.636626, -23.5630752 ], [ -46.6365053, -23.5631018 ], [ -46.6363921, -23.5631305 ], [ -46.6362782, -23.5631614 ], [ -46.6361659, -23.5631947 ], [ -46.6348989, -23.5635905 ] ] ] } },
{ "type": "Feature", "properties": { "fid": 98, "Name": "Linha 6 - Laranja > JQM", "description": "Brasilândia > São Joaquim • 13.5km • 15 estações • 22min • 633mil pass/d (projeto) • CBTC GoA4 • Headway: 135s • 22 trens", "Status_Obra": "Em Obras", "Modal": "Metrô", "N_Linha": 6, "data_abertura": null }, "geometry": { "type": "MultiLineString", "coordinates": [ [ [ -46.676130582816512, -23.532404684218257 ], [ -46.6755804, -23.5327377 ], [ -46.6754713, -23.5328045 ], [ -46.6753686, -23.5328694 ], [ -46.6752575, -23.5329433 ], [ -46.6751595, -23.533011 ], [ -46.6750587, -23.533085 ], [ -46.674969, -23.5331569 ], [ -46.6748826, -23.5332313 ], [ -46.6747988, -23.5333083 ], [ -46.674717, -23.5333884 ], [ -46.6746369, -23.5334718 ], [ -46.6745586, -23.533561 ], [ -46.674482, -23.5336543 ], [ -46.6743977, -23.5337632 ], [ -46.6743219, -23.5338665 ], [ -46.6742521, -23.5339682 ], [ -46.6741934, -23.5340606 ], [ -46.6741189, -23.5341845 ], [ -46.6736719, -23.5349456 ], [ -46.6736144, -23.5350427 ], [ -46.6735568, -23.5351374 ], [ -46.6734954, -23.535231199999988 ], [ -46.6734223, -23.5353385 ], [ -46.6733498, -23.5354359 ], [ -46.6732793, -23.5355252 ], [ -46.6732047, -23.5356145 ], [ -46.6731157, -23.5357139 ], [ -46.6730227, -23.5358113 ], [ -46.6729296, -23.5359006 ], [ -46.6728285, -23.5359917 ], [ -46.6727168, -23.5360851 ], [ -46.6725963, -23.5361811 ], [ -46.6724715, -23.5362752 ], [ -46.6723434, -23.5363672 ], [ -46.6722106, -23.5364604 ], [ -46.6715503, -23.5369181 ], [ -46.6714306, -23.5370023 ], [ -46.6713222, -23.537081 ], [ -46.67120340000001, -23.5371688 ], [ -46.6710824, -23.5372608 ], [ -46.6699326, -23.538153 ], [ -46.6698175, -23.5382403 ], [ -46.6697105, -23.5383186 ], [ -46.6696075, -23.5383915 ], [ -46.6694757, -23.5384803 ], [ -46.6693547, -23.5385593 ], [ -46.6680337, -23.5394178 ], [ -46.6679233, -23.539494 ], [ -46.6678253, -23.5395647 ], [ -46.667734, -23.5396325 ], [ -46.6676431, -23.5397061 ], [ -46.6675572, -23.5397775 ], [ -46.6674758, -23.5398513 ], [ -46.6673848, -23.539939 ], [ -46.6673026, -23.540027 ], [ -46.6672313, -23.5401102 ], [ -46.6671591, -23.5402004 ], [ -46.667089, -23.5402962 ], [ -46.6670225, -23.5403946 ], [ -46.6669616, -23.5404884 ], [ -46.6669013, -23.540585799999985 ], [ -46.6668489, -23.5406775 ], [ -46.6667979, -23.5407701 ], [ -46.6667438, -23.5408716 ], [ -46.6652841, -23.5436869 ], [ -46.6652229, -23.5437989 ], [ -46.6651657, -23.5438998 ], [ -46.6651059, -23.5440032 ], [ -46.6650373, -23.5441164 ], [ -46.6644593, -23.545034 ], [ -46.6643974, -23.545131 ], [ -46.6643334, -23.5452243 ], [ -46.6642672, -23.5453137 ], [ -46.6642006, -23.5453998 ], [ -46.6641252, -23.5454915 ], [ -46.6640488, -23.5455771 ], [ -46.6639718, -23.5456569 ], [ -46.6639007, -23.5457257 ], [ -46.6638142, -23.5458024 ], [ -46.6637312, -23.5458671 ], [ -46.6636367, -23.5459321 ], [ -46.6635423, -23.5459909 ], [ -46.6634432, -23.5460465 ], [ -46.663336, -23.5461004 ], [ -46.663229800000011, -23.5461478 ], [ -46.663117, -23.5461933 ], [ -46.6630035, -23.5462345 ], [ -46.66288320000001, -23.5462729 ], [ -46.6627578, -23.5463086 ], [ -46.6626137, -23.5463468 ], [ -46.6603557, -23.5469227 ], [ -46.6602307, -23.5469557 ], [ -46.6601131, -23.546988 ], [ -46.659998, -23.547022 ], [ -46.6598856, -23.5470574 ], [ -46.6597795, -23.5470921 ], [ -46.6596749, -23.5471293 ], [ -46.6595712, -23.5471685 ], [ -46.65947, -23.5472095 ], [ -46.6593653, -23.5472538 ], [ -46.6567607, -23.5483857 ], [ -46.6566214, -23.5484482 ], [ -46.65647220000001, -23.5485178 ], [ -46.6563214, -23.5485907 ], [ -46.6562018, -23.5486552 ], [ -46.6560747, -23.5487291 ], [ -46.6559631, -23.5487991 ], [ -46.6558572, -23.5488731 ], [ -46.6557423, -23.5489592 ], [ -46.6556299, -23.549049 ], [ -46.6555255, -23.5491406 ], [ -46.655434, -23.5492325 ], [ -46.6553451, -23.5493288 ], [ -46.655275, -23.5494135 ], [ -46.6551999, -23.5495122 ], [ -46.6551255, -23.5496201 ], [ -46.6550601, -23.5497208 ], [ -46.6545598, -23.5505157 ], [ -46.6544661, -23.550659299999989 ], [ -46.6543624, -23.5508099 ], [ -46.6542543, -23.5509563 ], [ -46.6541636, -23.5510727 ], [ -46.6540724, -23.5511844 ], [ -46.6539692, -23.551306 ], [ -46.6538471, -23.5514419 ], [ -46.6537244, -23.5515721 ], [ -46.6535956, -23.5517009 ], [ -46.6534787, -23.5518124 ], [ -46.6533493, -23.5519267 ], [ -46.6532178, -23.5520355 ], [ -46.6530945, -23.5521316 ], [ -46.6529534, -23.5522326 ], [ -46.6528212, -23.552323 ], [ -46.6526948, -23.552406099999988 ], [ -46.6525611, -23.5524905 ], [ -46.6524321, -23.5525673 ], [ -46.6523065, -23.5526386 ], [ -46.6514114, -23.553127 ], [ -46.651294300000011, -23.5531926 ], [ -46.6511767, -23.5532622 ], [ -46.6510739, -23.5533276 ], [ -46.6509775, -23.5533915 ], [ -46.6508748, -23.5534645 ], [ -46.6507801, -23.5535375 ], [ -46.6506821, -23.553619 ], [ -46.6506025, -23.553692 ], [ -46.6505208, -23.5537755 ], [ -46.6504454, -23.5538607 ], [ -46.6503699, -23.5539556 ], [ -46.6503008, -23.5540522 ], [ -46.6502419, -23.554143 ], [ -46.6501908, -23.5542281 ], [ -46.6501398, -23.55432 ], [ -46.6500909, -23.5544149 ], [ -46.650044, -23.5545165 ], [ -46.650002, -23.554614 ], [ -46.649955, -23.5547316 ], [ -46.6499113, -23.5548487 ], [ -46.6498753, -23.5549525 ], [ -46.6489926, -23.5575753 ], [ -46.648947, -23.5577163 ], [ -46.6488996, -23.5578666 ], [ -46.6488576, -23.5580064 ], [ -46.6488175, -23.558148 ], [ -46.6487782, -23.5582911 ], [ -46.6484253, -23.5596036 ], [ -46.6484015, -23.5596851 ], [ -46.648377, -23.5597668 ], [ -46.6483494, -23.5598492 ], [ -46.6483167, -23.5599381 ], [ -46.6482799, -23.5600257 ], [ -46.6482395, -23.5601129 ], [ -46.6481987, -23.5601926 ], [ -46.6481521, -23.5602746 ], [ -46.6481037, -23.5603537 ], [ -46.6480577, -23.560424 ], [ -46.6480063, -23.5604984 ], [ -46.6479538, -23.5605683 ], [ -46.6479039, -23.5606318 ], [ -46.6478485, -23.5606969 ], [ -46.6477876, -23.5607635 ], [ -46.6477214, -23.5608295 ], [ -46.6476505, -23.5608957 ], [ -46.6475737, -23.5609626 ], [ -46.6474956, -23.5610269 ], [ -46.6474115, -23.5610923 ], [ -46.6473201, -23.5611576 ], [ -46.64723, -23.5612176 ], [ -46.647144, -23.5612713 ], [ -46.6470511, -23.561326 ], [ -46.6469658, -23.5613726 ], [ -46.6468759, -23.5614183 ], [ -46.646784, -23.56146 ], [ -46.6466968, -23.5614969 ], [ -46.6466021, -23.5615341 ], [ -46.6465108, -23.5615666 ], [ -46.6464107, -23.5615986 ], [ -46.6463116, -23.5616271 ], [ -46.6462087, -23.5616539 ], [ -46.6461081, -23.561676 ], [ -46.6460076, -23.5616944 ], [ -46.6459073, -23.5617092 ], [ -46.6457995, -23.5617215 ], [ -46.6437247, -23.5618955 ], [ -46.6435333, -23.561915 ], [ -46.6433506, -23.561937499999988 ], [ -46.6431528, -23.561965 ], [ -46.6429442, -23.5619971 ], [ -46.642722, -23.5620338 ], [ -46.6424964, -23.5620729 ], [ -46.6367671, -23.5630804 ], [ -46.6366374, -23.563106 ], [ -46.6365157, -23.5631329 ], [ -46.6363983, -23.5631613 ], [ -46.6362894, -23.5631913 ], [ -46.6361788, -23.5632243 ], [ -46.6349037, -23.5636226 ] ] ] } },
{ "type": "Feature", "properties": { "fid": 99, "Name": "Linha 17 - Ouro > Washington Luís", "description": "Morumbi > Washington Luís • 5.23km (6.7km Y total) • 7 Estações • 165mil pass/d (projeto) • CBTC GoA4 • Headway: 180s • 14 trens", "Status_Obra": "Construído", "Modal": "Monotrilho e VLT", "N_Linha": 17, "data_abertura": "2026-03-31" }, "geometry": { "type": "MultiLineString", "coordinates": [ [ [ -46.670731720831853, -23.632300450324177 ], [ -46.6705529, -23.6324675 ], [ -46.6704737, -23.6325455 ], [ -46.6704134, -23.6326113 ], [ -46.6703577, -23.6326758 ], [ -46.6703121, -23.6327323 ], [ -46.6702665, -23.6327962 ], [ -46.6702236, -23.6328638 ], [ -46.6700425, -23.6331906 ], [ -46.6700037, -23.6332606 ], [ -46.6699648, -23.6333221 ], [ -46.66992590000001, -23.6333774 ], [ -46.6698797, -23.6334366 ], [ -46.6698119, -23.6335101 ], [ -46.6697516, -23.6335691 ], [ -46.6696878, -23.6336243 ], [ -46.6696161, -23.6336814 ], [ -46.6695141, -23.6337527 ], [ -46.662688, -23.6381118 ], [ -46.6626047, -23.6381691 ], [ -46.6625195, -23.6382329 ], [ -46.6624459, -23.6382954 ], [ -46.6623807, -23.6383582 ] ] ] } },
{ "type": "Feature", "properties": { "fid": 100, "Name": "Linha 17 - Ouro > Morumbi", "description": "Washington Luís > Morumbi • 5.23km (6.7km Y total) • 7 Estações • 165mil pass/d (projeto) • CBTC GoA4 • Headway: 180s • 14 trens", "Status_Obra": "Construído", "Modal": "Monotrilho e VLT", "N_Linha": 17, "data_abertura": "2026-03-31" }, "geometry": { "type": "MultiLineString", "coordinates": [ [ [ -46.6623209, -23.6382897 ], [ -46.6693602, -23.6337915 ], [ -46.6694522, -23.633732 ], [ -46.6695366, -23.6336729 ], [ -46.6696137, -23.6336134 ], [ -46.6696822, -23.6335495 ], [ -46.6697405, -23.6334904 ], [ -46.6698015, -23.6334162 ], [ -46.6698491, -23.6333522 ], [ -46.6698987, -23.6332749 ], [ -46.6699443, -23.6332015 ], [ -46.6700918, -23.6329462 ], [ -46.6701361, -23.632875 ], [ -46.6701811, -23.6328056 ], [ -46.6702461, -23.6327183 ], [ -46.6702984, -23.6326544 ], [ -46.6703594, -23.632585 ], [ -46.6704385, -23.6325045 ], [ -46.6705156, -23.6324314 ], [ -46.670601980652059, -23.632350941465827 ] ] ] } },
{ "type": "Feature", "properties": { "fid": 101, "Name": "Linha 5 - Lilás > CKL", "description": "Capão Redondo > Chácara Klabin • 20.0km • 17 estações • 30min • 556mil pass/d (MDU 2024) • 623mil pass/d (Dez/2024) • CBTC GoA2+ • Headway: 176s • 26 trens", "Status_Obra": "Construído", "Modal": "Metrô", "N_Linha": 5, "data_abertura": "2002-10-20" }, "geometry": { "type": "MultiLineString", "coordinates": [ [ [ -46.7690546, -23.6607614 ], [ -46.7675215, -23.6585089 ], [ -46.7666872, -23.6572919 ], [ -46.7665068, -23.657035 ], [ -46.7664093, -23.6568965 ], [ -46.7663078, -23.6567573 ], [ -46.765859, -23.6561428 ], [ -46.7656784, -23.6559085 ], [ -46.7655646, -23.6557625 ], [ -46.7654542, -23.6556231 ], [ -46.7645576, -23.6545329 ], [ -46.7644547, -23.6544115 ], [ -46.764329, -23.6542662 ], [ -46.7642011, -23.654122 ], [ -46.7640586, -23.6539651 ], [ -46.7639052, -23.6538012 ], [ -46.7637544, -23.6536429 ], [ -46.763596, -23.6534799 ], [ -46.7634716, -23.6533555 ], [ -46.7628144, -23.6527215 ], [ -46.762685, -23.6525965 ], [ -46.7625519, -23.6524714 ], [ -46.7624222, -23.6523529 ], [ -46.7622962, -23.6522434 ], [ -46.7621641, -23.6521367 ], [ -46.7620247, -23.6520283 ], [ -46.7618444, -23.6518923 ], [ -46.7616607, -23.6517562 ], [ -46.760215, -23.6506742 ], [ -46.7600659, -23.6505567 ], [ -46.7599451, -23.6504557 ], [ -46.7598236, -23.6503498 ], [ -46.7597013, -23.6502349 ], [ -46.7595949, -23.6501261 ], [ -46.7594979, -23.6500211 ], [ -46.7594051, -23.6499153 ], [ -46.7593175, -23.6498102 ], [ -46.7592379, -23.6497092 ], [ -46.7591774, -23.649628 ], [ -46.7591102, -23.6495327 ], [ -46.7590461, -23.6494372 ], [ -46.7589867, -23.649342 ], [ -46.7589276, -23.6492423 ], [ -46.7588636, -23.649128 ], [ -46.7588112, -23.6490272 ], [ -46.7587582, -23.6489197 ], [ -46.758706, -23.6488079 ], [ -46.758639, -23.6486549 ], [ -46.758424, -23.6481436 ], [ -46.758365, -23.6480121 ], [ -46.7583143, -23.647906 ], [ -46.7582617, -23.6478024 ], [ -46.7582112, -23.6477131 ], [ -46.7581493, -23.647614 ], [ -46.7580894, -23.6475265 ], [ -46.758029, -23.6474446 ], [ -46.7579673, -23.6473671 ], [ -46.7578995, -23.6472871 ], [ -46.757825, -23.6472065 ], [ -46.7577484, -23.6471289 ], [ -46.7576544, -23.6470391 ], [ -46.7575618, -23.6469559 ], [ -46.7574664, -23.6468751 ], [ -46.7573717, -23.6467967 ], [ -46.7572598, -23.6467092 ], [ -46.7571664, -23.6466388 ], [ -46.7570723, -23.6465705 ], [ -46.7569707, -23.6465003 ], [ -46.7568619, -23.6464287 ], [ -46.7567568, -23.646362 ], [ -46.7566524, -23.6462991 ], [ -46.7565514, -23.6462395 ], [ -46.7564578, -23.6461882 ], [ -46.7563548, -23.6461357 ], [ -46.7562488, -23.6460865 ], [ -46.7561418, -23.6460402 ], [ -46.7560347, -23.6459975 ], [ -46.7559227, -23.6459576 ], [ -46.7557967, -23.6459182 ], [ -46.7556765, -23.6458836 ], [ -46.755563, -23.6458538 ], [ -46.7554477, -23.6458287 ], [ -46.7553359, -23.645809 ], [ -46.7552169, -23.6457917 ], [ -46.7551039, -23.6457786 ], [ -46.7549822, -23.6457688 ], [ -46.7548588, -23.6457623 ], [ -46.7547078, -23.6457599 ], [ -46.7545468, -23.6457615 ], [ -46.7543662, -23.6457646 ], [ -46.7532988, -23.6457844 ], [ -46.7531141, -23.6457841 ], [ -46.7529522, -23.6457788 ], [ -46.7527807, -23.6457676 ], [ -46.7526104, -23.6457531 ], [ -46.7524264, -23.6457323 ], [ -46.7522584, -23.6457101 ], [ -46.752082, -23.6456834 ], [ -46.751908, -23.6456515 ], [ -46.7517421, -23.6456171 ], [ -46.7515865, -23.6455803 ], [ -46.7514349, -23.645540499999989 ], [ -46.7512819, -23.645496 ], [ -46.7511093, -23.6454414 ], [ -46.7509562, -23.6453872 ], [ -46.750802, -23.6453302 ], [ -46.7506499, -23.6452697 ], [ -46.7505024, -23.6452079 ], [ -46.7503572, -23.6451453 ], [ -46.7502115, -23.645077 ], [ -46.750076, -23.6450101 ], [ -46.7499538, -23.644947 ], [ -46.749831, -23.6448795 ], [ -46.7497173, -23.6448147 ], [ -46.749603, -23.6447474 ], [ -46.7494708, -23.6446644 ], [ -46.7484018, -23.6439661 ], [ -46.7482764, -23.6438818 ], [ -46.7481517, -23.6437944 ], [ -46.7480404, -23.6437113 ], [ -46.7479244, -23.6436201 ], [ -46.747812, -23.6435231 ], [ -46.7477022, -23.6434194 ], [ -46.7476039, -23.6433207 ], [ -46.7475058, -23.6432171 ], [ -46.7474168, -23.6431144 ], [ -46.7473203, -23.6429946 ], [ -46.7472508, -23.6429019 ], [ -46.7471748, -23.6427925 ], [ -46.7471028, -23.6426819 ], [ -46.747041, -23.6425773 ], [ -46.7469792, -23.6424672 ], [ -46.7469167, -23.642346 ], [ -46.7468537, -23.6422119 ], [ -46.7467954, -23.642084 ], [ -46.7466284, -23.6416991 ], [ -46.7465641, -23.6415578 ], [ -46.7465007, -23.641429 ], [ -46.7464386, -23.6413111 ], [ -46.7463597, -23.6411737 ], [ -46.7462798, -23.6410436 ], [ -46.7461825, -23.6408972 ], [ -46.7460945, -23.640771 ], [ -46.7460176, -23.6406681 ], [ -46.7459387, -23.6405695 ], [ -46.7458545, -23.6404695 ], [ -46.7457809, -23.6403887 ], [ -46.7457022, -23.6403062 ], [ -46.7456161, -23.6402207 ], [ -46.7455238, -23.6401334 ], [ -46.7454348, -23.6400547 ], [ -46.745319, -23.6399564 ], [ -46.7452154, -23.6398734 ], [ -46.7450952, -23.6397843 ], [ -46.7449858, -23.6397072 ], [ -46.7448504, -23.6396188 ], [ -46.7447313, -23.6395452 ], [ -46.7446001, -23.6394685 ], [ -46.7444544, -23.6393904 ], [ -46.7442984, -23.6393123 ], [ -46.744125, -23.6392341 ], [ -46.7439567, -23.6391632 ], [ -46.7416368, -23.6382289 ], [ -46.7415025, -23.6381769 ], [ -46.7413596, -23.6381236 ], [ -46.7412294, -23.6380794 ], [ -46.7411213, -23.6380469 ], [ -46.7410099, -23.6380164 ], [ -46.7408878, -23.6379898 ], [ -46.7407738, -23.637968 ], [ -46.7406509, -23.6379502 ], [ -46.7405269, -23.6379373 ], [ -46.7403846, -23.6379287 ], [ -46.7402444, -23.6379256 ], [ -46.7401173, -23.6379296 ], [ -46.7399934, -23.6379375 ], [ -46.7398554, -23.6379514 ], [ -46.7397232, -23.6379699 ], [ -46.7395987, -23.6379947 ], [ -46.739477, -23.6380225 ], [ -46.7393518, -23.6380572 ], [ -46.7392238, -23.638098 ], [ -46.7391094, -23.6381408 ], [ -46.7389853, -23.638191 ], [ -46.7388641, -23.6382478 ], [ -46.7387523, -23.6383058 ], [ -46.7386285, -23.6383769 ], [ -46.7385171, -23.6384492 ], [ -46.7384024, -23.6385296 ], [ -46.7382901, -23.6386186 ], [ -46.7381787, -23.6387144 ], [ -46.7380763, -23.6388131 ], [ -46.7379808, -23.6389139 ], [ -46.7378991, -23.6390097 ], [ -46.7378051, -23.639129 ], [ -46.7377286, -23.6392331 ], [ -46.7376606, -23.6393333 ], [ -46.7375772, -23.6394624 ], [ -46.7375146, -23.6395684 ], [ -46.7374272, -23.639729 ], [ -46.7373653, -23.6398514 ], [ -46.7373108, -23.639972 ], [ -46.7372596, -23.6400903 ], [ -46.7372168, -23.6401968 ], [ -46.7371797, -23.6403012 ], [ -46.7371453, -23.6404102 ], [ -46.7371108, -23.6405295 ], [ -46.7370789, -23.6406476 ], [ -46.7370495, -23.6407744 ], [ -46.7370171, -23.6409169 ], [ -46.7368814, -23.6415311 ], [ -46.7368518, -23.6416548 ], [ -46.7368128, -23.6417977 ], [ -46.7367798, -23.6419037 ], [ -46.7367407, -23.6420199 ], [ -46.7367003, -23.642122 ], [ -46.7366596, -23.6422109 ], [ -46.7366089, -23.6423137 ], [ -46.7365595, -23.6424007 ], [ -46.7364996, -23.6424993 ], [ -46.7364369, -23.6425924 ], [ -46.7363682, -23.6426858 ], [ -46.7362963, -23.642778 ], [ -46.7362233, -23.6428653 ], [ -46.7361392, -23.6429553 ], [ -46.7360403, -23.6430521 ], [ -46.7359539, -23.6431295 ], [ -46.7358555, -23.6432088 ], [ -46.7357603, -23.6432805 ], [ -46.7356557, -23.6433528 ], [ -46.7355537, -23.6434171 ], [ -46.7354451, -23.64348 ], [ -46.7353348, -23.6435374 ], [ -46.7352138, -23.6435954 ], [ -46.7350824, -23.6436531 ], [ -46.734949, -23.6437058 ], [ -46.7348035, -23.6437586 ], [ -46.7346755, -23.6438 ], [ -46.7345576, -23.6438356 ], [ -46.7344438, -23.6438675 ], [ -46.7343245, -23.6438988 ], [ -46.7341995, -23.643929 ], [ -46.7340759, -23.643955 ], [ -46.7339482, -23.6439788 ], [ -46.733823, -23.643999 ], [ -46.7336938, -23.6440167 ], [ -46.7335646, -23.6440318 ], [ -46.733433, -23.6440447 ], [ -46.7321553, -23.6441415 ], [ -46.7320003, -23.644156 ], [ -46.7318152, -23.6441782 ], [ -46.7316412, -23.6442025 ], [ -46.7314798, -23.6442281 ], [ -46.7313058, -23.6442593 ], [ -46.7311278, -23.6442942 ], [ -46.7294869, -23.6446377 ], [ -46.7293186, -23.6446748 ], [ -46.729175, -23.6447095 ], [ -46.7290156, -23.6447537 ], [ -46.7288696, -23.6448014 ], [ -46.7287245, -23.6448546 ], [ -46.7285946, -23.6449097 ], [ -46.7284759, -23.6449668 ], [ -46.7283594, -23.6450299 ], [ -46.7282515, -23.6450918 ], [ -46.7281544, -23.6451535 ], [ -46.728045, -23.6452322 ], [ -46.727947, -23.645309 ], [ -46.7278494, -23.6453914 ], [ -46.7277643, -23.6454697 ], [ -46.7276859, -23.6455481 ], [ -46.7276042, -23.6456354 ], [ -46.727538, -23.6457116 ], [ -46.7274641, -23.6458063 ], [ -46.7274001, -23.6458954 ], [ -46.7273294, -23.6460022 ], [ -46.7272775, -23.6460883 ], [ -46.7272258, -23.6461823 ], [ -46.7271792, -23.6462763 ], [ -46.7271283, -23.646393 ], [ -46.7270816, -23.6465121 ], [ -46.7270471, -23.646618 ], [ -46.7270174, -23.6467245 ], [ -46.7269909, -23.6468421 ], [ -46.7269693, -23.6469565 ], [ -46.7269483, -23.6470913 ], [ -46.72693, -23.6472228 ], [ -46.7269157, -23.6473515 ], [ -46.7269037, -23.6474807 ], [ -46.7268931, -23.647599499999988 ], [ -46.7268846, -23.6477326 ], [ -46.7268777, -23.6478688 ], [ -46.7268736, -23.6480084 ], [ -46.7268721, -23.6481616 ], [ -46.7268732, -23.6483315 ], [ -46.7268754, -23.6484723 ], [ -46.7269471, -23.6520314 ], [ -46.726949, -23.652178 ], [ -46.7269483, -23.652289 ], [ -46.7269446, -23.6524022 ], [ -46.7269369, -23.652514799999988 ], [ -46.7269262, -23.652632 ], [ -46.7269121, -23.6527473 ], [ -46.7268913, -23.6528718 ], [ -46.7268644, -23.6529993 ], [ -46.7268356, -23.6531135 ], [ -46.7268018, -23.6532344 ], [ -46.72677, -23.6533332 ], [ -46.7267289, -23.6534488 ], [ -46.7266858, -23.6535591 ], [ -46.7266386, -23.6536676 ], [ -46.7265853, -23.6537812 ], [ -46.7265243, -23.653898 ], [ -46.7264641, -23.6540056 ], [ -46.7263987, -23.6541137 ], [ -46.7263246, -23.6542231 ], [ -46.7262532, -23.6543225 ], [ -46.7261734, -23.6544271 ], [ -46.7260943, -23.6545216 ], [ -46.7260086, -23.6546179 ], [ -46.7259315, -23.6547 ], [ -46.725843, -23.654787 ], [ -46.7257552, -23.6548694 ], [ -46.7256513, -23.6549604 ], [ -46.7255487, -23.6550449 ], [ -46.7254273, -23.6551366 ], [ -46.7252942, -23.6552303 ], [ -46.7251755, -23.6553058 ], [ -46.7250561, -23.6553778 ], [ -46.7249328, -23.6554455 ], [ -46.7248152, -23.6555038 ], [ -46.7246923, -23.6555603 ], [ -46.7245826, -23.6556081 ], [ -46.7244567, -23.6556565 ], [ -46.7243309, -23.655699899999988 ], [ -46.7241873, -23.6557464 ], [ -46.7240517, -23.6557843 ], [ -46.723921, -23.655816 ], [ -46.7237748, -23.6558465 ], [ -46.7236297, -23.6558711 ], [ -46.7234912, -23.6558897 ], [ -46.7233372, -23.6559039 ], [ -46.7231815, -23.6559147 ], [ -46.7230231, -23.6559193 ], [ -46.7228722, -23.6559177 ], [ -46.7227004, -23.655911 ], [ -46.7224894, -23.6558967 ], [ -46.7199958, -23.6556943 ], [ -46.7192537, -23.655627 ], [ -46.7191189, -23.6556132 ], [ -46.7189969, -23.6555976 ], [ -46.7188553, -23.655574 ], [ -46.7187179, -23.6555479 ], [ -46.7185693, -23.6555159 ], [ -46.7184175, -23.6554794 ], [ -46.7180661, -23.6553897 ], [ -46.7179114, -23.6553516 ], [ -46.7177546, -23.6553154 ], [ -46.7175972, -23.6552827 ], [ -46.7174391, -23.6552535 ], [ -46.7172997, -23.6552318 ], [ -46.717132, -23.6552084 ], [ -46.7157818, -23.6550365 ], [ -46.7156395, -23.6550179 ], [ -46.7154969, -23.6550025 ], [ -46.7153634, -23.6549911 ], [ -46.7152204, -23.654983099999985 ], [ -46.7150761, -23.65498 ], [ -46.7149359, -23.6549808 ], [ -46.7147971, -23.654984 ], [ -46.7142896, -23.6549988 ], [ -46.7141205, -23.6550014 ], [ -46.7139838, -23.6549996 ], [ -46.7138567, -23.6549951 ], [ -46.713731, -23.6549868 ], [ -46.7135957, -23.6549748 ], [ -46.7134785, -23.6549616 ], [ -46.711247356035912, -23.654678477850926 ] ] ] } },
{ "type": "Feature", "properties": { "fid": 102, "Name": "Linha 5 - Lilás > CPR", "description": "Chácara Klabin > Capão Redondo • 20.0km • 17 estações • 30min • 556mil pass/d (MDU 2024) • 623mil pass/d (Dez/2024) • CBTC GoA2+ • Headway: 176s • 26 trens", "Status_Obra": "Construído", "Modal": "Metrô", "N_Linha": 5, "data_abertura": "2002-10-20" }, "geometry": { "type": "MultiLineString", "coordinates": [ [ [ -46.711252203801578, -23.654644543512873 ], [ -46.7133896, -23.6549137 ], [ -46.7135418, -23.6549321 ], [ -46.7136886, -23.6549469 ], [ -46.7138261, -23.6549573 ], [ -46.7139702, -23.6549629 ], [ -46.7141063, -23.6549654 ], [ -46.7142512, -23.6549635 ], [ -46.7149019, -23.6549451 ], [ -46.7150371, -23.6549442 ], [ -46.7151772, -23.6549457 ], [ -46.715317, -23.6549518 ], [ -46.7154475, -23.6549617 ], [ -46.7155877, -23.6549764 ], [ -46.7157379, -23.6549937 ], [ -46.7172258, -23.6551834 ], [ -46.7173931, -23.6552077 ], [ -46.7175517, -23.6552356 ], [ -46.7176838, -23.6552614 ], [ -46.7178347, -23.6552958 ], [ -46.7184241, -23.6554425 ], [ -46.718591, -23.6554825 ], [ -46.7187479, -23.6555126 ], [ -46.7188948, -23.6555372 ], [ -46.719037, -23.6555556 ], [ -46.7192358, -23.6555759 ], [ -46.7200086, -23.6556447 ], [ -46.7225738, -23.6558541 ], [ -46.7227353, -23.6558651 ], [ -46.7228935, -23.6558714 ], [ -46.7230272, -23.6558717 ], [ -46.7231765, -23.6558683 ], [ -46.7233199, -23.6558595 ], [ -46.7234673, -23.6558458 ], [ -46.7236082, -23.6558279 ], [ -46.7237543, -23.6558032 ], [ -46.7238938, -23.6557748 ], [ -46.7240368, -23.6557407 ], [ -46.7241705, -23.6557044 ], [ -46.7243049, -23.6556615 ], [ -46.7244459, -23.6556115 ], [ -46.7245839, -23.6555576 ], [ -46.7247146, -23.655500599999989 ], [ -46.724858, -23.6554321 ], [ -46.7249921, -23.6553605 ], [ -46.7251368, -23.6552766 ], [ -46.7252667, -23.6551939 ], [ -46.7253841, -23.6551129 ], [ -46.7254918, -23.6550329 ], [ -46.7256024, -23.6549429 ], [ -46.7257049, -23.6548562 ], [ -46.7258021, -23.6547662 ], [ -46.7258959, -23.654674 ], [ -46.7259836, -23.6545816 ], [ -46.726068, -23.6544849 ], [ -46.7261451, -23.6543941 ], [ -46.7262263, -23.6542873 ], [ -46.7263034, -23.6541782 ], [ -46.7263765, -23.6540668 ], [ -46.7264429, -23.6539572 ], [ -46.7265108, -23.653832799999989 ], [ -46.7265654, -23.6537279 ], [ -46.7266147, -23.6536201 ], [ -46.7266577, -23.653517 ], [ -46.726701, -23.6534069 ], [ -46.7267357, -23.6533071 ], [ -46.7267689, -23.6532018 ], [ -46.7267993, -23.6530906 ], [ -46.7268263, -23.652978 ], [ -46.7268505, -23.652859299999989 ], [ -46.726869, -23.6527495 ], [ -46.7268848, -23.652641 ], [ -46.7268949, -23.652539 ], [ -46.726903, -23.6524205 ], [ -46.7269067, -23.6523083 ], [ -46.7269086, -23.6521822 ], [ -46.7269082, -23.6520398 ], [ -46.7269077, -23.6519221 ], [ -46.7268334, -23.6482719 ], [ -46.7268328, -23.6481326 ], [ -46.7268349, -23.6479822 ], [ -46.726841, -23.6478183 ], [ -46.7268483, -23.6476664 ], [ -46.7268595, -23.6475213 ], [ -46.7268714, -23.6473829 ], [ -46.7268881, -23.6472417 ], [ -46.7269047, -23.6471125 ], [ -46.7269233, -23.6469852 ], [ -46.726946, -23.6468604 ], [ -46.7269712, -23.6467497 ], [ -46.726999, -23.6466415 ], [ -46.727031, -23.6465404 ], [ -46.7270678, -23.6464393 ], [ -46.727108, -23.6463398 ], [ -46.7271487, -23.6462495 ], [ -46.7271928, -23.6461599 ], [ -46.7272458, -23.6460659 ], [ -46.7272943, -23.6459866 ], [ -46.7273539, -23.6458949 ], [ -46.7274136, -23.6458101 ], [ -46.727478, -23.645726 ], [ -46.72754710000001, -23.6456419 ], [ -46.7276188, -23.6455618 ], [ -46.7277004, -23.6454793 ], [ -46.7277781, -23.6454042 ], [ -46.7278573, -23.6453336 ], [ -46.7279474, -23.6452594 ], [ -46.72806, -23.6451751 ], [ -46.7281532, -23.6451099 ], [ -46.7282464, -23.6450516 ], [ -46.7283446, -23.6449952 ], [ -46.7284357, -23.6449464 ], [ -46.7285329, -23.6448988 ], [ -46.7286424, -23.6448488 ], [ -46.7287468, -23.6448066 ], [ -46.728854, -23.6447674 ], [ -46.7289797, -23.6447258 ], [ -46.7291263, -23.6446839 ], [ -46.7293024, -23.6446408 ], [ -46.7294674, -23.6446037 ], [ -46.731129, -23.6442567 ], [ -46.7312836, -23.6442255 ], [ -46.7314517, -23.6441941 ], [ -46.7316188, -23.6441671 ], [ -46.7317551, -23.6441482 ], [ -46.7318881, -23.6441311 ], [ -46.732043, -23.6441148 ], [ -46.7321944, -23.6441014 ], [ -46.7334357, -23.6440046 ], [ -46.733554, -23.643993 ], [ -46.7336758, -23.6439794 ], [ -46.7337863, -23.6439658 ], [ -46.7338966, -23.6439488 ], [ -46.7340219, -23.6439269 ], [ -46.7341723, -23.6438957 ], [ -46.7343125, -23.6438633 ], [ -46.7344431, -23.6438299 ], [ -46.7345691, -23.6437944 ], [ -46.7346999, -23.6437527 ], [ -46.7348242, -23.6437121 ], [ -46.7349527, -23.6436646 ], [ -46.7350717, -23.6436167 ], [ -46.7352024, -23.6435603 ], [ -46.7353177, -23.6435051 ], [ -46.7354304, -23.643445 ], [ -46.7355517, -23.6433743 ], [ -46.735657, -23.6433079 ], [ -46.7357683, -23.6432296 ], [ -46.7358743, -23.6431458 ], [ -46.7359782, -23.6430568 ], [ -46.736065, -23.6429756 ], [ -46.7361579, -23.6428786 ], [ -46.7362393, -23.6427859 ], [ -46.7363167, -23.6426919 ], [ -46.7363804, -23.6426081 ], [ -46.7364428, -23.6425168 ], [ -46.7364985, -23.642428 ], [ -46.7365488, -23.6423399 ], [ -46.7366028, -23.6422376 ], [ -46.7366469, -23.6421434 ], [ -46.7366901, -23.6420383 ], [ -46.7367297, -23.6419293 ], [ -46.7367599, -23.6418338 ], [ -46.7367924, -23.6417208 ], [ -46.7368256, -23.6415973 ], [ -46.736853, -23.6414803 ], [ -46.7370267, -23.6406992 ], [ -46.7370603, -23.6405611 ], [ -46.7370891, -23.6404565 ], [ -46.7371204, -23.6403533 ], [ -46.7371538, -23.6402561 ], [ -46.7371923, -23.640154 ], [ -46.7372395, -23.6400371 ], [ -46.7372895, -23.6399233 ], [ -46.7373378, -23.6398208 ], [ -46.7373928, -23.6397117 ], [ -46.7374481, -23.6396105 ], [ -46.7375001, -23.6395186 ], [ -46.7375651, -23.6394127 ], [ -46.7376289, -23.6393119 ], [ -46.7376975, -23.6392124 ], [ -46.7377702, -23.6391109 ], [ -46.7378516, -23.6390068 ], [ -46.7379264, -23.6389181 ], [ -46.7379982, -23.6388394 ], [ -46.7380691, -23.6387659 ], [ -46.7381521, -23.6386869 ], [ -46.7382387, -23.638611 ], [ -46.7383344, -23.6385344 ], [ -46.7384358, -23.6384588 ], [ -46.738534, -23.6383925 ], [ -46.7386452, -23.6383226 ], [ -46.7387566, -23.6382599 ], [ -46.738869, -23.6382037 ], [ -46.7389934, -23.6381472 ], [ -46.7391116, -23.6381001 ], [ -46.7392257, -23.6380589 ], [ -46.7393572, -23.6380167 ], [ -46.7394726, -23.6379857 ], [ -46.7395954, -23.6379574 ], [ -46.7397167, -23.6379341 ], [ -46.7398639, -23.6379131 ], [ -46.7399972, -23.6378996 ], [ -46.7401312, -23.637891599999989 ], [ -46.7402532, -23.6378892 ], [ -46.7403856, -23.6378913 ], [ -46.7405249, -23.6379005 ], [ -46.7406634, -23.6379159 ], [ -46.7407907, -23.6379354 ], [ -46.7409119, -23.637957799999988 ], [ -46.7410299, -23.6379863 ], [ -46.7411404, -23.6380159 ], [ -46.7412638, -23.6380532 ], [ -46.7414012, -23.6381004 ], [ -46.741537, -23.6381517 ], [ -46.741695, -23.6382136 ], [ -46.7438321, -23.639073 ], [ -46.7440347, -23.6391553 ], [ -46.744195, -23.6392252 ], [ -46.7443203, -23.6392831 ], [ -46.7444617, -23.6393528 ], [ -46.744599, -23.6394252 ], [ -46.7447344, -23.6395031 ], [ -46.7448592, -23.6395795 ], [ -46.7449886, -23.6396645 ], [ -46.7451279, -23.6397623 ], [ -46.7452623, -23.6398639 ], [ -46.7453914, -23.6399675 ], [ -46.7454909, -23.6400528 ], [ -46.7455857, -23.6401365 ], [ -46.7456691, -23.6402142 ], [ -46.7457653, -23.640309 ], [ -46.7458479, -23.6403974 ], [ -46.7459211, -23.6404808 ], [ -46.7460005, -23.6405771 ], [ -46.7460783, -23.6406784 ], [ -46.7461506, -23.640779 ], [ -46.7462333, -23.6409018 ], [ -46.7463117, -23.6410181 ], [ -46.7463779, -23.6411266 ], [ -46.7464554, -23.6412603 ], [ -46.7465215, -23.6413847 ], [ -46.7465823, -23.641505399999989 ], [ -46.7466437, -23.6416354 ], [ -46.7468523, -23.6421149 ], [ -46.7469143, -23.6422506 ], [ -46.7469687, -23.6423639 ], [ -46.7470297, -23.6424804 ], [ -46.7470902, -23.6425858 ], [ -46.74716, -23.6426991 ], [ -46.7472335, -23.6428077 ], [ -46.7473084, -23.642913799999988 ], [ -46.7473868, -23.6430166 ], [ -46.7474712, -23.6431194 ], [ -46.7475523, -23.6432122 ], [ -46.7476405, -23.6433043 ], [ -46.7477306, -23.6433957 ], [ -46.7478346, -23.6434922 ], [ -46.7479351, -23.6435794 ], [ -46.7480478, -23.6436721 ], [ -46.7481811, -23.6437703 ], [ -46.7483206, -23.6438672 ], [ -46.7494593, -23.6446111 ], [ -46.7495993, -23.6447002 ], [ -46.7497486, -23.6447885 ], [ -46.7498885, -23.6448688 ], [ -46.7500296, -23.6449442 ], [ -46.7501652, -23.6450121 ], [ -46.7503027, -23.6450783 ], [ -46.7504585, -23.6451487 ], [ -46.7506319, -23.6452218 ], [ -46.7507872, -23.6452838 ], [ -46.7509562, -23.645347 ], [ -46.7511065, -23.6453998 ], [ -46.7512609, -23.6454495 ], [ -46.7514024, -23.6454917 ], [ -46.751552, -23.6455316 ], [ -46.7517057, -23.6455687 ], [ -46.7518539, -23.6456022 ], [ -46.7520295, -23.6456365 ], [ -46.7521804, -23.6456617 ], [ -46.752326, -23.6456832 ], [ -46.7524742, -23.6457009 ], [ -46.75264, -23.6457173 ], [ -46.7527857, -23.6457294 ], [ -46.7529289, -23.6457383 ], [ -46.7530768, -23.6457436 ], [ -46.753228, -23.6457457 ], [ -46.7534279, -23.6457438 ], [ -46.7544733, -23.6457249 ], [ -46.7546165, -23.6457224 ], [ -46.7547686, -23.6457224 ], [ -46.7548985, -23.6457261 ], [ -46.7550275, -23.6457343 ], [ -46.7551605, -23.6457475 ], [ -46.7552857, -23.6457647 ], [ -46.7554112, -23.6457862 ], [ -46.7555291, -23.6458094 ], [ -46.7556649, -23.6458419 ], [ -46.7557896, -23.6458767 ], [ -46.7559067, -23.6459132 ], [ -46.7560322, -23.6459578 ], [ -46.7561632, -23.64601 ], [ -46.756296, -23.646069 ], [ -46.7564185, -23.6461285 ], [ -46.7565443, -23.6461959 ], [ -46.7566841, -23.6462766 ], [ -46.7568163, -23.646358 ], [ -46.7569486, -23.6464436 ], [ -46.7570789, -23.6465313 ], [ -46.7572212, -23.6466341 ], [ -46.7573589, -23.6467408 ], [ -46.7574804, -23.6468388 ], [ -46.7576006, -23.6469417 ], [ -46.7577094, -23.6470397 ], [ -46.7578062, -23.6471348 ], [ -46.7578996, -23.6472342 ], [ -46.7579854, -23.6473322 ], [ -46.7580558, -23.6474189 ], [ -46.7581225, -23.6475069 ], [ -46.75819760000001, -23.6476175 ], [ -46.7582569, -23.6477152 ], [ -46.758322, -23.6478346 ], [ -46.758387, -23.6479645 ], [ -46.7584494, -23.6481027 ], [ -46.7586835, -23.6486551 ], [ -46.7587469, -23.6488009 ], [ -46.7587922, -23.6488994 ], [ -46.7588425, -23.6490019 ], [ -46.7588913, -23.6490965 ], [ -46.758943, -23.6491916 ], [ -46.7590045, -23.6492957 ], [ -46.759061, -23.6493862 ], [ -46.7591266, -23.6494864 ], [ -46.7591962, -23.6495871 ], [ -46.7592756, -23.6496943 ], [ -46.7593476, -23.6497854 ], [ -46.7594286, -23.6498836 ], [ -46.7595285, -23.649997599999988 ], [ -46.7596497, -23.6501278 ], [ -46.7597597, -23.6502376 ], [ -46.7598987, -23.6503653 ], [ -46.7600252, -23.6504733 ], [ -46.7601623, -23.6505844 ], [ -46.7602878, -23.6506817 ], [ -46.7619191, -23.6519008 ], [ -46.7621177, -23.6520516 ], [ -46.7622884, -23.652188 ], [ -46.7624511, -23.6523287 ], [ -46.762606, -23.6524684 ], [ -46.7628416, -23.6526936 ], [ -46.7633303, -23.6531647 ], [ -46.7635308, -23.6533601 ], [ -46.7637322, -23.6535637 ], [ -46.7639296, -23.653772 ], [ -46.7641205, -23.6539736 ], [ -46.7642913, -23.654166 ], [ -46.764444, -23.6543407 ], [ -46.7645919, -23.6545156 ], [ -46.7647894, -23.654755 ], [ -46.7651479, -23.6551878 ], [ -46.7653459, -23.6554279 ], [ -46.7655345, -23.6556618 ], [ -46.7657089, -23.6558832 ], [ -46.7658983, -23.6561336 ], [ -46.7663775, -23.6567884 ], [ -46.7665803, -23.6570742 ], [ -46.7668492, -23.6574609 ], [ -46.7671061, -23.6578354 ], [ -46.7675085, -23.6584197 ], [ -46.7690871, -23.6607479 ] ] ] } },
{ "type": "Feature", "properties": { "fid": 103, "Name": "Linha 5 - Lilás > CKL", "description": "Capão Redondo > Chácara Klabin • 20.0km • 17 estações • 30min • 556mil pass/d (MDU 2024) • 623mil pass/d (Dez/2024) • CBTC GoA2+ • Headway: 176s • 26 trens", "Status_Obra": "Construído", "Modal": "Metrô", "N_Linha": 5, "data_abertura": "2014-02-14" }, "geometry": { "type": "MultiLineString", "coordinates": [ [ [ -46.711247356035912, -23.654678477850926 ], [ -46.7083676, -23.654313 ], [ -46.7082271, -23.6542931 ], [ -46.7080909, -23.6542707 ], [ -46.7079721, -23.6542473 ], [ -46.7078623, -23.6542233 ], [ -46.7077457, -23.6541941 ], [ -46.7076408, -23.6541634 ], [ -46.7075454, -23.6541325 ], [ -46.7074516, -23.654099 ], [ -46.7073538, -23.6540599 ], [ -46.7072622, -23.6540196 ], [ -46.7071614, -23.653971 ], [ -46.7070647, -23.6539193 ], [ -46.7069689, -23.6538618 ], [ -46.7068794, -23.6538001 ], [ -46.7067992, -23.6537405 ], [ -46.7067194, -23.6536745 ], [ -46.7066511, -23.6536084 ], [ -46.7065816, -23.653534 ], [ -46.7065168, -23.6534605 ], [ -46.7064574, -23.653387 ], [ -46.7063961, -23.6533081 ], [ -46.7063294, -23.6532172 ], [ -46.7062744, -23.6531406 ], [ -46.7062174, -23.6530604 ], [ -46.704155414506126, -23.650121115974034 ] ] ] } },
{ "type": "Feature", "properties": { "fid": 104, "Name": "Linha 5 - Lilás > CPR", "description": "Chácara Klabin > Capão Redondo • 20.0km • 17 estações • 30min • 556mil pass/d (MDU 2024) • 623mil pass/d (Dez/2024) • CBTC GoA2+ • Headway: 176s • 26 trens", "Status_Obra": "Construído", "Modal": "Metrô", "N_Linha": 5, "data_abertura": "2014-02-14" }, "geometry": { "type": "MultiLineString", "coordinates": [ [ [ -46.704183580369119, -23.650101357832657 ], [ -46.7062458, -23.6530426 ], [ -46.7063022, -23.6531228 ], [ -46.7063597, -23.6532033 ], [ -46.7064243, -23.65329 ], [ -46.7064843, -23.6533678 ], [ -46.706544, -23.6534404 ], [ -46.706608, -23.6535137 ], [ -46.7066755, -23.6535862 ], [ -46.7067439, -23.6536522 ], [ -46.7068212, -23.653716 ], [ -46.7069043, -23.6537779 ], [ -46.7069905, -23.6538362 ], [ -46.7070842, -23.6538922 ], [ -46.70718, -23.6539438 ], [ -46.7072785, -23.6539915 ], [ -46.7073699, -23.6540315 ], [ -46.7074694, -23.6540707 ], [ -46.7075664, -23.6541058 ], [ -46.7076615, -23.6541366 ], [ -46.7077596, -23.6541643 ], [ -46.7078722, -23.6541924 ], [ -46.7079806, -23.6542162 ], [ -46.7081023, -23.6542401 ], [ -46.7082335, -23.6542619 ], [ -46.7083736, -23.654282 ], [ -46.711252203801578, -23.654644543512873 ] ] ] } },
{ "type": "Feature", "properties": { "fid": 105, "Name": "Linha 5 - Lilás > CKL", "description": "Capão Redondo > Chácara Klabin • 20.0km • 17 estações • 30min • 556mil pass/d (MDU 2024) • 623mil pass/d (Dez/2024) • CBTC GoA2+ • Headway: 176s • 26 trens", "Status_Obra": "Construído", "Modal": "Metrô", "N_Linha": 5, "data_abertura": "2017-09-06" }, "geometry": { "type": "MultiLineString", "coordinates": [ [ [ -46.704155414506126, -23.650121115974034 ], [ -46.7021676, -23.647287399999989 ], [ -46.7020868, -23.6471656 ], [ -46.7020184, -23.6470568 ], [ -46.7019568, -23.6469524 ], [ -46.701897700000011, -23.6468448 ], [ -46.7018407, -23.6467337 ], [ -46.7017878, -23.646625 ], [ -46.7017334, -23.6465047 ], [ -46.7016831, -23.6463849 ], [ -46.7016341, -23.6462617 ], [ -46.7015846, -23.646133 ], [ -46.7015375, -23.6460046 ], [ -46.7014972, -23.6458879 ], [ -46.7011326, -23.6447741 ], [ -46.7010962, -23.6446611 ], [ -46.7010604, -23.6445537 ], [ -46.7010245, -23.6444504 ], [ -46.7009881, -23.6443514 ], [ -46.7009485, -23.6442475 ], [ -46.7009073, -23.6441452 ], [ -46.7008644, -23.6440463 ], [ -46.7008222, -23.643956 ], [ -46.7007743, -23.643862 ], [ -46.7007263, -23.6437735 ], [ -46.7006757, -23.6436836 ], [ -46.7006177, -23.6435874 ], [ -46.7005567, -23.6434922 ], [ -46.7004929, -23.6433964 ], [ -46.7004319, -23.6433073 ], [ -46.7003668, -23.6432145 ], [ -46.7003005, -23.6431175 ], [ -46.7002395, -23.6430235 ], [ -46.7001784, -23.6429264 ], [ -46.7001147, -23.6428221 ], [ -46.7000527, -23.6427156 ], [ -46.6999847, -23.6425973 ], [ -46.6999076, -23.6424589 ], [ -46.6998125, -23.6422916 ], [ -46.699727, -23.6421462 ], [ -46.6996433, -23.642011 ], [ -46.6995511, -23.6418658 ], [ -46.6994551, -23.6417195 ], [ -46.6993578, -23.6415763 ], [ -46.6992709, -23.641451 ], [ -46.6991821, -23.6413295 ], [ -46.6990884, -23.6412067 ], [ -46.6990007, -23.6410977 ], [ -46.698907, -23.6409849 ], [ -46.69838810000001, -23.6403766 ], [ -46.69831, -23.6402826 ], [ -46.6982272, -23.640181 ], [ -46.6981452, -23.640077899999987 ], [ -46.6980726, -23.6399835 ], [ -46.6980026, -23.6398895 ], [ -46.6979325, -23.6397933 ], [ -46.6978546, -23.6396822 ], [ -46.6977808, -23.639576 ], [ -46.6977109, -23.6394723 ], [ -46.6976417, -23.6393671 ], [ -46.6975699, -23.639255899999988 ], [ -46.6974988, -23.6391423 ], [ -46.6963415, -23.6372623 ], [ -46.6962637, -23.6371388 ], [ -46.6962006, -23.6370398 ], [ -46.6961247, -23.6369246 ], [ -46.6960468, -23.6368088 ], [ -46.6959688, -23.6366976 ], [ -46.6958896, -23.6365883 ], [ -46.6958098, -23.6364826 ], [ -46.6957293, -23.63638 ], [ -46.6956425, -23.6362707 ], [ -46.6955516, -23.6361608 ], [ -46.6954597, -23.6360531 ], [ -46.6953511, -23.6359307 ], [ -46.6952311, -23.6358002 ], [ -46.6951204, -23.6356839 ], [ -46.6950141, -23.6355744 ], [ -46.6949138, -23.6354742 ], [ -46.692183, -23.6327653 ], [ -46.692077, -23.632657 ], [ -46.6919836, -23.6325581 ], [ -46.6918785, -23.6324419 ], [ -46.6917795, -23.6323292 ], [ -46.691669, -23.6322 ], [ -46.6915458, -23.6320487 ], [ -46.6914335, -23.6319082 ], [ -46.6902272, -23.6304222 ], [ -46.6901529, -23.6303292 ], [ -46.6900758, -23.6302281 ], [ -46.6900045, -23.630131 ], [ -46.6899259, -23.6300226 ], [ -46.6898547, -23.6299217 ], [ -46.6897929, -23.62983 ], [ -46.6897339, -23.6297385 ], [ -46.6896709, -23.6296353 ], [ -46.6896152, -23.6295407 ], [ -46.6895602, -23.6294418 ], [ -46.6895019, -23.6293318 ], [ -46.6894386, -23.6292083 ], [ -46.6890014, -23.6283693 ], [ -46.6889084, -23.6281939 ], [ -46.6888597, -23.6281019 ], [ -46.6888103, -23.6280111 ], [ -46.6887533, -23.6279063 ], [ -46.6886932, -23.6277996 ], [ -46.6886353, -23.6277007 ], [ -46.6885233, -23.6275163 ], [ -46.6884284, -23.6273672 ], [ -46.6883389, -23.6272323 ], [ -46.6882371, -23.6270843 ], [ -46.6881277, -23.6269327 ], [ -46.688025, -23.6267945 ], [ -46.6879245, -23.626665 ], [ -46.6878482, -23.62657 ], [ -46.6877695, -23.6264747 ], [ -46.6876941, -23.6263863 ], [ -46.6876192, -23.6263015 ], [ -46.6875455, -23.6262215 ], [ -46.687540789606068, -23.62621646517001 ] ] ] } },
{ "type": "Feature", "properties": { "fid": 106, "Name": "Linha 5 - Lilás > CPR", "description": "Chácara Klabin > Capão Redondo • 20.0km • 17 estações • 30min • 556mil pass/d (MDU 2024) • 623mil pass/d (Dez/2024) • CBTC GoA2+ • Headway: 176s • 26 trens", "Status_Obra": "Construído", "Modal": "Metrô", "N_Linha": 5, "data_abertura": "2017-09-06" }, "geometry": { "type": "MultiLineString", "coordinates": [ [ [ -46.687638152070114, -23.626162915811978 ], [ -46.6877101, -23.6262415 ], [ -46.687812, -23.6263581 ], [ -46.6879073, -23.6264709 ], [ -46.6880058, -23.6265929 ], [ -46.6881119, -23.6267274 ], [ -46.6882043, -23.6268495 ], [ -46.6883055, -23.6269894 ], [ -46.6883978, -23.6271215 ], [ -46.6884885, -23.627258 ], [ -46.6885798, -23.6273975 ], [ -46.6886735, -23.627548 ], [ -46.6887562, -23.6276866 ], [ -46.6888376, -23.6278251 ], [ -46.6889478, -23.6280163 ], [ -46.689778, -23.6294598 ], [ -46.689858, -23.6295979 ], [ -46.6899276, -23.6297123 ], [ -46.6900018, -23.6298291 ], [ -46.6900749, -23.6299415 ], [ -46.6901456, -23.6300487 ], [ -46.6902213, -23.630158 ], [ -46.6902923, -23.6302557 ], [ -46.6903666, -23.6303527 ], [ -46.6904415, -23.6304479 ], [ -46.6905334, -23.6305626 ], [ -46.6918935, -23.6322404 ], [ -46.6919756, -23.6323421 ], [ -46.6920564, -23.6324391 ], [ -46.6921366, -23.6325336 ], [ -46.6922163, -23.6326236 ], [ -46.6922959, -23.6327116 ], [ -46.692379, -23.6328 ], [ -46.6924666, -23.6328897 ], [ -46.6949963, -23.6354044 ], [ -46.6951024, -23.6355103 ], [ -46.6952172, -23.6356261 ], [ -46.6953191, -23.6357311 ], [ -46.6954322, -23.6358519 ], [ -46.6955471, -23.6359793 ], [ -46.6956424, -23.6360887 ], [ -46.6957372, -23.636201 ], [ -46.6958348, -23.6363177 ], [ -46.6959206, -23.6364246 ], [ -46.6959947, -23.6365211 ], [ -46.6960795, -23.636634 ], [ -46.6961615, -23.6367494 ], [ -46.6962419, -23.6368664 ], [ -46.6963203, -23.636984 ], [ -46.6963883, -23.6370903 ], [ -46.6964628, -23.6372101 ], [ -46.6976002, -23.639061 ], [ -46.6976743, -23.6391798 ], [ -46.6977544, -23.6393072 ], [ -46.6978191, -23.6394083 ], [ -46.6978879, -23.6395124 ], [ -46.6979635, -23.6396226 ], [ -46.6980393, -23.6397313 ], [ -46.6981096, -23.6398276 ], [ -46.6981762, -23.639917 ], [ -46.6982469, -23.6400087 ], [ -46.6983307, -23.640115 ], [ -46.6984108, -23.6402152 ], [ -46.6984829, -23.640304 ], [ -46.699021, -23.6409477 ], [ -46.6991102, -23.6410563 ], [ -46.699192, -23.64116 ], [ -46.699278, -23.6412729 ], [ -46.6993658, -23.641393 ], [ -46.699457, -23.6415229 ], [ -46.6995531, -23.6416665 ], [ -46.6996491, -23.6418108 ], [ -46.6997442, -23.6419616 ], [ -46.6998257, -23.6420945 ], [ -46.699915, -23.6422446 ], [ -46.7000126, -23.6424139 ], [ -46.7001381, -23.6426337 ], [ -46.7002093, -23.6427543 ], [ -46.7002715, -23.6428557 ], [ -46.7003366, -23.6429559 ], [ -46.7004101, -23.6430611 ], [ -46.7005912, -23.6433099 ], [ -46.7006538, -23.6433989 ], [ -46.7007145, -23.643489 ], [ -46.7007687, -23.6435774 ], [ -46.7008258, -23.6436749 ], [ -46.7008818, -23.643777299999989 ], [ -46.7009358, -23.6438817 ], [ -46.7009857, -23.6439871 ], [ -46.7010299, -23.6440873 ], [ -46.7010748, -23.6441949 ], [ -46.7011162, -23.6442986 ], [ -46.7011513, -23.6443958 ], [ -46.701187, -23.6445005 ], [ -46.7012146, -23.6445868 ], [ -46.7012487, -23.6446976 ], [ -46.7012807, -23.644809 ], [ -46.7014658, -23.6454663 ], [ -46.7015082, -23.645612 ], [ -46.7015479, -23.6457387 ], [ -46.7015857, -23.6458569 ], [ -46.7016274, -23.6459736 ], [ -46.7016684, -23.6460787 ], [ -46.7017206, -23.6462016 ], [ -46.7017649, -23.6462996 ], [ -46.7018179, -23.6464105 ], [ -46.702184, -23.6471563 ], [ -46.7022412, -23.6472666 ], [ -46.702297, -23.6473677 ], [ -46.7023562, -23.6474704 ], [ -46.7024177, -23.647571 ], [ -46.7024778, -23.6476659 ], [ -46.702537, -23.6477528 ], [ -46.704183580369119, -23.650101357832657 ] ] ] } },
{ "type": "Feature", "properties": { "fid": 107, "Name": "Linha 5 - Lilás > CKL", "description": "Capão Redondo > Chácara Klabin • 20.0km • 17 estações • 30min • 556mil pass/d (MDU 2024) • 623mil pass/d (Dez/2024) • CBTC GoA2+ • Headway: 176s • 26 trens", "Status_Obra": "Construído", "Modal": "Metrô", "N_Linha": 5, "data_abertura": "2018-03-02" }, "geometry": { "type": "MultiLineString", "coordinates": [ [ [ -46.687540789606068, -23.62621646517001 ], [ -46.6874671, -23.6261377 ], [ -46.6873854, -23.6260545 ], [ -46.6867611, -23.6254433 ], [ -46.6866791, -23.6253625 ], [ -46.6865997, -23.6252817 ], [ -46.6865247, -23.6252006 ], [ -46.6864492, -23.6251147 ], [ -46.6863745, -23.6250262 ], [ -46.6863044, -23.624939 ], [ -46.6862357, -23.6248499 ], [ -46.6861629, -23.6247522 ], [ -46.6860912, -23.6246551 ], [ -46.6849582, -23.6231062 ], [ -46.6849161, -23.6230476 ], [ -46.6848746, -23.6229884 ], [ -46.6848368, -23.6229325 ], [ -46.6848002, -23.6228768 ], [ -46.6847606, -23.6228149 ], [ -46.684717, -23.622744099999988 ], [ -46.6846773, -23.6226762 ], [ -46.684634, -23.6225988 ], [ -46.6844342, -23.6222318 ], [ -46.6843934, -23.6221576 ], [ -46.6843536, -23.6220891 ], [ -46.6843094, -23.6220167 ], [ -46.6837162, -23.6211005 ], [ -46.683676, -23.6210395 ], [ -46.6836384, -23.6209843 ], [ -46.6835965, -23.6209241 ], [ -46.6832454, -23.6204297 ], [ -46.683208, -23.6203767 ], [ -46.6831725, -23.6203255 ], [ -46.6831392, -23.6202755 ], [ -46.6831045, -23.6202234 ], [ -46.6830717, -23.620173 ], [ -46.6830383, -23.6201195 ], [ -46.6830039, -23.6200628 ], [ -46.6826938, -23.6195412 ], [ -46.682651, -23.6194691 ], [ -46.6826095, -23.6193997 ], [ -46.682565, -23.619328 ], [ -46.6825167, -23.6192529 ], [ -46.6824693, -23.6191818 ], [ -46.6824213, -23.6191113 ], [ -46.6813912, -23.6176613 ], [ -46.6813279, -23.6175744 ], [ -46.6812622, -23.6174863 ], [ -46.6811965, -23.6174011 ], [ -46.6811264, -23.6173127 ], [ -46.6810554, -23.6172278 ], [ -46.6809757, -23.6171342 ], [ -46.6803498, -23.6164302 ], [ -46.6802729, -23.6163411 ], [ -46.6802009, -23.6162534 ], [ -46.6801276, -23.616160399999988 ], [ -46.6800557, -23.6160668 ], [ -46.6799854, -23.6159724 ], [ -46.6799137, -23.615873 ], [ -46.6794465, -23.6152119 ], [ -46.6793565, -23.6150877 ], [ -46.6792727, -23.614979 ], [ -46.6791835, -23.6148697 ], [ -46.6790886, -23.6147625 ], [ -46.6789864, -23.6146526 ], [ -46.678876, -23.6145416 ], [ -46.6787644, -23.6144369 ], [ -46.6786532, -23.614338 ], [ -46.6785339, -23.614238 ], [ -46.6784165, -23.6141466 ], [ -46.6783053, -23.6140655 ], [ -46.6781781, -23.6139789 ], [ -46.6780507, -23.6138976 ], [ -46.6779243, -23.613822 ], [ -46.6777989, -23.6137512 ], [ -46.6776662, -23.6136816 ], [ -46.6775341, -23.6136168 ], [ -46.6774008, -23.6135558 ], [ -46.6772769, -23.6135022 ], [ -46.6771505, -23.6134498 ], [ -46.6770136, -23.6133965 ], [ -46.6768774, -23.6133469 ], [ -46.6767284, -23.6132945 ], [ -46.6749557, -23.6126769 ], [ -46.6748228, -23.6126285 ], [ -46.6746923, -23.6125791 ], [ -46.6745478, -23.6125226 ], [ -46.6738451, -23.6122434 ], [ -46.6737258, -23.6121969 ], [ -46.6736039, -23.6121511 ], [ -46.6734792, -23.6121085 ], [ -46.6710721, -23.6113339 ], [ -46.6709511, -23.6112934 ], [ -46.6708389, -23.6112544 ], [ -46.6707211, -23.6112107 ], [ -46.6706064, -23.611166 ], [ -46.6704948, -23.6111192 ], [ -46.6703844, -23.6110693 ], [ -46.6702675, -23.6110112 ], [ -46.67016, -23.6109545 ], [ -46.6700445, -23.6108898 ], [ -46.6699384, -23.6108264 ], [ -46.6698314, -23.610758 ], [ -46.6697257, -23.6106854 ], [ -46.6696184, -23.610609 ], [ -46.6695041, -23.610523 ], [ -46.669396, -23.6104387 ], [ -46.668104117109301, -23.609435322817291 ] ] ] } },
{ "type": "Feature", "properties": { "fid": 108, "Name": "Linha 5 - Lilás > CPR", "description": "Chácara Klabin > Capão Redondo • 20.0km • 17 estações • 30min • 556mil pass/d (MDU 2024) • 623mil pass/d (Dez/2024) • CBTC GoA2+ • Headway: 176s • 26 trens", "Status_Obra": "Construído", "Modal": "Metrô", "N_Linha": 5, "data_abertura": "2018-03-02" }, "geometry": { "type": "MultiLineString", "coordinates": [ [ [ -46.668132600539359, -23.609415834155236 ], [ -46.6694204, -23.610416 ], [ -46.6695287, -23.6105006 ], [ -46.6696449, -23.6105876 ], [ -46.6697523, -23.6106652 ], [ -46.669859, -23.6107374 ], [ -46.6699633, -23.610804 ], [ -46.6700729, -23.6108696 ], [ -46.6701784, -23.610929 ], [ -46.6702878, -23.610986 ], [ -46.6704032, -23.6110425 ], [ -46.6705128, -23.611092 ], [ -46.6706237, -23.6111386 ], [ -46.6707336, -23.6111818 ], [ -46.6708529, -23.6112258 ], [ -46.6709654, -23.6112646 ], [ -46.6710845, -23.6113046 ], [ -46.6734913, -23.612079 ], [ -46.6736406, -23.6121264 ], [ -46.6737978, -23.6121725 ], [ -46.6745939, -23.612399299999989 ], [ -46.6747479, -23.6124464 ], [ -46.674879, -23.6124891 ], [ -46.6750255, -23.61254 ], [ -46.676981, -23.6132265 ], [ -46.6771362, -23.6132831 ], [ -46.6772814, -23.613338 ], [ -46.677431, -23.6133971 ], [ -46.6775647, -23.6134537 ], [ -46.6777004, -23.6135152 ], [ -46.6778161, -23.6135722 ], [ -46.6779362, -23.6136325 ], [ -46.6780505, -23.6136935 ], [ -46.6781649, -23.613758799999989 ], [ -46.6782847, -23.6138312 ], [ -46.6784056, -23.6139089 ], [ -46.6785185, -23.6139853 ], [ -46.6786345, -23.6140691 ], [ -46.6787502, -23.6141588 ], [ -46.6788639, -23.6142521 ], [ -46.6789815, -23.6143553 ], [ -46.6791015, -23.6144647 ], [ -46.6792287, -23.6145902 ], [ -46.6793407, -23.614709 ], [ -46.6794452, -23.6148271 ], [ -46.6795347, -23.6149351 ], [ -46.6796229, -23.6150464 ], [ -46.6797267, -23.6151818 ], [ -46.6798275, -23.6153177 ], [ -46.6799324, -23.6154611 ], [ -46.6811604, -23.6171552 ], [ -46.6813236, -23.6173784 ], [ -46.6814727, -23.6175833 ], [ -46.6826679, -23.619261 ], [ -46.6827331, -23.6193558 ], [ -46.682793, -23.6194462 ], [ -46.6828538, -23.6195452 ], [ -46.6829166, -23.6196527 ], [ -46.6829725, -23.6197505 ], [ -46.6830232, -23.619842 ], [ -46.6833767, -23.6204871 ], [ -46.6834169, -23.6205586 ], [ -46.6834558, -23.6206247 ], [ -46.6834993, -23.6206978 ], [ -46.6835406, -23.6207657 ], [ -46.683589, -23.6208421 ], [ -46.6846209, -23.622434 ], [ -46.6846966, -23.622546700000012 ], [ -46.6847704, -23.6226551 ], [ -46.6848535, -23.6227734 ], [ -46.6849397, -23.6228916 ], [ -46.6863333, -23.6247297 ], [ -46.6864179, -23.6248394 ], [ -46.6865115, -23.6249546 ], [ -46.6866048, -23.625064 ], [ -46.6866945, -23.6251652 ], [ -46.6867855, -23.625263 ], [ -46.6868759, -23.625359 ], [ -46.6874863, -23.6260004 ], [ -46.6876006, -23.6261219 ], [ -46.687638152070114, -23.626162915811978 ] ] ] } },
{ "type": "Feature", "properties": { "fid": 109, "Name": "Linha 5 - Lilás > CKL", "description": "Capão Redondo > Chácara Klabin • 20.0km • 17 estações • 30min • 556mil pass/d (MDU 2024) • 623mil pass/d (Dez/2024) • CBTC GoA2+ • Headway: 176s • 26 trens", "Status_Obra": "Construído", "Modal": "Metrô", "N_Linha": 5, "data_abertura": "2018-04-05" }, "geometry": { "type": "MultiLineString", "coordinates": [ [ [ -46.668104117109301, -23.609435322817291 ], [ -46.6672918, -23.6088044 ], [ -46.6671338, -23.6086809 ], [ -46.6669864, -23.6085644 ], [ -46.666839, -23.6084424 ], [ -46.666692, -23.6083149 ], [ -46.6665589, -23.6081956 ], [ -46.6664372, -23.6080807 ], [ -46.6663193, -23.6079648 ], [ -46.6661953, -23.6078397 ], [ -46.6660679, -23.6077063 ], [ -46.6646208, -23.6061697 ], [ -46.6645189, -23.6060644 ], [ -46.6644164, -23.6059611 ], [ -46.6643051, -23.6058516 ], [ -46.6641854, -23.6057376 ], [ -46.664068, -23.6056289 ], [ -46.663955, -23.605528 ], [ -46.663843, -23.6054283 ], [ -46.6634041, -23.6050423 ], [ -46.6632929, -23.604943399999989 ], [ -46.6631796, -23.60484 ], [ -46.6630632, -23.6047319 ], [ -46.6629517, -23.6046245 ], [ -46.6628467, -23.6045214 ], [ -46.6627365, -23.6044107 ], [ -46.6626357, -23.6043066 ], [ -46.6618581, -23.6034947 ], [ -46.661769544751898, -23.603399033056935 ] ] ] } },
{ "type": "Feature", "properties": { "fid": 110, "Name": "Linha 5 - Lilás > CPR", "description": "Chácara Klabin > Capão Redondo • 20.0km • 17 estações • 30min • 556mil pass/d (MDU 2024) • 623mil pass/d (Dez/2024) • CBTC GoA2+ • Headway: 176s • 26 trens", "Status_Obra": "Construído", "Modal": "Metrô", "N_Linha": 5, "data_abertura": "2018-04-05" }, "geometry": { "type": "MultiLineString", "coordinates": [ [ [ -46.661797384950404, -23.603379503360987 ], [ -46.6618883, -23.6034781 ], [ -46.6626624, -23.6042868 ], [ -46.6627649, -23.6043923 ], [ -46.6628712, -23.6044994 ], [ -46.6629763, -23.6046027 ], [ -46.6630875, -23.6047096 ], [ -46.6632053, -23.6048188 ], [ -46.6633158, -23.6049192 ], [ -46.6634269, -23.6050181 ], [ -46.6638686, -23.6054064 ], [ -46.6639796, -23.605505099999988 ], [ -46.6640913, -23.6056063 ], [ -46.6642097, -23.6057156 ], [ -46.6643296, -23.6058294 ], [ -46.6644415, -23.6059391 ], [ -46.664544, -23.6060433 ], [ -46.6646458, -23.606149 ], [ -46.6660982, -23.6076887 ], [ -46.6662228, -23.60782 ], [ -46.6663456, -23.607945 ], [ -46.6664645, -23.608061 ], [ -46.6665863, -23.6081763 ], [ -46.6667189, -23.6082953 ], [ -46.6668646, -23.6084211 ], [ -46.6670108, -23.6085416 ], [ -46.6671601, -23.6086605 ], [ -46.6673147, -23.6087806 ], [ -46.668132600539359, -23.609415834155236 ] ] ] } },
{ "type": "Feature", "properties": { "fid": 111, "Name": "Linha 5 - Lilás > CKL", "description": "Capão Redondo > Chácara Klabin • 20.0km • 17 estações • 30min • 556mil pass/d (MDU 2024) • 623mil pass/d (Dez/2024) • CBTC GoA2+ • Headway: 176s • 26 trens", "Status_Obra": "Construído", "Modal": "Metrô", "N_Linha": 5, "data_abertura": "2018-08-31" }, "geometry": { "type": "MultiLineString", "coordinates": [ [ [ -46.661769544751898, -23.603399033056935 ], [ -46.6617672, -23.6033965 ], [ -46.6616706, -23.6032872 ], [ -46.6615767, -23.6031769 ], [ -46.6614742, -23.603053 ], [ -46.66138990000001, -23.6029495 ], [ -46.6602683, -23.6015528 ], [ -46.6602071, -23.6014779 ], [ -46.6601497, -23.6014091 ], [ -46.6600869, -23.6013374 ], [ -46.6600255, -23.6012693 ], [ -46.659965, -23.6012039 ], [ -46.6598912, -23.6011276 ], [ -46.659818, -23.6010548 ], [ -46.6597521, -23.6009916 ], [ -46.6596816, -23.6009263 ], [ -46.65961, -23.6008633 ], [ -46.6595388, -23.600803 ], [ -46.6594621, -23.6007405 ], [ -46.659382, -23.6006764 ], [ -46.6585581, -23.6000268 ], [ -46.6584732, -23.5999579 ], [ -46.6583933, -23.5998914 ], [ -46.6583194, -23.5998284 ], [ -46.6582365, -23.5997575 ], [ -46.6581415, -23.5996752 ], [ -46.6574622, -23.5990724 ], [ -46.6573637, -23.5989864 ], [ -46.6572786, -23.5989136 ], [ -46.6571921, -23.5988402 ], [ -46.6564739, -23.5982353 ], [ -46.6564043, -23.5981778 ], [ -46.6563414, -23.5981273 ], [ -46.656275, -23.5980758 ], [ -46.6562173, -23.5980329 ], [ -46.6561556, -23.5979902 ], [ -46.6560946, -23.5979506 ], [ -46.6560406, -23.5979172 ], [ -46.6559832, -23.5978838 ], [ -46.6559244, -23.5978516 ], [ -46.6558623, -23.5978201 ], [ -46.6557957, -23.5977881 ], [ -46.6557372, -23.5977615 ], [ -46.6556728, -23.5977341 ], [ -46.6556045, -23.5977066 ], [ -46.6555268, -23.5976789 ], [ -46.6554478, -23.5976529 ], [ -46.6553768, -23.5976316 ], [ -46.6553071, -23.5976122 ], [ -46.6552351, -23.5975936 ], [ -46.6551665, -23.5975775 ], [ -46.6550935, -23.597562 ], [ -46.6550252, -23.5975489 ], [ -46.6549563, -23.5975372 ], [ -46.654882, -23.5975262 ], [ -46.6548099, -23.5975176 ], [ -46.6547404, -23.5975108 ], [ -46.6546655, -23.5975047 ], [ -46.65458790000001, -23.5974999 ], [ -46.6545123, -23.5974974 ], [ -46.6544326, -23.5974968 ], [ -46.6543564, -23.5974993 ], [ -46.6542809, -23.5975031 ], [ -46.6541989, -23.5975093 ], [ -46.6541076, -23.5975187 ], [ -46.6540126, -23.5975307 ], [ -46.6539073, -23.5975467 ], [ -46.6537933, -23.5975658 ], [ -46.6536816, -23.5975859 ], [ -46.6530925, -23.5976939 ], [ -46.6529488, -23.5977184 ], [ -46.6528079, -23.5977406 ], [ -46.6526834, -23.5977585 ], [ -46.6525513, -23.5977771 ], [ -46.6524266, -23.5977935 ], [ -46.6522958, -23.5978086 ], [ -46.6521549, -23.5978228 ], [ -46.6511565, -23.5979122 ], [ -46.6510155, -23.5979227 ], [ -46.6508835, -23.5979301 ], [ -46.650861712000768, -23.597930880733646 ] ] ] } },
{ "type": "Feature", "properties": { "fid": 112, "Name": "Linha 5 - Lilás > CPR", "description": "Chácara Klabin > Capão Redondo • 20.0km • 17 estações • 30min • 556mil pass/d (MDU 2024) • 623mil pass/d (Dez/2024) • CBTC GoA2+ • Headway: 176s • 26 trens", "Status_Obra": "Construído", "Modal": "Metrô", "N_Linha": 5, "data_abertura": "2018-08-31" }, "geometry": { "type": "MultiLineString", "coordinates": [ [ [ -46.650859427277211, -23.597899873781969 ], [ -46.6508823, -23.5978991 ], [ -46.651014, -23.5978916 ], [ -46.6511502, -23.5978811 ], [ -46.6521563, -23.597791199999989 ], [ -46.6522909, -23.5977773 ], [ -46.6524218, -23.5977623 ], [ -46.6525477, -23.5977461 ], [ -46.6526775, -23.5977277 ], [ -46.6528028, -23.5977088 ], [ -46.6529422, -23.5976872 ], [ -46.6530798, -23.597664 ], [ -46.6536776, -23.5975539 ], [ -46.6537983, -23.5975325 ], [ -46.6539039, -23.5975152 ], [ -46.65400240000001, -23.597501 ], [ -46.6541057, -23.597487699999988 ], [ -46.6541964, -23.597478 ], [ -46.654278, -23.5974716 ], [ -46.6543623, -23.5974677 ], [ -46.65444, -23.5974659 ], [ -46.6545166, -23.5974661 ], [ -46.6545905, -23.5974685 ], [ -46.6546694, -23.597473 ], [ -46.6547442, -23.5974791 ], [ -46.6548186, -23.5974868 ], [ -46.6548882, -23.5974953 ], [ -46.6549658, -23.5975068 ], [ -46.655032, -23.5975182 ], [ -46.6551017, -23.5975314 ], [ -46.6551771, -23.5975474 ], [ -46.6552462, -23.5975637 ], [ -46.655318, -23.5975821 ], [ -46.6553898, -23.5976027 ], [ -46.6554649, -23.5976254 ], [ -46.6555453, -23.597652 ], [ -46.655619, -23.5976782 ], [ -46.6556897, -23.597706 ], [ -46.6557528, -23.5977331 ], [ -46.6558172, -23.5977623 ], [ -46.6558833, -23.5977943 ], [ -46.6559437, -23.5978256 ], [ -46.6560024, -23.5978578 ], [ -46.6560579, -23.5978901 ], [ -46.6561163, -23.5979258 ], [ -46.656182, -23.5979695 ], [ -46.6562387, -23.5980086 ], [ -46.6563038, -23.5980562 ], [ -46.6563659, -23.5981041 ], [ -46.6564293, -23.5981555 ], [ -46.6564937, -23.5982087 ], [ -46.6572119, -23.5988139 ], [ -46.6573025, -23.5988908 ], [ -46.6573893, -23.5989655 ], [ -46.6574887, -23.599051599999989 ], [ -46.6581671, -23.5996543 ], [ -46.6582568, -23.5997328 ], [ -46.6583426, -23.5998064 ], [ -46.6584277, -23.599878 ], [ -46.6585029, -23.5999404 ], [ -46.6585814, -23.6000037 ], [ -46.6594073, -23.6006545 ], [ -46.659486, -23.600718 ], [ -46.6595654, -23.6007832 ], [ -46.6596327, -23.6008401 ], [ -46.6597078, -23.6009062 ], [ -46.6597787, -23.6009723 ], [ -46.6598468, -23.6010381 ], [ -46.6599167, -23.601107599999988 ], [ -46.6599911, -23.6011845 ], [ -46.6600546, -23.6012528 ], [ -46.660117, -23.6013224 ], [ -46.6601747, -23.6013886 ], [ -46.6602336, -23.601458 ], [ -46.6602962, -23.601535 ], [ -46.66141240000001, -23.6029247 ], [ -46.6615022, -23.6030358 ], [ -46.6615994, -23.6031525 ], [ -46.66169390000001, -23.6032634 ], [ -46.6617948, -23.6033767 ], [ -46.661797384950404, -23.603379503360987 ] ] ] } },
{ "type": "Feature", "properties": { "fid": 113, "Name": "Linha 4 - Amarela > LUZ", "description": "Vila Sônia > Luz • 12.9km • 11 estações • 21min • 669mil pass/d (MDU 2024) • 758mil/d (Mai/2025) • CBTC GoA4 • Headway: 115s • 29 trens", "Status_Obra": "Construído", "Modal": "Metrô", "N_Linha": 4, "data_abertura": "2011-09-15" }, "geometry": { "type": "MultiLineString", "coordinates": [ [ [ -46.6304577, -23.5330565 ], [ -46.6306151, -23.5330808 ], [ -46.6307434, -23.5331021 ], [ -46.630852, -23.5331222 ], [ -46.6309712, -23.5331467 ], [ -46.631083, -23.5331737 ], [ -46.6311901, -23.5332032 ], [ -46.63130240000001, -23.5332379 ], [ -46.631412, -23.5332758 ], [ -46.6315138, -23.5333148 ], [ -46.6316168, -23.5333588 ], [ -46.6317272, -23.5334102 ], [ -46.6318428, -23.5334709 ], [ -46.6319357, -23.5335239 ], [ -46.6320343, -23.5335855 ], [ -46.632119, -23.5336427 ], [ -46.6322036, -23.5337058 ], [ -46.6322795, -23.5337681 ], [ -46.6323535, -23.5338325 ], [ -46.6324219, -23.5338969 ], [ -46.63249, -23.5339645 ], [ -46.6325577, -23.5340357 ], [ -46.6339745, -23.5355797 ], [ -46.6340892, -23.535706 ], [ -46.634212, -23.5358447 ], [ -46.6343353, -23.5359877 ], [ -46.6344645, -23.5361425 ], [ -46.6345858, -23.5362954 ], [ -46.6347096, -23.5364607 ], [ -46.6348123, -23.5366051 ], [ -46.6349263, -23.5367722 ], [ -46.6350344, -23.5369369 ], [ -46.635907, -23.5382965 ], [ -46.6359627, -23.5383836 ], [ -46.6360157, -23.5384682 ], [ -46.6360682, -23.5385565 ], [ -46.6365323, -23.5393551 ], [ -46.6365876, -23.5394473 ], [ -46.6366468, -23.5395405 ], [ -46.636705, -23.539630299999988 ], [ -46.6367617, -23.5397135 ], [ -46.636823, -23.5397981 ], [ -46.6368843, -23.5398777 ], [ -46.6369536, -23.5399627 ], [ -46.6370266, -23.540047399999988 ], [ -46.637097, -23.5401241 ], [ -46.6371676, -23.5401974 ], [ -46.63725, -23.5402762 ], [ -46.6373346, -23.5403501 ], [ -46.6374206, -23.5404219 ], [ -46.6375134, -23.540494 ], [ -46.6376142, -23.5405692 ], [ -46.6377148, -23.5406389 ], [ -46.6378179, -23.5407068 ], [ -46.6384829, -23.5411355 ], [ -46.6386857, -23.5412642 ], [ -46.6388627, -23.5413776 ], [ -46.6390236, -23.541484 ], [ -46.6391794, -23.5415896 ], [ -46.6393245, -23.5416915 ], [ -46.6394654, -23.5417921 ], [ -46.6396342, -23.5419147 ], [ -46.6404143, -23.5424913 ], [ -46.6405295, -23.5425766 ], [ -46.6406501, -23.5426635 ], [ -46.6407709, -23.5427472 ], [ -46.6408869, -23.5428266 ], [ -46.641002, -23.5429018 ], [ -46.6411219, -23.5429765 ], [ -46.6412543, -23.5430574 ], [ -46.6416704, -23.5433113 ], [ -46.6417868, -23.5433855 ], [ -46.6418917, -23.5434576 ], [ -46.6419796, -23.5435212 ], [ -46.642073, -23.5435917 ], [ -46.6421619, -23.5436636 ], [ -46.6422449, -23.5437344 ], [ -46.6423278, -23.5438093 ], [ -46.6424009, -23.543879 ], [ -46.6424814, -23.543961 ], [ -46.6438056, -23.5453493 ], [ -46.6438942, -23.5454403 ], [ -46.6439643, -23.5455103 ], [ -46.6440361, -23.5455786 ], [ -46.6441206, -23.5456535 ], [ -46.6442092, -23.5457285 ], [ -46.6442983, -23.5458006 ], [ -46.6443858, -23.545868 ], [ -46.6444853, -23.5459428 ], [ -46.6452, -23.5464703 ], [ -46.6452974, -23.5465392 ], [ -46.6453942, -23.5466051 ], [ -46.6454844, -23.5466643 ], [ -46.6455845, -23.54672630000001 ], [ -46.6456861, -23.546786 ], [ -46.6457973, -23.5468478 ], [ -46.6459075, -23.5469058 ], [ -46.6460184, -23.5469605 ], [ -46.6461319, -23.5470125 ], [ -46.646253, -23.5470638 ], [ -46.6463721, -23.5471119 ], [ -46.6464984, -23.5471592 ], [ -46.6466282, -23.5472049 ], [ -46.6467514, -23.5472453 ], [ -46.6468856, -23.547286 ], [ -46.6506367, -23.5484122 ], [ -46.6507953, -23.5484623 ], [ -46.6509459, -23.5485111 ], [ -46.6510945, -23.5485608 ], [ -46.6512561, -23.5486168 ], [ -46.6514167, -23.5486738 ], [ -46.6515756, -23.548732099999988 ], [ -46.6517277, -23.54879 ], [ -46.6518737, -23.548847 ], [ -46.6520304, -23.5489114 ], [ -46.6521752, -23.5489732 ], [ -46.6523182, -23.5490367 ], [ -46.6524749, -23.5491093 ], [ -46.6526264, -23.5491815 ], [ -46.6527868, -23.5492612 ], [ -46.6529437, -23.5493426 ], [ -46.653102, -23.5494289 ], [ -46.6532611, -23.5495169 ], [ -46.6534313, -23.5496145 ], [ -46.6536199, -23.5497267 ], [ -46.6545277, -23.5502686 ], [ -46.6546929, -23.550366 ], [ -46.6548681, -23.5504664 ], [ -46.6550424, -23.5505654 ], [ -46.6552102, -23.5506567 ], [ -46.6554002, -23.5507592 ], [ -46.6579419, -23.5520841 ], [ -46.65803240000001, -23.5521326 ], [ -46.6581182, -23.5521798 ], [ -46.6582143, -23.5522334 ], [ -46.6583157, -23.5522919 ], [ -46.6584004, -23.5523429 ], [ -46.658485, -23.5523958 ], [ -46.6597353, -23.5532077 ], [ -46.6598387, -23.5532758 ], [ -46.6599434, -23.5533459 ], [ -46.6600305, -23.5534076 ], [ -46.6601138, -23.5534674 ], [ -46.6601941, -23.5535285 ], [ -46.6615566, -23.5546061 ], [ -46.6616458, -23.5546765 ], [ -46.6617191, -23.5547358 ], [ -46.661799372424582, -23.554801343363696 ] ] ] } },
{ "type": "Feature", "properties": { "fid": 114, "Name": "Linha 4 - Amarela > VSO", "description": "Luz > Vila Sônia • 12.9km • 11 estações • 21min • 669mil pass/d (MDU 2024) • 758mil/d (Mai/2025) • CBTC GoA4 • Headway: 115s • 29 trens", "Status_Obra": "Construído", "Modal": "Metrô", "N_Linha": 4, "data_abertura": "2011-09-15" }, "geometry": { "type": "MultiLineString", "coordinates": [ [ [ -46.6304644, -23.5330249 ], [ -46.6306218, -23.53305 ], [ -46.6307504, -23.5330711 ], [ -46.6308557, -23.5330906 ], [ -46.630976, -23.5331156 ], [ -46.6310898, -23.5331429 ], [ -46.6311979, -23.5331723 ], [ -46.631316, -23.5332089 ], [ -46.6314263, -23.5332474 ], [ -46.63153, -23.533287 ], [ -46.6316341, -23.5333313 ], [ -46.6317509, -23.5333865 ], [ -46.631863, -23.5334467 ], [ -46.6319567, -23.5334993 ], [ -46.632057, -23.5335612 ], [ -46.6321412, -23.5336189 ], [ -46.6322282, -23.533683599999989 ], [ -46.6323024, -23.5337445 ], [ -46.6323791, -23.5338113 ], [ -46.63244850000001, -23.5338773 ], [ -46.632514, -23.5339417 ], [ -46.6325855, -23.5340168 ], [ -46.6340018, -23.5355595 ], [ -46.6341168, -23.5356861 ], [ -46.6342391, -23.5358251 ], [ -46.6343633, -23.535969 ], [ -46.6344927, -23.5361238 ], [ -46.6346147, -23.5362777 ], [ -46.6347394, -23.5364442 ], [ -46.6348417, -23.5365885 ], [ -46.634956, -23.5367557 ], [ -46.6350646, -23.53692 ], [ -46.635937, -23.5382806 ], [ -46.6359951, -23.5383717 ], [ -46.6360442, -23.5384499 ], [ -46.6360987, -23.538541 ], [ -46.6365575, -23.5393297 ], [ -46.6366187, -23.5394316 ], [ -46.6366766, -23.5395248 ], [ -46.6367344, -23.5396132 ], [ -46.6367922, -23.5396988 ], [ -46.6368546, -23.5397846 ], [ -46.6369159, -23.5398637 ], [ -46.6369832, -23.5399458 ], [ -46.6370522, -23.5400264 ], [ -46.6371228, -23.5401035 ], [ -46.6371935, -23.5401758 ], [ -46.637275, -23.5402535 ], [ -46.6373579, -23.5403271 ], [ -46.637444, -23.540399 ], [ -46.637536, -23.5404699 ], [ -46.637635, -23.5405436 ], [ -46.6377346, -23.5406131 ], [ -46.6378396, -23.5406823 ], [ -46.6385062, -23.5411113 ], [ -46.6387004, -23.5412351 ], [ -46.6388826, -23.5413521 ], [ -46.6390461, -23.5414597 ], [ -46.6392001, -23.541563799999988 ], [ -46.6393453, -23.5416654 ], [ -46.6394879, -23.5417673 ], [ -46.6396576, -23.5418906 ], [ -46.6404361, -23.5424669 ], [ -46.6405524, -23.5425517 ], [ -46.6406734, -23.5426387 ], [ -46.6407948, -23.5427232 ], [ -46.6409125, -23.5428026 ], [ -46.6410257, -23.542877 ], [ -46.6411422, -23.5429508 ], [ -46.6412724, -23.5430299 ], [ -46.6416918, -23.543284 ], [ -46.6418131, -23.5433625 ], [ -46.6419136, -23.5434322 ], [ -46.6420067, -23.5434992 ], [ -46.6420959, -23.5435675 ], [ -46.6421894, -23.5436424 ], [ -46.6422779, -23.5437185 ], [ -46.6423524, -23.5437861 ], [ -46.6424264, -23.543858 ], [ -46.6425058, -23.5439386 ], [ -46.6438344, -23.5453298 ], [ -46.6439162, -23.5454146 ], [ -46.6439873, -23.5454859 ], [ -46.6440629, -23.5455574 ], [ -46.6441417, -23.5456276 ], [ -46.6442319, -23.5457038 ], [ -46.6443229, -23.5457769 ], [ -46.6444055, -23.5458409 ], [ -46.6445076, -23.5459187 ], [ -46.6452196, -23.5464446 ], [ -46.6453191, -23.546514 ], [ -46.6454125, -23.5465783 ], [ -46.6455026, -23.5466362 ], [ -46.6456041, -23.5466982 ], [ -46.645706, -23.5467591 ], [ -46.6458171, -23.5468213 ], [ -46.6459253, -23.5468779 ], [ -46.6460363, -23.5469327 ], [ -46.6461468, -23.5469841 ], [ -46.6462672, -23.5470349 ], [ -46.6463823, -23.5470815 ], [ -46.6465126, -23.547130299999989 ], [ -46.6466398, -23.547175 ], [ -46.6467632, -23.5472149 ], [ -46.6468965, -23.5472557 ], [ -46.6506564, -23.5483848 ], [ -46.6508028, -23.5484305 ], [ -46.6509541, -23.5484792 ], [ -46.6511075, -23.5485312 ], [ -46.6512586, -23.5485838 ], [ -46.6514345, -23.5486468 ], [ -46.6515884, -23.5487036 ], [ -46.6517511, -23.5487656 ], [ -46.6518951, -23.5488219 ], [ -46.6520466, -23.5488837 ], [ -46.6521931, -23.548946 ], [ -46.6523398, -23.5490114 ], [ -46.6524937, -23.5490823 ], [ -46.6526454, -23.5491545 ], [ -46.6528074, -23.5492348 ], [ -46.6529617, -23.5493146 ], [ -46.6531218, -23.5494023 ], [ -46.65328, -23.5494905 ], [ -46.6534512, -23.5495885 ], [ -46.6536409, -23.5497006 ], [ -46.6545475, -23.5502419 ], [ -46.6547174, -23.5503422 ], [ -46.6548872, -23.5504401 ], [ -46.6550618, -23.550538299999989 ], [ -46.6552248, -23.5506275 ], [ -46.6554186, -23.5507307 ], [ -46.6583919, -23.5522802 ], [ -46.6584955, -23.5523348 ], [ -46.6585876, -23.5523853 ], [ -46.6586722, -23.552434 ], [ -46.6587567, -23.5524846 ], [ -46.6588468, -23.5525411 ], [ -46.6597876, -23.5531515 ], [ -46.6598815, -23.5532124 ], [ -46.6599851, -23.5532834 ], [ -46.660083, -23.5533523 ], [ -46.6601643, -23.5534115 ], [ -46.6602462, -23.5534731 ], [ -46.6610731, -23.5541266 ], [ -46.6611401, -23.5541806 ], [ -46.6612033, -23.554234699999988 ], [ -46.6612647, -23.5542891 ], [ -46.6613318, -23.5543487 ], [ -46.6616289, -23.5546117 ], [ -46.6616844, -23.5546599 ], [ -46.6617412, -23.5547082 ], [ -46.661824649337504, -23.554776593058655 ] ] ] } },
{ "type": "Feature", "properties": { "fid": 115, "Name": "Linha 4 - Amarela > LUZ", "description": "Vila Sônia > Luz • 12.9km • 11 estações • 21min • 669mil pass/d (MDU 2024) • 758mil/d (Mai/2025) • CBTC GoA4 • Headway: 115s • 29 trens", "Status_Obra": "Construído", "Modal": "Metrô", "N_Linha": 4, "data_abertura": "2010-05-25" }, "geometry": { "type": "MultiLineString", "coordinates": [ [ [ -46.661799372424582, -23.554801343363696 ], [ -46.66313, -23.5558878 ], [ -46.6632058, -23.5559471 ], [ -46.6632848, -23.5560051 ], [ -46.663366, -23.5560617 ], [ -46.6634503, -23.5561158 ], [ -46.6635474, -23.556173 ], [ -46.6636385, -23.5562231 ], [ -46.6637281, -23.5562689 ], [ -46.6638233, -23.5563137 ], [ -46.6639236, -23.5563574 ], [ -46.6640245, -23.5563961 ], [ -46.6641292, -23.5564323 ], [ -46.664241, -23.5564667 ], [ -46.66435640000001, -23.5564987 ], [ -46.664912, -23.5566395 ], [ -46.6650201, -23.5566681 ], [ -46.6651249, -23.5566976 ], [ -46.66522, -23.5567268 ], [ -46.6653133, -23.5567576 ], [ -46.6654047, -23.5567901 ], [ -46.6655084, -23.5568304 ], [ -46.665609, -23.5568737 ], [ -46.6657203, -23.5569256 ], [ -46.6658216, -23.556976 ], [ -46.6659302, -23.5570339 ], [ -46.6660354, -23.5570935 ], [ -46.6661492, -23.5571614 ], [ -46.6662707, -23.5572379 ], [ -46.6670544, -23.5577425 ], [ -46.6671811, -23.5578226 ], [ -46.6672998, -23.5578956 ], [ -46.6674094, -23.5579617 ], [ -46.6675226, -23.5580282 ], [ -46.669678, -23.5592304 ], [ -46.6698725, -23.5593387 ], [ -46.6700669, -23.5594458 ], [ -46.6702963, -23.5595721 ], [ -46.6715568, -23.5602713 ], [ -46.67180840000001, -23.5604125 ], [ -46.6720639, -23.5605574 ], [ -46.6723578, -23.560729099999989 ], [ -46.6726156, -23.5608815 ], [ -46.6741445, -23.5617974 ], [ -46.6742591, -23.5618679 ], [ -46.6743769, -23.5619431 ], [ -46.6744918, -23.562019 ], [ -46.6746018, -23.5620946 ], [ -46.6747074, -23.5621718 ], [ -46.6748164, -23.5622545 ], [ -46.6749232, -23.5623375 ], [ -46.6756428, -23.562903 ], [ -46.6757564, -23.56299 ], [ -46.6758632, -23.5630712 ], [ -46.6759659, -23.5631466 ], [ -46.6760866, -23.563231 ], [ -46.6762062, -23.563312599999989 ], [ -46.6763229, -23.5633893 ], [ -46.6764479, -23.5634675 ], [ -46.6765665, -23.5635397 ], [ -46.6766811, -23.5636054 ], [ -46.6768105, -23.5636763 ], [ -46.6769487, -23.5637486 ], [ -46.6770801, -23.5638144 ], [ -46.6772069, -23.5638743 ], [ -46.6773437, -23.5639349 ], [ -46.677475, -23.5639908 ], [ -46.6775978, -23.5640388 ], [ -46.6777394, -23.5640892 ], [ -46.6778802, -23.5641347 ], [ -46.6780215, -23.5641765 ], [ -46.6781493, -23.5642112 ], [ -46.6782865, -23.5642459 ], [ -46.6784327, -23.5642791 ], [ -46.6785802, -23.5643105 ], [ -46.6787105, -23.5643354 ], [ -46.678842, -23.564359 ], [ -46.6789573, -23.5643779 ], [ -46.6790821, -23.5643974 ], [ -46.6797865, -23.5644964 ], [ -46.6799082, -23.564516499999989 ], [ -46.6800272, -23.5645387 ], [ -46.6801406, -23.5645636 ], [ -46.6802414, -23.5645886 ], [ -46.6803539, -23.5646202 ], [ -46.6804606, -23.5646543 ], [ -46.6805788, -23.5646957 ], [ -46.6806924, -23.5647402 ], [ -46.6807954, -23.5647819 ], [ -46.6869702, -23.5673805 ], [ -46.687123, -23.567442 ], [ -46.6872394, -23.5674881 ], [ -46.687357, -23.5675323 ], [ -46.6874432, -23.5675624 ], [ -46.6875314, -23.5675907 ], [ -46.6881858, -23.5678033 ], [ -46.6883371, -23.5678495 ], [ -46.6884857, -23.5678934 ], [ -46.6886444, -23.5679374 ], [ -46.6887814, -23.567973 ], [ -46.6889269, -23.568008 ], [ -46.6890622, -23.5680363 ], [ -46.689199, -23.5680615 ], [ -46.6893372, -23.5680824 ], [ -46.6894743, -23.5681 ], [ -46.6896068, -23.5681126 ], [ -46.6897288, -23.5681216 ], [ -46.6898669, -23.5681289 ], [ -46.6899916, -23.5681334 ], [ -46.6901385, -23.5681341 ], [ -46.6903075, -23.5681319 ], [ -46.6904596, -23.5681267 ], [ -46.6906116, -23.56811870000001 ], [ -46.6907715, -23.5681076 ], [ -46.6909136, -23.5680963 ], [ -46.6910652, -23.5680812 ], [ -46.6912191, -23.5680644 ], [ -46.6913702, -23.5680455 ], [ -46.6915275, -23.5680231 ], [ -46.6916848, -23.5679976 ], [ -46.6918313, -23.5679702 ], [ -46.691973, -23.5679405 ], [ -46.6921062, -23.5679094 ], [ -46.6922346, -23.5678759 ], [ -46.6923671, -23.5678396 ], [ -46.6924606, -23.5678123 ], [ -46.6925793, -23.567774 ], [ -46.6926786, -23.5677399 ], [ -46.6927719, -23.5677069 ], [ -46.6928871, -23.5676627 ], [ -46.6930075, -23.5676137 ], [ -46.6936978, -23.5673186 ], [ -46.69378926187013, -23.567279062137736 ] ] ] } },
{ "type": "Feature", "properties": { "fid": 116, "Name": "Linha 4 - Amarela > VSO", "description": "Luz > Vila Sônia • 12.9km • 11 estações • 21min • 669mil pass/d (MDU 2024) • 758mil/d (Mai/2025) • CBTC GoA4 • Headway: 115s • 29 trens", "Status_Obra": "Construído", "Modal": "Metrô", "N_Linha": 4, "data_abertura": "2010-05-25" }, "geometry": { "type": "MultiLineString", "coordinates": [ [ [ -46.661824649337504, -23.554776593058655 ], [ -46.663155, -23.5558669 ], [ -46.6632285, -23.5559238 ], [ -46.6633022, -23.5559776 ], [ -46.6633864, -23.5560357 ], [ -46.6634695, -23.5560891 ], [ -46.6635667, -23.5561468 ], [ -46.6636558, -23.5561962 ], [ -46.6637444, -23.5562418 ], [ -46.66383840000001, -23.5562858 ], [ -46.6639396, -23.5563291 ], [ -46.6640377, -23.5563672 ], [ -46.6641448, -23.5564039 ], [ -46.6642537, -23.5564363 ], [ -46.664366, -23.556468 ], [ -46.664923, -23.556609 ], [ -46.6650309, -23.5566381 ], [ -46.6651379, -23.5566678 ], [ -46.6652309, -23.5566968 ], [ -46.665322, -23.5567262 ], [ -46.6654182, -23.5567609 ], [ -46.6655187, -23.5567997 ], [ -46.665624, -23.5568461 ], [ -46.6657329, -23.5568966 ], [ -46.6658389, -23.5569486 ], [ -46.6659476, -23.5570068 ], [ -46.6660538, -23.557066899999988 ], [ -46.6661692, -23.557136 ], [ -46.6662885, -23.5572111 ], [ -46.667075, -23.5577174 ], [ -46.6672008, -23.5577974 ], [ -46.6673209, -23.5578707 ], [ -46.6674303, -23.5579366 ], [ -46.6675411, -23.5580015 ], [ -46.6696965, -23.559203 ], [ -46.6698911, -23.5593114 ], [ -46.670087, -23.5594198 ], [ -46.6703132, -23.559545 ], [ -46.6715749, -23.5602445 ], [ -46.6718247, -23.5603842 ], [ -46.6720791, -23.5605294 ], [ -46.6723747, -23.5607018 ], [ -46.6726292, -23.5608524 ], [ -46.6741634, -23.5617716 ], [ -46.6742779, -23.5618417 ], [ -46.6743966, -23.5619169 ], [ -46.6745131, -23.5619942 ], [ -46.6746209, -23.5620686 ], [ -46.6747273, -23.5621456 ], [ -46.6748384, -23.5622297 ], [ -46.6749456, -23.5623127 ], [ -46.6756648, -23.5628787 ], [ -46.6757778, -23.5629653 ], [ -46.6758857, -23.563048 ], [ -46.6759897, -23.5631237 ], [ -46.6761065, -23.5632052 ], [ -46.6762247, -23.5632859 ], [ -46.6763437, -23.5633641 ], [ -46.6764667, -23.5634413 ], [ -46.6765874, -23.563514 ], [ -46.6767002, -23.5635792 ], [ -46.6768277, -23.5636495 ], [ -46.6769654, -23.5637203 ], [ -46.6770974, -23.5637867 ], [ -46.6772233, -23.5638466 ], [ -46.677359, -23.5639069 ], [ -46.6774888, -23.5639613 ], [ -46.6776105, -23.5640093 ], [ -46.6777456, -23.564058 ], [ -46.6778905, -23.5641045 ], [ -46.6780307, -23.5641461 ], [ -46.6781585, -23.5641804 ], [ -46.6782945, -23.5642147 ], [ -46.6784404, -23.5642477 ], [ -46.6785898, -23.5642793 ], [ -46.6787182, -23.5643042 ], [ -46.6788483, -23.5643276 ], [ -46.6789611, -23.5643462 ], [ -46.6790908, -23.5643649 ], [ -46.6797931, -23.564465 ], [ -46.6799201, -23.5644858 ], [ -46.6800354, -23.5645079 ], [ -46.6801485, -23.5645326 ], [ -46.6802524, -23.564558 ], [ -46.6803604, -23.5645884 ], [ -46.6804772, -23.5646257 ], [ -46.680593, -23.5646666 ], [ -46.6807077, -23.5647103 ], [ -46.6808107, -23.5647522 ], [ -46.6869855, -23.567348 ], [ -46.6871021, -23.5673959 ], [ -46.6872151, -23.5674417 ], [ -46.6873166, -23.5674816 ], [ -46.687398, -23.5675121 ], [ -46.6874669, -23.5675363 ], [ -46.6875423, -23.5675615 ], [ -46.6881989, -23.5677735 ], [ -46.6883461, -23.5678192 ], [ -46.6884921, -23.5678612 ], [ -46.6886522, -23.5679066 ], [ -46.6888003, -23.5679447 ], [ -46.6889327, -23.5679763 ], [ -46.6890665, -23.5680048 ], [ -46.6892023, -23.5680303 ], [ -46.6893395, -23.5680509 ], [ -46.6894734, -23.5680679 ], [ -46.689606, -23.5680812 ], [ -46.6897279, -23.5680903 ], [ -46.6898633, -23.568097 ], [ -46.6899883, -23.5681015 ], [ -46.6901308, -23.5681019 ], [ -46.6903026, -23.5681 ], [ -46.6904536, -23.5680946 ], [ -46.6906061, -23.5680869 ], [ -46.690764, -23.5680756 ], [ -46.690904, -23.568064 ], [ -46.6910567, -23.5680488 ], [ -46.6912076, -23.5680328 ], [ -46.6913611, -23.5680126 ], [ -46.6915195, -23.56799 ], [ -46.6916699, -23.5679662 ], [ -46.6918183, -23.5679396 ], [ -46.6919593, -23.5679093 ], [ -46.6920934, -23.5678787 ], [ -46.6922201, -23.5678451 ], [ -46.6923539, -23.5678087 ], [ -46.6924592, -23.5677772 ], [ -46.6925637, -23.5677442 ], [ -46.6926611, -23.5677111 ], [ -46.692755, -23.5676769 ], [ -46.6928685, -23.5676335 ], [ -46.6929962, -23.5675828 ], [ -46.6936819, -23.5672891 ], [ -46.693783658027129, -23.567244816432002 ] ] ] } },
{ "type": "Feature", "properties": { "fid": 117, "Name": "Linha 4 - Amarela > LUZ", "description": "Vila Sônia > Luz • 12.9km • 11 estações • 21min • 669mil pass/d (MDU 2024) • 758mil/d (Mai/2025) • CBTC GoA4 • Headway: 115s • 29 trens", "Status_Obra": "Construído", "Modal": "Metrô", "N_Linha": 4, "data_abertura": "2011-03-28" }, "geometry": { "type": "MultiLineString", "coordinates": [ [ [ -46.69378926187013, -23.567279062137736 ], [ -46.6938477, -23.5672538 ], [ -46.6939937, -23.5671925 ], [ -46.6941431, -23.5671327 ], [ -46.6943103, -23.5670677 ], [ -46.6944716, -23.5670081 ], [ -46.6946339, -23.5669533 ], [ -46.6947819, -23.5669064 ], [ -46.6949493, -23.5668572 ], [ -46.6950961, -23.566817 ], [ -46.6952503, -23.5667777 ], [ -46.6953761, -23.5667491 ], [ -46.6955062, -23.5667223 ], [ -46.695642, -23.5666978 ], [ -46.6957788, -23.5666778 ], [ -46.6959065, -23.5666616 ], [ -46.6960396, -23.5666474 ], [ -46.6961804, -23.5666358 ], [ -46.6963128, -23.5666287 ], [ -46.696462, -23.5666235 ], [ -46.6966074, -23.5666222 ], [ -46.6967436, -23.5666247 ], [ -46.6968772, -23.5666299 ], [ -46.6970166, -23.5666373 ], [ -46.6971634, -23.5666474 ], [ -46.6973195, -23.5666607 ], [ -46.6974783, -23.5666779 ], [ -46.6995123, -23.5668948 ], [ -46.6997311, -23.5669187 ], [ -46.6999476, -23.5669451 ], [ -46.7001595, -23.5669735 ], [ -46.7003834, -23.567006 ], [ -46.7006067, -23.5670421 ], [ -46.7008183, -23.5670799 ], [ -46.7010144, -23.5671182 ], [ -46.7012193, -23.5671606 ], [ -46.7013987, -23.5671999 ], [ -46.7015525, -23.5672357 ], [ -46.701707, -23.5672746 ], [ -46.7018385, -23.5673099 ], [ -46.7019744, -23.5673482 ], [ -46.7020902, -23.5673821 ], [ -46.7022204, -23.5674224 ], [ -46.7023571, -23.567467 ], [ -46.7024865, -23.567512099999988 ], [ -46.7026389, -23.5675675 ], [ -46.702785, -23.5676228 ], [ -46.7029403, -23.5676861 ], [ -46.7030969, -23.5677538 ], [ -46.7032542, -23.5678251 ], [ -46.7034189, -23.5679044 ], [ -46.7035858, -23.5679895 ], [ -46.7037486, -23.5680777 ], [ -46.7039217, -23.5681767 ], [ -46.7040884, -23.5682777 ], [ -46.7042548, -23.5683849 ], [ -46.7044251, -23.5685003 ], [ -46.7045817, -23.5686111 ], [ -46.7047403, -23.5687282 ], [ -46.704902, -23.5688543 ], [ -46.7050608, -23.5689853 ], [ -46.7052183, -23.569119 ], [ -46.7053784, -23.5692614 ], [ -46.7074028, -23.5711222 ], [ -46.7075176, -23.5712286 ], [ -46.7076211, -23.5713277 ], [ -46.707716, -23.5714223 ], [ -46.7078147, -23.5715241 ], [ -46.7079295, -23.5716467 ], [ -46.7080217, -23.5717463 ], [ -46.7081093, -23.571845 ], [ -46.7081941, -23.5719452 ], [ -46.708225896565061, -23.571984396253754 ] ] ] } },
{ "type": "Feature", "properties": { "fid": 118, "Name": "Linha 4 - Amarela > VSO", "description": "Luz > Vila Sônia • 12.9km • 11 estações • 21min • 669mil pass/d (MDU 2024) • 758mil/d (Mai/2025) • CBTC GoA4 • Headway: 115s • 29 trens", "Status_Obra": "Construído", "Modal": "Metrô", "N_Linha": 4, "data_abertura": "2011-03-28" }, "geometry": { "type": "MultiLineString", "coordinates": [ [ [ -46.693783658027129, -23.567244816432002 ], [ -46.6938223, -23.567228 ], [ -46.6939759, -23.5671635 ], [ -46.6941355, -23.5670994 ], [ -46.6942975, -23.567036 ], [ -46.6944569, -23.5669785 ], [ -46.6946217, -23.5669231 ], [ -46.6947696, -23.5668763 ], [ -46.6949396, -23.5668258 ], [ -46.6950841, -23.566786700000012 ], [ -46.6952406, -23.566747 ], [ -46.6953662, -23.5667182 ], [ -46.6954979, -23.5666912 ], [ -46.6956335, -23.5666673 ], [ -46.6957683, -23.5666464 ], [ -46.6959017, -23.5666284 ], [ -46.6960351, -23.5666153 ], [ -46.6961741, -23.5666043 ], [ -46.6963097, -23.5665964 ], [ -46.6964574, -23.5665916 ], [ -46.696607, -23.5665898 ], [ -46.6967444, -23.5665922 ], [ -46.6968779, -23.5665977 ], [ -46.6970201, -23.5666054 ], [ -46.6971656, -23.5666155 ], [ -46.6973141, -23.5666292 ], [ -46.6974793, -23.5666459 ], [ -46.6995238, -23.5668618 ], [ -46.6997336, -23.5668857 ], [ -46.699954, -23.5669123 ], [ -46.7001726, -23.5669419 ], [ -46.7003959, -23.5669749 ], [ -46.7006094, -23.56701 ], [ -46.7008177, -23.5670466 ], [ -46.7010256, -23.5670871 ], [ -46.7012271, -23.5671289 ], [ -46.7014088, -23.5671683 ], [ -46.7015615, -23.5672038 ], [ -46.7017164, -23.567243 ], [ -46.7018499, -23.5672795 ], [ -46.7019794, -23.5673163 ], [ -46.7021061, -23.567353 ], [ -46.7022318, -23.5673917 ], [ -46.7023683, -23.5674363 ], [ -46.7025019, -23.5674832 ], [ -46.702652, -23.5675377 ], [ -46.7027988, -23.567593 ], [ -46.7029555, -23.5676566 ], [ -46.7031154, -23.5677256 ], [ -46.7032745, -23.5677976 ], [ -46.703436600000011, -23.567876 ], [ -46.7036044, -23.5679624 ], [ -46.703767, -23.5680506 ], [ -46.703938, -23.5681479 ], [ -46.7041082, -23.5682511 ], [ -46.704281, -23.5683621 ], [ -46.7044408, -23.5684707 ], [ -46.7046011, -23.5685832 ], [ -46.7047635, -23.5687037 ], [ -46.7049233, -23.568829099999988 ], [ -46.7050844, -23.568962 ], [ -46.7052427, -23.5690962 ], [ -46.7054055, -23.56924 ], [ -46.7074293, -23.5710997 ], [ -46.7075422, -23.5712069 ], [ -46.7076461, -23.5713067 ], [ -46.7077408, -23.5714013 ], [ -46.7078411, -23.5715033 ], [ -46.7079554, -23.5716249 ], [ -46.7080478, -23.5717267 ], [ -46.7081354, -23.5718253 ], [ -46.7082228, -23.5719291 ], [ -46.708259404203496, -23.57197314550767 ] ] ] } },
{ "type": "Feature", "properties": { "fid": 119, "Name": "Linha 4 - Amarela > LUZ", "description": "Vila Sônia > Luz • 12.9km • 11 estações • 21min • 669mil pass/d (MDU 2024) • 758mil/d (Mai/2025) • CBTC GoA4 • Headway: 115s • 29 trens", "Status_Obra": "Construído", "Modal": "Metrô", "N_Linha": 4, "data_abertura": "2021-12-17" }, "geometry": { "type": "MultiLineString", "coordinates": [ [ [ -46.7243227945957, -23.586598890657893 ], [ -46.7256752, -23.5871124 ], [ -46.7257989, -23.5871618 ], [ -46.7259282, -23.5872159 ], [ -46.7260522, -23.5872737 ], [ -46.7261766, -23.587335 ], [ -46.7262987, -23.5873987 ], [ -46.726429, -23.5874692 ], [ -46.7265677, -23.5875468 ], [ -46.7285325, -23.5886949 ], [ -46.7286545, -23.5887697 ], [ -46.7287682, -23.5888445 ], [ -46.7288779, -23.5889212 ], [ -46.7289965, -23.5890087 ], [ -46.7291097, -23.5890985 ], [ -46.7292123, -23.5891832 ], [ -46.7293203, -23.5892789 ], [ -46.7297596, -23.5896878 ], [ -46.7298388, -23.5897609 ], [ -46.7299136, -23.5898333 ], [ -46.729974, -23.5898942 ], [ -46.7300405, -23.5899644 ], [ -46.7301066, -23.5900369 ], [ -46.7301707, -23.5901095 ], [ -46.7311623, -23.5912607 ], [ -46.7312428, -23.5913556 ], [ -46.7313216, -23.5914458 ], [ -46.7313969, -23.5915273 ], [ -46.7314627, -23.5915983 ], [ -46.73153150000001, -23.5916688 ], [ -46.7316042, -23.5917405 ], [ -46.7316706, -23.591803 ], [ -46.731733, -23.591859299999989 ], [ -46.7317983, -23.5919134 ], [ -46.7318716, -23.5919712 ], [ -46.7319584, -23.5920331 ], [ -46.7320453, -23.5920884 ], [ -46.7321417, -23.5921441 ], [ -46.7322322, -23.592193 ], [ -46.732329, -23.5922425 ], [ -46.7324414, -23.5922969 ], [ -46.7369828, -23.5944274 ], [ -46.7370914, -23.5944767 ], [ -46.737202, -23.594526 ], [ -46.7379375, -23.5948384 ], [ -46.7380607, -23.5948902 ], [ -46.7381812, -23.5949461 ], [ -46.7382945, -23.5950026 ], [ -46.7384054, -23.5950607 ], [ -46.7385183, -23.5951245 ], [ -46.7386229, -23.5951913 ], [ -46.7387202, -23.5952606 ], [ -46.7388017, -23.595328 ], [ -46.7388893, -23.5954059 ], [ -46.7389687, -23.5954837 ], [ -46.7390569, -23.5955799 ], [ -46.7391365, -23.5956732 ], [ -46.7392055, -23.5957597 ], [ -46.7392733, -23.595852 ], [ -46.7393412, -23.5959474 ], [ -46.740299, -23.5973211 ], [ -46.7403614, -23.5974119 ], [ -46.7404201, -23.5975037 ], [ -46.7404877, -23.5976188 ], [ -46.7410533, -23.598577399999986 ] ] ] } },
{ "type": "Feature", "properties": { "fid": 120, "Name": "Linha 4 - Amarela > VSO", "description": "Luz > Vila Sônia • 12.9km • 11 estações • 21min • 669mil pass/d (MDU 2024) • 758mil/d (Mai/2025) • CBTC GoA4 • Headway: 115s • 29 trens", "Status_Obra": "Construído", "Modal": "Metrô", "N_Linha": 4, "data_abertura": "2021-12-17" }, "geometry": { "type": "MultiLineString", "coordinates": [ [ [ -46.724334511049896, -23.586569599514306 ], [ -46.7256877, -23.5870838 ], [ -46.7258138, -23.5871335 ], [ -46.7259424, -23.5871879 ], [ -46.7260682, -23.5872472 ], [ -46.7261951, -23.5873092 ], [ -46.7263152, -23.5873713 ], [ -46.7265863, -23.5875208 ], [ -46.7285526, -23.5886684 ], [ -46.7286814, -23.5887468 ], [ -46.7287942, -23.5888195 ], [ -46.7289031, -23.5888937 ], [ -46.7290191, -23.5889771 ], [ -46.7291384, -23.589069 ], [ -46.729241, -23.5891542 ], [ -46.7293502, -23.5892506 ], [ -46.7297899, -23.5896592 ], [ -46.7298705, -23.5897348 ], [ -46.7299451, -23.5898062 ], [ -46.7300072, -23.5898688 ], [ -46.7300738, -23.589939 ], [ -46.7301394, -23.5900107 ], [ -46.7302069, -23.5900877 ], [ -46.7311911, -23.59123 ], [ -46.7312768, -23.5913298 ], [ -46.7313545, -23.5914191 ], [ -46.7314303, -23.5915025 ], [ -46.7314955, -23.5915715 ], [ -46.7315631, -23.591641 ], [ -46.731635, -23.5917125 ], [ -46.7317013, -23.5917751 ], [ -46.7317629, -23.5918302 ], [ -46.7318271, -23.5918846 ], [ -46.7318998, -23.5919409 ], [ -46.7319859, -23.5920025 ], [ -46.7320723, -23.5920568 ], [ -46.7321632, -23.5921097 ], [ -46.7322541, -23.5921584 ], [ -46.732351, -23.5922068 ], [ -46.732462, -23.5922613 ], [ -46.7370041, -23.594392 ], [ -46.7371108, -23.5944416 ], [ -46.7372228, -23.5944911 ], [ -46.7379572, -23.5948013 ], [ -46.7380825, -23.5948558 ], [ -46.7382019, -23.5949117 ], [ -46.7383153, -23.5949677 ], [ -46.7384283, -23.5950264 ], [ -46.7385428, -23.5950915 ], [ -46.7386509, -23.5951603 ], [ -46.7387456, -23.5952282 ], [ -46.7388316, -23.5952993 ], [ -46.7389188, -23.5953766 ], [ -46.7390004, -23.5954563 ], [ -46.7390898, -23.5955545 ], [ -46.7391692, -23.5956477 ], [ -46.7392395, -23.5957358 ], [ -46.7393087, -23.595829 ], [ -46.7393772, -23.5959253 ], [ -46.7403306, -23.5973047 ], [ -46.7403919, -23.5973976 ], [ -46.7404568, -23.5974994 ], [ -46.7405189, -23.5976042 ], [ -46.7410871, -23.5985641 ] ] ] } },
{ "type": "Feature", "properties": { "fid": 121, "Name": "Linha 15 - Prata > VPM", "description": "Jardim Colonial > Vila Prudente • 14.6km • 11 estações • 21min • 141mil pass/d (MDU 2025) • 154mil pass/d (Fev/2025) • CBTC GoA3+ • Headway: 179s • 25 trens", "Status_Obra": "Construído", "Modal": "Monotrilho e VLT", "N_Linha": 15, "data_abertura": "2014-08-30" }, "geometry": { "type": "MultiLineString", "coordinates": [ [ [ -46.5886791, -23.5857121 ], [ -46.588423, -23.5855658 ], [ -46.5883291, -23.5855056 ], [ -46.5882339, -23.5854405 ], [ -46.5881427, -23.5853704 ], [ -46.5880635, -23.5853004 ], [ -46.5879522, -23.5851971 ], [ -46.5878758, -23.5851308 ], [ -46.5877953, -23.5850693 ], [ -46.5876961, -23.5850054 ], [ -46.5875833, -23.5849405 ], [ -46.5867988, -23.5845374 ], [ -46.5866164, -23.5844477 ], [ -46.5864447, -23.5843678 ], [ -46.586261, -23.5842928 ], [ -46.5861122, -23.5842399 ], [ -46.5859418, -23.5841932 ], [ -46.5857796, -23.5841613 ], [ -46.58562, -23.5841441 ], [ -46.5854561, -23.5841393 ], [ -46.5847869, -23.5841418 ], [ -46.5846783, -23.584143 ], [ -46.5845911, -23.5841492 ], [ -46.5844999, -23.5841614 ], [ -46.5843967, -23.5841823 ], [ -46.5843028, -23.5842081 ], [ -46.5842076, -23.5842401 ], [ -46.5826492, -23.5848719 ], [ -46.5825473, -23.58491 ], [ -46.5824695, -23.584937 ], [ -46.5823931, -23.5849591 ], [ -46.5823394, -23.5849702 ], [ -46.5822817, -23.5849763 ], [ -46.5822187, -23.58498 ], [ -46.5821275, -23.5849751 ], [ -46.5820538, -23.5849677 ], [ -46.5802084, -23.5846887 ], [ -46.5778574, -23.5843335 ], [ -46.5776335, -23.5842954 ], [ -46.5774712, -23.5842659 ], [ -46.5773492, -23.5842426 ], [ -46.5772271, -23.5842155 ], [ -46.5771279, -23.5841909 ], [ -46.5770219, -23.5841614 ], [ -46.5769267, -23.5841307 ], [ -46.5768248, -23.5840963 ], [ -46.5767108, -23.584057 ], [ -46.5766035, -23.584016399999989 ], [ -46.5764815, -23.5839672 ], [ -46.5747729, -23.5832605 ], [ -46.5746267, -23.5832028 ], [ -46.5745087, -23.5831573 ], [ -46.5744028, -23.5831192 ], [ -46.574278, -23.5830774 ], [ -46.5741627, -23.5830405 ], [ -46.5740568, -23.5830098 ], [ -46.5739454, -23.5829803 ], [ -46.573818, -23.5829508 ], [ -46.5736866, -23.5829225 ], [ -46.5735257, -23.5828942 ], [ -46.5733513, -23.5828697 ], [ -46.5731971, -23.5828549 ], [ -46.5730429, -23.5828426 ], [ -46.5728524, -23.5828328 ], [ -46.5726499, -23.5828291 ], [ -46.5724622, -23.5828303 ], [ -46.569446, -23.5829016 ], [ -46.5692328, -23.5829065 ], [ -46.5690866, -23.5829078 ], [ -46.5689458, -23.5829078 ], [ -46.568809, -23.5829053 ], [ -46.5686776, -23.5829004 ], [ -46.5685475, -23.582893 ], [ -46.5684, -23.5828832 ], [ -46.5682283, -23.5828697 ], [ -46.5679802, -23.5828463 ], [ -46.5638456, -23.5824481 ], [ -46.5636082, -23.582421 ], [ -46.563458, -23.5824026 ], [ -46.5633038, -23.5823805 ], [ -46.5631241, -23.5823522 ], [ -46.5629779, -23.5823215 ], [ -46.5628183, -23.5822871 ], [ -46.5626292, -23.5822477 ], [ -46.561614615524938, -23.582035321549679 ] ] ] } },
{ "type": "Feature", "properties": { "fid": 122, "Name": "Linha 15 - Prata > IGT", "description": "Vila Prudente > Jardim Colonial • 14.6km • 11 estações • 21min • 141mil pass/d (MDU 2025) • 154mil pass/d (Fev/2025) • CBTC GoA3+ • Headway: 179s • 25 trens", "Status_Obra": "Construído", "Modal": "Monotrilho e VLT", "N_Linha": 15, "data_abertura": "2014-08-30" }, "geometry": { "type": "MultiLineString", "coordinates": [ [ [ -46.5886513, -23.5857479 ], [ -46.588375, -23.5855857 ], [ -46.5882583, -23.585512 ], [ -46.5881551, -23.5854394 ], [ -46.5880585, -23.585362 ], [ -46.5879676, -23.585276 ], [ -46.5878728, -23.5851887 ], [ -46.5877675, -23.5851076 ], [ -46.5876669, -23.5850437 ], [ -46.5875476, -23.5849807 ], [ -46.5867228, -23.5845554 ], [ -46.5865096, -23.5844509 ], [ -46.5862789, -23.5843489 ], [ -46.5861233, -23.5842924 ], [ -46.5859597, -23.5842432 ], [ -46.5857961, -23.58421 ], [ -46.5856325, -23.5841891 ], [ -46.5854524, -23.5841802 ], [ -46.5850165, -23.5841776 ], [ -46.5849018, -23.5841802 ], [ -46.5847868, -23.5841884 ], [ -46.5846845, -23.5842047 ], [ -46.5845713, -23.5842324 ], [ -46.5844667, -23.5842711 ], [ -46.5828064, -23.5849508 ], [ -46.5826884, -23.5849926 ], [ -46.5826213, -23.5850128 ], [ -46.5825503, -23.5850294 ], [ -46.5824751, -23.5850429 ], [ -46.5824195, -23.5850491 ], [ -46.5823333, -23.5850509 ], [ -46.5822364, -23.5850454 ], [ -46.5821385, -23.5850343 ], [ -46.5818663, -23.5849925 ], [ -46.5803388, -23.5847504 ], [ -46.5796951, -23.5846472 ], [ -46.578409, -23.5844505 ], [ -46.5778122, -23.584363199999988 ], [ -46.577654, -23.5843393 ], [ -46.5774997, -23.5843125 ], [ -46.5773546, -23.5842859 ], [ -46.5772404, -23.5842615 ], [ -46.5771262, -23.5842347 ], [ -46.5770186, -23.5842043 ], [ -46.5768533, -23.5841518 ], [ -46.5767272, -23.5841064 ], [ -46.5765999, -23.5840572 ], [ -46.5747853, -23.5833086 ], [ -46.574625, -23.5832459 ], [ -46.5744862, -23.5831931 ], [ -46.5743427, -23.5831421 ], [ -46.5741925, -23.5830924 ], [ -46.5740235, -23.5830445 ], [ -46.5738807, -23.5830101 ], [ -46.5737204, -23.5829756 ], [ -46.5735917, -23.582951 ], [ -46.5734469, -23.5829277 ], [ -46.5733155, -23.5829093 ], [ -46.5731409, -23.5828897 ], [ -46.5729825, -23.5828801 ], [ -46.5728239, -23.582873 ], [ -46.5726704, -23.5828724 ], [ -46.5724705, -23.5828748 ], [ -46.5693324, -23.5829486 ], [ -46.5691869, -23.582951 ], [ -46.5690239, -23.5829522 ], [ -46.5688295, -23.5829492 ], [ -46.5686679, -23.582944 ], [ -46.5684529, -23.5829303 ], [ -46.5682421, -23.5829142 ], [ -46.5680341, -23.5828957 ], [ -46.5631847, -23.5824262 ], [ -46.5630144, -23.5824078 ], [ -46.562888, -23.5823933 ], [ -46.5627428, -23.5823739 ], [ -46.5625956, -23.5823509 ], [ -46.5624525, -23.5823254 ], [ -46.561587842489182, -23.582148092708962 ] ] ] } },
{ "type": "Feature", "properties": { "fid": 123, "Name": "Linha 15 - Prata > VPM", "description": "Jardim Colonial > Vila Prudente • 14.6km • 11 estações • 21min • 141mil pass/d (MDU 2025) • 154mil pass/d (Fev/2025) • CBTC GoA3+ • Headway: 179s • 25 trens", "Status_Obra": "Construído", "Modal": "Monotrilho e VLT", "N_Linha": 15, "data_abertura": "2018-04-06" }, "geometry": { "type": "MultiLineString", "coordinates": [ [ [ -46.561614615524938, -23.582035321549679 ], [ -46.5605626, -23.5818151 ], [ -46.5604352, -23.5817917 ], [ -46.5603238, -23.581777 ], [ -46.5601763, -23.5817622 ], [ -46.5600127, -23.58175 ], [ -46.5593073, -23.5816996 ], [ -46.5591745, -23.5816959 ], [ -46.5590471, -23.5816983 ], [ -46.5589224, -23.5817082 ], [ -46.5587802, -23.5817241 ], [ -46.5586609, -23.581745 ], [ -46.5536586, -23.5827418 ], [ -46.5533863, -23.5828021 ], [ -46.553212, -23.5828475 ], [ -46.5530349, -23.5829004 ], [ -46.5528593, -23.5829606 ], [ -46.5526688, -23.5830307 ], [ -46.5525012, -23.5830983 ], [ -46.5504909, -23.5839156 ], [ -46.5503433, -23.5839783 ], [ -46.5502159, -23.5840361 ], [ -46.5500952, -23.5840963 ], [ -46.5499611, -23.5841651 ], [ -46.5498217, -23.5842413 ], [ -46.5496714, -23.584326099999988 ], [ -46.5495159, -23.584422 ], [ -46.5493549, -23.5845314 ], [ -46.5491913, -23.5846432 ], [ -46.5490465, -23.5847539 ], [ -46.5488829, -23.5848841 ], [ -46.5456682, -23.587625 ], [ -46.5455462, -23.5877319 ], [ -46.5454228, -23.5878486 ], [ -46.5452968, -23.5879764 ], [ -46.5451733, -23.5881142 ], [ -46.5450621, -23.5882517 ], [ -46.5439369, -23.5897438 ], [ -46.5438148, -23.5899172 ], [ -46.5437129, -23.590072 ], [ -46.543544, -23.5903399 ], [ -46.5434514, -23.5904763 ], [ -46.5433669, -23.5905993 ], [ -46.5432703, -23.5907258 ], [ -46.5431792, -23.5908401 ], [ -46.5430826, -23.5909458 ], [ -46.5429807, -23.5910552 ], [ -46.5428546, -23.5911719 ], [ -46.542746, -23.5912641 ], [ -46.5426145, -23.5913735 ], [ -46.5424832, -23.5914706 ], [ -46.5423503, -23.5915603 ], [ -46.5421948, -23.5916598 ], [ -46.5405841, -23.5926628 ], [ -46.5404487, -23.5927525 ], [ -46.5402851, -23.5928668 ], [ -46.5400879, -23.593013 ], [ -46.5399404, -23.5931298 ], [ -46.5398036, -23.5932453 ], [ -46.539648, -23.5933842 ], [ -46.5395005, -23.593524299999984 ], [ -46.5393865, -23.5936324 ], [ -46.5392685, -23.5937553 ], [ -46.5390995, -23.5939249 ], [ -46.5387106, -23.5943182 ], [ -46.5385751, -23.5944583 ], [ -46.5384249, -23.5946058 ], [ -46.5382774, -23.5947533 ], [ -46.5381406, -23.594890899999989 ], [ -46.5360794, -23.5969433 ], [ -46.5359774, -23.5970392 ], [ -46.5358822, -23.5971227 ], [ -46.5357977, -23.5971965 ], [ -46.5357226, -23.5972604 ], [ -46.5356462, -23.5973194 ], [ -46.5355483, -23.5973894 ], [ -46.5354651, -23.5974472 ], [ -46.53536050000001, -23.5975136 ], [ -46.5352868, -23.597559 ], [ -46.5351687, -23.5976254 ], [ -46.5350708, -23.597677 ], [ -46.5349528, -23.597736 ], [ -46.5348375, -23.5977888 ], [ -46.5347275, -23.5978343 ], [ -46.5346095, -23.5978798 ], [ -46.5344754, -23.5979265 ], [ -46.5343292, -23.5979756 ], [ -46.5341723, -23.5980273 ], [ -46.5297936, -23.5994172 ], [ -46.5292076, -23.5996003 ], [ -46.5290433, -23.5996556 ], [ -46.5288964, -23.5997127 ], [ -46.5287811, -23.5997607 ], [ -46.5286677, -23.5998123 ], [ -46.5285537, -23.5998695 ], [ -46.5284417, -23.5999284 ], [ -46.5283525, -23.5999789 ], [ -46.5282319, -23.6000532 ], [ -46.5281125, -23.6001331 ], [ -46.5265106, -23.601263 ], [ -46.5264147, -23.6013282 ], [ -46.5263108, -23.6013934 ], [ -46.5262075, -23.6014523 ], [ -46.5261096, -23.6015039 ], [ -46.5260157, -23.6015482 ], [ -46.5259111, -23.6015949 ], [ -46.5258025, -23.6016403 ], [ -46.5257113, -23.601676 ], [ -46.5256, -23.6017129 ], [ -46.5254967, -23.601746 ], [ -46.5253773, -23.6017792 ], [ -46.5252727, -23.601805 ], [ -46.5251668, -23.6018271 ], [ -46.5250421, -23.6018493 ], [ -46.5248865, -23.6018738 ], [ -46.524692, -23.6019021 ], [ -46.5244842, -23.6019341 ], [ -46.5242656, -23.6019672 ], [ -46.521008, -23.6024441 ], [ -46.520725, -23.6024834 ], [ -46.520489, -23.6025104 ], [ -46.5203013, -23.6025313 ], [ -46.5201256, -23.6025411 ], [ -46.5199754, -23.6025461 ], [ -46.5198533, -23.602546 ], [ -46.5197004, -23.6025436 ], [ -46.5195543, -23.6025411 ], [ -46.5194108, -23.602535 ], [ -46.5185592, -23.6024969 ], [ -46.5184009, -23.6024932 ], [ -46.5182775, -23.602492 ], [ -46.5181354, -23.602498099999988 ], [ -46.517957, -23.6025116 ], [ -46.5178001, -23.6025301 ], [ -46.5176512, -23.602551 ], [ -46.5174863, -23.602578 ], [ -46.5173039, -23.60261 ], [ -46.5168157, -23.602696 ], [ -46.5167118, -23.6027138 ], [ -46.5165636, -23.6027365 ], [ -46.5164067, -23.6027574 ], [ -46.515712161196475, -23.602852857952641 ] ] ] } },
{ "type": "Feature", "properties": { "fid": 124, "Name": "Linha 15 - Prata > IGT", "description": "Vila Prudente > Jardim Colonial • 14.6km • 11 estações • 21min • 141mil pass/d (MDU 2025) • 154mil pass/d (Fev/2025) • CBTC GoA3+ • Headway: 179s • 25 trens", "Status_Obra": "Construído", "Modal": "Monotrilho e VLT", "N_Linha": 15, "data_abertura": "2018-04-06" }, "geometry": { "type": "MultiLineString", "coordinates": [ [ [ -46.561587842489182, -23.582148092708962 ], [ -46.5612119, -23.582071 ], [ -46.5610899, -23.5820428 ], [ -46.5609746, -23.5820126 ], [ -46.5608626, -23.5819804 ], [ -46.5607225, -23.5819371 ], [ -46.5605676, -23.5818891 ], [ -46.5604663, -23.5818609 ], [ -46.5603711, -23.5818412 ], [ -46.5602215, -23.5818172 ], [ -46.5600773, -23.581803 ], [ -46.5592633, -23.5817453 ], [ -46.5591319, -23.5817416 ], [ -46.559026, -23.5817447 ], [ -46.5589378, -23.5817516 ], [ -46.558863, -23.5817609 ], [ -46.5587577, -23.5817797 ], [ -46.5536561, -23.5827838 ], [ -46.5534563, -23.5828269 ], [ -46.5532639, -23.5828742 ], [ -46.5530865, -23.5829268 ], [ -46.5529159, -23.582983 ], [ -46.5527375, -23.5830481 ], [ -46.5525269, -23.5831305 ], [ -46.550589, -23.583922 ], [ -46.550406, -23.5840006 ], [ -46.5502109, -23.5840879 ], [ -46.5500781, -23.5841506 ], [ -46.5499038, -23.5842416 ], [ -46.5497482, -23.5843313 ], [ -46.549598, -23.584421 ], [ -46.5494129, -23.584542 ], [ -46.5492493, -23.5846557 ], [ -46.5490683, -23.5847971 ], [ -46.5459247, -23.5874691 ], [ -46.545806, -23.5875736 ], [ -46.5457035, -23.587672 ], [ -46.5455928, -23.5877863 ], [ -46.5454741, -23.587914 ], [ -46.5453712, -23.5880419 ], [ -46.5452548, -23.5881943 ], [ -46.5436381, -23.5903549 ], [ -46.54351, -23.5905226 ], [ -46.5433833, -23.5906867 ], [ -46.5432566, -23.5908397 ], [ -46.5431327, -23.5909788 ], [ -46.5430172, -23.5910973 ], [ -46.5428952, -23.5912115 ], [ -46.5427678, -23.591319699999989 ], [ -46.5426, -23.5914451 ], [ -46.5424397, -23.5915581 ], [ -46.5422943, -23.5916515 ], [ -46.5409372, -23.5924934 ], [ -46.5406757, -23.5926568 ], [ -46.5405154, -23.5927595 ], [ -46.5403615, -23.5928673 ], [ -46.5401996, -23.592985 ], [ -46.5400507, -23.593098 ], [ -46.5399233, -23.5932037 ], [ -46.5397456, -23.5933598 ], [ -46.5396081, -23.5934864 ], [ -46.5390831, -23.5940075 ], [ -46.5389684, -23.5941256 ], [ -46.5388402, -23.594261 ], [ -46.5387295, -23.594384 ], [ -46.5386241, -23.5945071 ], [ -46.5385117, -23.594643 ], [ -46.5384033, -23.5947667 ], [ -46.5383057, -23.5948775 ], [ -46.5381865, -23.5950067 ], [ -46.5363104, -23.5968834 ], [ -46.5362091, -23.5969768 ], [ -46.5361095, -23.5970665 ], [ -46.5360046, -23.5971526 ], [ -46.5358919, -23.5972392 ], [ -46.5357497, -23.5973418 ], [ -46.5356197, -23.5974302 ], [ -46.5355198, -23.597492299999988 ], [ -46.5353934, -23.5975663 ], [ -46.5352737, -23.597633 ], [ -46.5350973, -23.5977233 ], [ -46.5348995, -23.5978137 ], [ -46.5347546, -23.5978726 ], [ -46.5345789, -23.5979365 ], [ -46.5295123, -23.5995496 ], [ -46.5293452, -23.5996067 ], [ -46.5291991, -23.5996627 ], [ -46.5290548, -23.5997222 ], [ -46.5289101, -23.5997885 ], [ -46.5287351, -23.5998782 ], [ -46.5285813, -23.5999658 ], [ -46.5284494, -23.6000497 ], [ -46.5282751, -23.600167 ], [ -46.5266195, -23.6013254 ], [ -46.5264944, -23.6014077 ], [ -46.5263834, -23.6014709 ], [ -46.5262701, -23.6015306 ], [ -46.526134, -23.6015982 ], [ -46.5260266, -23.6016455 ], [ -46.525908, -23.6016928 ], [ -46.5257959, -23.6017315 ], [ -46.5256883, -23.601765 ], [ -46.5255886, -23.601791 ], [ -46.5254701, -23.60182 ], [ -46.5253447, -23.6018446 ], [ -46.5252143, -23.6018655 ], [ -46.5250298, -23.6018925 ], [ -46.5246252, -23.601954 ], [ -46.5209574, -23.6024948 ], [ -46.5206764, -23.6025322 ], [ -46.5205071, -23.6025528 ], [ -46.520319, -23.6025709 ], [ -46.5201594, -23.6025819 ], [ -46.5199824, -23.6025868 ], [ -46.519804, -23.6025881 ], [ -46.5195774, -23.602582 ], [ -46.5188665, -23.6025524 ], [ -46.5186701, -23.6025457 ], [ -46.5185035, -23.6025435 ], [ -46.5183382, -23.6025487 ], [ -46.5182081, -23.602558 ], [ -46.5180606, -23.6025721 ], [ -46.5179305, -23.6025905 ], [ -46.5177065, -23.6026299 ], [ -46.5168924, -23.6027909 ], [ -46.5167067, -23.6028253 ], [ -46.5165562, -23.6028511 ], [ -46.5164003, -23.6028744 ], [ -46.515727335823804, -23.602967751514726 ] ] ] } },
{ "type": "Feature", "properties": { "fid": 125, "Name": "Linha 15 - Prata > VPM", "description": "Jardim Colonial > Vila Prudente • 14.6km • 11 estações • 21min • 141mil pass/d (MDU 2025) • 154mil pass/d (Fev/2025) • CBTC GoA3+ • Headway: 179s • 25 trens", "Status_Obra": "Construído", "Modal": "Monotrilho e VLT", "N_Linha": 15, "data_abertura": "2018-12-30" }, "geometry": { "type": "MultiLineString", "coordinates": [ [ [ -46.515712161196475, -23.602852857952641 ], [ -46.5146539, -23.6029983 ], [ -46.5144728, -23.6030241 ], [ -46.5143119, -23.6030511 ], [ -46.5141174, -23.6030856 ], [ -46.51391490000001, -23.6031261 ], [ -46.5125081, -23.6034284 ], [ -46.5123579, -23.6034665 ], [ -46.5122332, -23.6035046 ], [ -46.5121152, -23.6035488 ], [ -46.5120146, -23.6035919 ], [ -46.5118912, -23.6036521 ], [ -46.5117624, -23.6037283 ], [ -46.511627, -23.6038143 ], [ -46.5114915, -23.6039052 ], [ -46.5109269, -23.6042936 ], [ -46.5108599, -23.6043366 ], [ -46.5107915, -23.6043734 ], [ -46.5107325, -23.6043992 ], [ -46.5106708, -23.6044177 ], [ -46.5105984, -23.6044337 ], [ -46.5105219, -23.6044459 ], [ -46.5104428, -23.6044533 ], [ -46.5103623, -23.6044533 ], [ -46.5102765, -23.6044484 ], [ -46.5098728, -23.6044029 ], [ -46.5097749, -23.6043968 ], [ -46.5096811, -23.604398 ], [ -46.5095872, -23.6044066 ], [ -46.5095013, -23.6044214 ], [ -46.5094249, -23.6044423 ], [ -46.5093471, -23.6044718 ], [ -46.5092573, -23.6045111 ], [ -46.5091768, -23.6045553 ], [ -46.5090923, -23.6046131 ], [ -46.5090239, -23.6046684 ], [ -46.5089743, -23.6047175 ], [ -46.5089099, -23.6047913 ], [ -46.508859, -23.6048527 ], [ -46.5085089, -23.6053 ], [ -46.5084419, -23.6053873 ], [ -46.5083695, -23.6054819 ], [ -46.508285, -23.6055876 ], [ -46.5081897, -23.6056994 ], [ -46.5081093, -23.6058002 ], [ -46.5080355, -23.6058973 ], [ -46.507642554180407, -23.606428374408157 ] ] ] } },
{ "type": "Feature", "properties": { "fid": 126, "Name": "Linha 15 - Prata > IGT", "description": "Vila Prudente > Jardim Colonial • 14.6km • 11 estações • 21min • 141mil pass/d (MDU 2025) • 154mil pass/d (Fev/2025) • CBTC GoA3+ • Headway: 179s • 25 trens", "Status_Obra": "Construído", "Modal": "Monotrilho e VLT", "N_Linha": 15, "data_abertura": "2018-12-30" }, "geometry": { "type": "MultiLineString", "coordinates": [ [ [ -46.515727335823804, -23.602967751514726 ], [ -46.5146903, -23.6031116 ], [ -46.5145183, -23.6031311 ], [ -46.5143704, -23.603145699999985 ], [ -46.514072, -23.6031749 ], [ -46.5139584, -23.6031882 ], [ -46.5138553, -23.603201 ], [ -46.51372, -23.6032249 ], [ -46.5135879, -23.6032504 ], [ -46.512503, -23.6034827 ], [ -46.5123676, -23.6035171 ], [ -46.5122535, -23.603551499999988 ], [ -46.5121221, -23.6036007 ], [ -46.5120001, -23.603656 ], [ -46.5118848, -23.6037149 ], [ -46.5117842, -23.6037745 ], [ -46.5116836, -23.6038391 ], [ -46.5109996, -23.6043085 ], [ -46.5109212, -23.6043619 ], [ -46.5108893, -23.6043807 ], [ -46.5108494, -23.6043995 ], [ -46.5107851, -23.6044259 ], [ -46.5107212, -23.6044485 ], [ -46.5106674, -23.6044649 ], [ -46.5105929, -23.6044813 ], [ -46.5105236, -23.6044929 ], [ -46.5104747, -23.6044972 ], [ -46.5104043, -23.6044997 ], [ -46.5103365, -23.6044978 ], [ -46.5102366, -23.6044916 ], [ -46.5098463, -23.6044437 ], [ -46.5097524, -23.6044376 ], [ -46.5096813, -23.6044388 ], [ -46.5096049, -23.6044462 ], [ -46.5095298, -23.6044597 ], [ -46.5094506, -23.6044807 ], [ -46.5093648, -23.6045126 ], [ -46.5092991, -23.6045414 ], [ -46.5092079, -23.60459 ], [ -46.5091248, -23.6046447 ], [ -46.5090611, -23.6046978 ], [ -46.5090067, -23.6047534 ], [ -46.5089028, -23.6048812 ], [ -46.5086138, -23.6052707 ], [ -46.5084914, -23.6054455 ], [ -46.5083623, -23.6056363 ], [ -46.5082171, -23.6058467 ], [ -46.508084, -23.6060326 ], [ -46.507745230215896, -23.606495803449221 ] ] ] } },
{ "type": "Feature", "properties": { "fid": 127, "Name": "Linha 15 - Prata > VPM", "description": "Jardim Colonial > Vila Prudente • 14.6km • 11 estações • 21min • 141mil pass/d (MDU 2025) • 154mil pass/d (Fev/2025) • CBTC GoA3+ • Headway: 179s • 25 trens", "Status_Obra": "Construído", "Modal": "Monotrilho e VLT", "N_Linha": 15, "data_abertura": "2019-08-26" }, "geometry": { "type": "MultiLineString", "coordinates": [ [ [ -46.507642554180407, -23.606428374408157 ], [ -46.5072563, -23.6069504 ], [ -46.5071906, -23.6070463 ], [ -46.507137, -23.6071286 ], [ -46.507086, -23.6072195 ], [ -46.5070458, -23.6073056 ], [ -46.5070002, -23.6074076 ], [ -46.5069492, -23.6075218 ], [ -46.5068996, -23.6076386 ], [ -46.5068594, -23.6077234 ], [ -46.5068232, -23.6078008 ], [ -46.5067896, -23.6078659 ], [ -46.5067373, -23.6079593 ], [ -46.5066864, -23.6080404 ], [ -46.5066341, -23.6081191 ], [ -46.5065777, -23.6081928 ], [ -46.5065214, -23.6082567 ], [ -46.50646110000001, -23.6083218 ], [ -46.5063779, -23.6084042 ], [ -46.5063162, -23.6084619 ], [ -46.5062331, -23.6085307 ], [ -46.5061472, -23.6085996 ], [ -46.5046479, -23.6097055 ], [ -46.5045755, -23.6097645 ], [ -46.5045057, -23.6098284 ], [ -46.5044373, -23.6098972 ], [ -46.5043716, -23.6099734 ], [ -46.5043247, -23.6100398 ], [ -46.5042945, -23.6100895 ], [ -46.5042643, -23.6101417 ], [ -46.5042321, -23.6102093 ], [ -46.5042013, -23.6102831 ], [ -46.5041758, -23.6103544 ], [ -46.5041557, -23.6104317 ], [ -46.5041409, -23.6105116 ], [ -46.5041352, -23.6105715 ], [ -46.5041316, -23.610653 ], [ -46.5041342, -23.6107414 ], [ -46.5041436, -23.6108225 ], [ -46.5041611, -23.6109122 ], [ -46.5041892, -23.6110302 ], [ -46.5043116, -23.6114531 ], [ -46.5043321, -23.6115398 ], [ -46.5043468, -23.6116294 ], [ -46.5043562, -23.6117204 ], [ -46.5043602, -23.6118396 ], [ -46.5043583, -23.6119138 ], [ -46.5043543, -23.6119924 ], [ -46.5043476, -23.6120698 ], [ -46.5043355, -23.6121509 ], [ -46.5043208, -23.612232 ], [ -46.504302, -23.6123095 ], [ -46.5042765, -23.6124017 ], [ -46.5042604, -23.612452 ], [ -46.5042417, -23.6125011 ], [ -46.5042108, -23.6125712 ], [ -46.5041705, -23.6126548 ], [ -46.504137, -23.6127187 ], [ -46.5035269, -23.6137416 ], [ -46.5034644, -23.6138375 ], [ -46.5034008, -23.6139259 ], [ -46.5033351, -23.6140095 ], [ -46.5032633, -23.6140924 ], [ -46.5031815, -23.6141809 ], [ -46.5029669, -23.6143966 ], [ -46.502873, -23.6144808 ], [ -46.5027999, -23.6145392 ], [ -46.5027081, -23.6145994 ], [ -46.5026189, -23.6146479 ], [ -46.5025303, -23.6146872 ], [ -46.5024453, -23.6147173 ], [ -46.502336, -23.6147481 ], [ -46.502226, -23.6147702 ], [ -46.502128, -23.6147806 ], [ -46.5020262, -23.6147842 ], [ -46.5019273, -23.6147787 ], [ -46.501823, -23.6147695 ], [ -46.5017016, -23.6147505 ], [ -46.4986828, -23.614224 ], [ -46.4982924, -23.6141625 ], [ -46.4981061, -23.6141386 ], [ -46.4979552, -23.6141244 ], [ -46.4978003, -23.6141183 ], [ -46.4976407, -23.614117 ], [ -46.4974637, -23.6141183 ], [ -46.4972987, -23.6141244 ], [ -46.4971217, -23.6141404 ], [ -46.4969675, -23.6141527 ], [ -46.4968562, -23.6141613 ], [ -46.4967073, -23.6141674 ], [ -46.4965866, -23.6141662 ], [ -46.4964847, -23.6141576 ], [ -46.4964042, -23.6141465 ], [ -46.496301, -23.6141232 ], [ -46.4962084, -23.6140974 ], [ -46.4961078, -23.614063 ], [ -46.4960287, -23.6140286 ], [ -46.4959509, -23.613988 ], [ -46.4958651, -23.6139364 ], [ -46.4957954, -23.613886 ], [ -46.4957256, -23.6138283 ], [ -46.4956599, -23.6137681 ], [ -46.4956076, -23.613714 ], [ -46.4955499, -23.6136489 ], [ -46.4954815, -23.6135604 ], [ -46.4953112, -23.6133257 ], [ -46.4952536, -23.613252 ], [ -46.4951959, -23.6131819 ], [ -46.4951235, -23.6131094 ], [ -46.495047, -23.6130431 ], [ -46.4949639, -23.6129779 ], [ -46.4948807, -23.6129226 ], [ -46.49480830000001, -23.6128809 ], [ -46.4947305, -23.612845199999988 ], [ -46.494638, -23.6128071 ], [ -46.4945508, -23.6127776 ], [ -46.4944623, -23.6127543 ], [ -46.494355, -23.6127309 ], [ -46.4942531, -23.6127162 ], [ -46.4941525, -23.6127101 ], [ -46.4940304, -23.6127125 ], [ -46.4939379, -23.6127187 ], [ -46.493828, -23.6127359 ], [ -46.4937274, -23.6127568 ], [ -46.4935799, -23.6127961 ], [ -46.4932499, -23.6128968 ], [ -46.4931601, -23.6129226 ], [ -46.4930756, -23.6129435 ], [ -46.4929884, -23.6129632 ], [ -46.4928945, -23.6129779 ], [ -46.4927873, -23.6129902 ], [ -46.4926786, -23.6129976 ], [ -46.4925633, -23.6129964 ], [ -46.4924506, -23.612989 ], [ -46.4923407, -23.6129804 ], [ -46.4922294, -23.6129657 ], [ -46.4913456, -23.6128157 ], [ -46.4912141, -23.6127973 ], [ -46.4910988, -23.6127838 ], [ -46.4909741, -23.6127752 ], [ -46.4908588, -23.6127703 ], [ -46.4907287, -23.612769 ], [ -46.49062, -23.6127703 ], [ -46.4904846, -23.6127789 ], [ -46.4903357, -23.6127912 ], [ -46.4901869, -23.6128059 ], [ -46.4898234, -23.6128526 ], [ -46.489692, -23.6128686 ], [ -46.4896142, -23.6128759 ], [ -46.4895257, -23.6128821 ], [ -46.4894318, -23.6128821 ], [ -46.4893312, -23.6128747 ], [ -46.4892166, -23.61286 ], [ -46.4891167, -23.6128415 ], [ -46.4890174, -23.6128182 ], [ -46.4889101, -23.6127862 ], [ -46.4887988, -23.6127438 ], [ -46.48869890000001, -23.612699 ], [ -46.4885936, -23.6126425 ], [ -46.4885051, -23.612586 ], [ -46.488424, -23.6125288 ], [ -46.4883374, -23.6124594 ], [ -46.4882543, -23.6123869 ], [ -46.487616085361196, -23.611797797855843 ] ] ] } },
{ "type": "Feature", "properties": { "fid": 128, "Name": "Linha 15 - Prata > IGT", "description": "Vila Prudente > Jardim Colonial • 14.6km • 11 estações • 21min • 141mil pass/d (MDU 2025) • 154mil pass/d (Fev/2025) • CBTC GoA3+ • Headway: 179s • 25 trens", "Status_Obra": "Construído", "Modal": "Monotrilho e VLT", "N_Linha": 15, "data_abertura": "2019-08-26" }, "geometry": { "type": "MultiLineString", "coordinates": [ [ [ -46.507745230215896, -23.606495803449221 ], [ -46.5072607, -23.6071583 ], [ -46.50717740000001, -23.60728 ], [ -46.5070877, -23.6074201 ], [ -46.5069911, -23.6075909 ], [ -46.5069045, -23.6077592 ], [ -46.5068368, -23.6078821 ], [ -46.5067664, -23.6080038 ], [ -46.5066734, -23.6081433 ], [ -46.5066099, -23.608225 ], [ -46.5065376, -23.6083104 ], [ -46.5064478, -23.608402 ], [ -46.5063546, -23.6084886 ], [ -46.50626780000001, -23.6085602 ], [ -46.5061703, -23.6086367 ], [ -46.5047004, -23.6097254 ], [ -46.5046227, -23.6097868 ], [ -46.5045416, -23.6098569 ], [ -46.504456, -23.609946 ], [ -46.5043906, -23.6100289 ], [ -46.5043343, -23.6101137 ], [ -46.5042988, -23.6101801 ], [ -46.5042609, -23.6102581 ], [ -46.5042338, -23.6103275 ], [ -46.5042143, -23.6103957 ], [ -46.5041962, -23.6104762 ], [ -46.5041848, -23.6105629 ], [ -46.5041791, -23.6106412 ], [ -46.5041774, -23.6107158 ], [ -46.5041869, -23.6108252 ], [ -46.5042056, -23.610921 ], [ -46.5042298, -23.6110157 ], [ -46.5043424, -23.6113868 ], [ -46.5043705, -23.6114931 ], [ -46.5043927, -23.6116004 ], [ -46.5044068, -23.6117186 ], [ -46.5044128, -23.6118065 ], [ -46.5044124, -23.611937 ], [ -46.504403, -23.612067 ], [ -46.5043855, -23.612186 ], [ -46.504366, -23.6122699 ], [ -46.5043374, -23.6123739 ], [ -46.5043035, -23.6124706 ], [ -46.5042626, -23.612575 ], [ -46.504215, -23.6126697 ], [ -46.5041613, -23.6127729 ], [ -46.5035868, -23.613736400000011 ], [ -46.5034996, -23.6138696 ], [ -46.5034177, -23.6139839 ], [ -46.5033327, -23.6140831 ], [ -46.5032438, -23.6141824 ], [ -46.5029946, -23.6144363 ], [ -46.502901, -23.6145244 ], [ -46.5028075, -23.6146001 ], [ -46.5027236, -23.6146586 ], [ -46.5026338, -23.614712 ], [ -46.5025583, -23.6147504 ], [ -46.5024682, -23.6147888 ], [ -46.5023764, -23.6148208 ], [ -46.502266, -23.6148509 ], [ -46.5021483, -23.6148712 ], [ -46.5020189, -23.6148859 ], [ -46.5018896, -23.6148871 ], [ -46.5017609, -23.6148767 ], [ -46.5016462, -23.6148594 ], [ -46.5001025, -23.614594 ], [ -46.499955, -23.6145676 ], [ -46.4998359, -23.6145442 ], [ -46.4997036, -23.6145141 ], [ -46.4995701, -23.6144803 ], [ -46.499268, -23.6144004 ], [ -46.4991168, -23.6143629 ], [ -46.4989507, -23.6143248 ], [ -46.4988107, -23.614296599999989 ], [ -46.4984222, -23.6142284 ], [ -46.4982692, -23.6142029 ], [ -46.4981002, -23.6141804 ], [ -46.4979655, -23.6141663 ], [ -46.4978126, -23.6141583 ], [ -46.497657, -23.614155 ], [ -46.497484, -23.6141578 ], [ -46.4973419, -23.6141652 ], [ -46.4969207, -23.6141984 ], [ -46.4967893, -23.6142057 ], [ -46.496679, -23.614210899999989 ], [ -46.4965687, -23.6142112 ], [ -46.49647, -23.6142031 ], [ -46.49639, -23.6141913 ], [ -46.4962939, -23.6141727 ], [ -46.4961992, -23.6141467 ], [ -46.4961013, -23.6141112 ], [ -46.4960229, -23.6140767 ], [ -46.4959404, -23.6140337 ], [ -46.4958851, -23.6140018 ], [ -46.4958109, -23.6139539 ], [ -46.4957325, -23.613896 ], [ -46.4956624, -23.613837 ], [ -46.4956173, -23.6137953 ], [ -46.4955615, -23.6137326 ], [ -46.49550210000001, -23.6136583 ], [ -46.495243, -23.6133111 ], [ -46.495178, -23.6132306 ], [ -46.4951224, -23.6131673 ], [ -46.4950657, -23.6131117 ], [ -46.495009, -23.6130647 ], [ -46.4949235, -23.6130005 ], [ -46.4948459, -23.6129518 ], [ -46.4947763, -23.6129142 ], [ -46.4946945, -23.6128749 ], [ -46.494614, -23.6128433 ], [ -46.4945282, -23.6128129 ], [ -46.49443, -23.6127891 ], [ -46.4943304, -23.6127702 ], [ -46.4942422, -23.6127592 ], [ -46.494146, -23.6127533 ], [ -46.4940333, -23.6127527 ], [ -46.4939287, -23.6127619 ], [ -46.4938107, -23.6127821 ], [ -46.4936953, -23.6128083 ], [ -46.4932648, -23.6129387 ], [ -46.4931429, -23.6129744 ], [ -46.4930288, -23.6130015 ], [ -46.4929161, -23.6130199 ], [ -46.4928022, -23.6130322 ], [ -46.4926842, -23.6130383 ], [ -46.4925508, -23.6130365 ], [ -46.4924576, -23.6130309 ], [ -46.4923516, -23.6130217 ], [ -46.4922189, -23.6130027 ], [ -46.4912922, -23.6128516 ], [ -46.4911527, -23.6128319 ], [ -46.4910306, -23.6128208 ], [ -46.4908985, -23.6128147 ], [ -46.4907409, -23.6128122 ], [ -46.4905652, -23.6128162 ], [ -46.4904043, -23.612826399999989 ], [ -46.4902488, -23.6128414 ], [ -46.4901066, -23.6128589 ], [ -46.48954, -23.6129266 ], [ -46.4894217, -23.6129373 ], [ -46.4893025, -23.6129419 ], [ -46.4891844, -23.6129393 ], [ -46.4890774, -23.6129291 ], [ -46.4889827, -23.6129141 ], [ -46.4888888, -23.6128926 ], [ -46.4887957, -23.612865 ], [ -46.4886856, -23.612824599999989 ], [ -46.4885863, -23.6127784 ], [ -46.4884925, -23.6127293 ], [ -46.4884053, -23.6126728 ], [ -46.4883068, -23.6125972 ], [ -46.4882176, -23.612521 ], [ -46.487525688267567, -23.611882819982874 ] ] ] } },
{ "type": "Feature", "properties": { "fid": 129, "Name": "Linha 15 - Prata > VPM", "description": "Jardim Colonial > Vila Prudente • 14.6km • 11 estações • 21min • 141mil pass/d (MDU 2025) • 154mil pass/d (Fev/2025) • CBTC GoA3+ • Headway: 179s • 25 trens", "Status_Obra": "Construído", "Modal": "Monotrilho e VLT", "N_Linha": 15, "data_abertura": "2019-12-16" }, "geometry": { "type": "MultiLineString", "coordinates": [ [ [ -46.487616085361196, -23.611797797855843 ], [ -46.4868871, -23.6111249 ], [ -46.4867992, -23.6110481 ], [ -46.4866973, -23.6109596 ], [ -46.4863332, -23.6106481 ], [ -46.4862494, -23.6105817 ], [ -46.4861669, -23.6105216 ], [ -46.4860777, -23.6104631 ], [ -46.4859952, -23.6104165 ], [ -46.4859208, -23.6103766 ], [ -46.4858457, -23.6103446 ], [ -46.4857612, -23.6103138 ], [ -46.4856687, -23.6102856 ], [ -46.4855627, -23.6102585 ], [ -46.4854541, -23.6102401 ], [ -46.4853508, -23.6102266 ], [ -46.4852395, -23.6102168 ], [ -46.4851316, -23.6102137 ], [ -46.4850316, -23.6102174 ], [ -46.4849184, -23.6102266 ], [ -46.4848157, -23.610242 ], [ -46.48471390000001, -23.6102635 ], [ -46.4846038, -23.6102936 ], [ -46.4845059, -23.6103261 ], [ -46.4844188, -23.6103605 ], [ -46.4843303, -23.6104023 ], [ -46.4842391, -23.6104527 ], [ -46.4841559, -23.6105055 ], [ -46.4840594, -23.6105719 ], [ -46.4839829, -23.6106333 ], [ -46.4839051, -23.6107071 ], [ -46.4838233, -23.6107869 ], [ -46.4837496, -23.610868 ], [ -46.4836825, -23.6109504 ], [ -46.4836289, -23.6110241 ], [ -46.4835792, -23.6111064 ], [ -46.4835363, -23.611182599999989 ], [ -46.4834947, -23.6112736 ], [ -46.48345590000001, -23.6113657 ], [ -46.4833479, -23.6116674 ], [ -46.4833217, -23.6117381 ], [ -46.4832815, -23.6118296 ], [ -46.4832373, -23.611915 ], [ -46.4831829, -23.611999199999989 ], [ -46.4831299, -23.6120674 ], [ -46.4830723, -23.6121307 ], [ -46.483012, -23.6121866 ], [ -46.4829375, -23.6122449 ], [ -46.4828705, -23.6122898 ], [ -46.4827933, -23.6123335 ], [ -46.482719, -23.612369 ], [ -46.4826371, -23.6123998 ], [ -46.482556, -23.6124243 ], [ -46.4824641, -23.6124446 ], [ -46.4823588, -23.61246 ], [ -46.4822563, -23.6124686 ], [ -46.4821443, -23.6124729 ], [ -46.4814328, -23.612487 ], [ -46.4811622, -23.6125002 ], [ -46.4809278, -23.6125178 ], [ -46.4806838, -23.6125429 ], [ -46.4802185, -23.6125995 ], [ -46.4800522, -23.6126154 ], [ -46.4799261, -23.6126241 ], [ -46.4798128, -23.6126253 ], [ -46.4797038, -23.6126217 ], [ -46.4795968, -23.612613 ], [ -46.4794963, -23.6126007 ], [ -46.4793916, -23.6125841 ], [ -46.4792887, -23.6125654 ], [ -46.479177, -23.6125429 ], [ -46.477413708876028, -23.612151447495432 ] ] ] } },
{ "type": "Feature", "properties": { "fid": 130, "Name": "Linha 15 - Prata > IGT", "description": "Vila Prudente > Jardim Colonial • 14.6km • 11 estações • 21min • 141mil pass/d (MDU 2025) • 154mil pass/d (Fev/2025) • CBTC GoA3+ • Headway: 179s • 25 trens", "Status_Obra": "Construído", "Modal": "Monotrilho e VLT", "N_Linha": 15, "data_abertura": "2019-12-16" }, "geometry": { "type": "MultiLineString", "coordinates": [ [ [ -46.487525688267567, -23.611882819982874 ], [ -46.4869066, -23.6113118 ], [ -46.4867739, -23.611184 ], [ -46.4866667, -23.611074 ], [ -46.4864162, -23.6108006 ], [ -46.48634, -23.6107238 ], [ -46.4862621, -23.6106519 ], [ -46.4861801, -23.6105856 ], [ -46.4860922, -23.610526 ], [ -46.4859956, -23.6104664 ], [ -46.4859177, -23.6104246 ], [ -46.4858305, -23.6103859 ], [ -46.485748, -23.6103552 ], [ -46.4856528, -23.6103248 ], [ -46.4855528, -23.6102986 ], [ -46.4854641, -23.6102822 ], [ -46.4853853, -23.6102707 ], [ -46.4852945, -23.610261 ], [ -46.4851935, -23.6102563 ], [ -46.4850868, -23.6102575 ], [ -46.4849755, -23.6102643 ], [ -46.4848629, -23.6102784 ], [ -46.4847528, -23.6102993 ], [ -46.4846436, -23.6103273 ], [ -46.4845397, -23.6103614 ], [ -46.484427, -23.6104065 ], [ -46.4843311, -23.6104519 ], [ -46.4842312, -23.6105071 ], [ -46.4841487, -23.6105623 ], [ -46.4840796, -23.6106102 ], [ -46.4840066, -23.610671 ], [ -46.4839496, -23.610722 ], [ -46.4838725, -23.6107988 ], [ -46.48379, -23.6108903 ], [ -46.4836921, -23.611012 ], [ -46.4836394, -23.6110916 ], [ -46.4836042, -23.6111576 ], [ -46.483559, -23.6112439 ], [ -46.4835218, -23.6113352 ], [ -46.4833527, -23.6117776 ], [ -46.4833152, -23.6118636 ], [ -46.4832744, -23.6119422 ], [ -46.4832261, -23.6120202 ], [ -46.4831698, -23.612094 ], [ -46.4831118, -23.6121582 ], [ -46.4830497, -23.6122175 ], [ -46.4829888, -23.6122685 ], [ -46.4829143, -23.6123201 ], [ -46.4828359, -23.6123656 ], [ -46.4827523, -23.6124061 ], [ -46.4826673, -23.6124399 ], [ -46.4825796, -23.6124669 ], [ -46.4824938, -23.6124866 ], [ -46.4824047, -23.6125001 ], [ -46.482302, -23.612510300000011 ], [ -46.4822108, -23.6125142 ], [ -46.4813404, -23.6125349 ], [ -46.481153, -23.6125457 ], [ -46.480928, -23.6125621 ], [ -46.480686, -23.612586 ], [ -46.4804453, -23.6126168 ], [ -46.4795511, -23.612739399999988 ], [ -46.4794314, -23.6127508 ], [ -46.4793201, -23.6127569 ], [ -46.479209, -23.6127579 ], [ -46.4791084, -23.6127518 ], [ -46.4789977, -23.6127415 ], [ -46.4788923, -23.6127262 ], [ -46.4787829, -23.6127047 ], [ -46.477350253455199, -23.612380384657353 ] ] ] } },
{ "type": "Feature", "properties": { "fid": 131, "Name": "L15 via 3 [São Mateus]", "description": null, "Status_Obra": "Construído", "Modal": "Monotrilho e VLT", "N_Linha": 15, "data_abertura": "2019-12-16" }, "geometry": { "type": "MultiLineString", "coordinates": [ [ [ -46.4787711, -23.6124517 ], [ -46.4786698, -23.612434 ], [ -46.4785934, -23.612424 ], [ -46.4785143, -23.6124198 ], [ -46.478124, -23.6124044 ], [ -46.4780412, -23.6123989 ], [ -46.4779537, -23.6123896 ], [ -46.4778853, -23.6123768 ], [ -46.4778015, -23.612357 ], [ -46.477383027154872, -23.612262142404081 ] ] ] } },
{ "type": "Feature", "properties": { "fid": 132, "Name": "Linha 9 - Esmeralda > OSA", "description": "Varginha > Osasco • 36.3km • 21 estações • 50min • 439mil pass/d (MDU 2024) • 514mil pass/d (Nov/2024)", "Status_Obra": "Construído", "Modal": "Trem", "N_Linha": 9, "data_abertura": "1981-04-04" }, "geometry": { "type": "MultiLineString", "coordinates": [ [ [ -46.776952, -23.5269783 ], [ -46.7749278, -23.5284497 ], [ -46.7748077, -23.5285376 ], [ -46.7746615, -23.5286469 ], [ -46.7745146, -23.528757 ], [ -46.7743591, -23.5288769 ], [ -46.7738655, -23.5292544 ], [ -46.7737405, -23.5293468 ], [ -46.7736275, -23.529425 ], [ -46.7734853, -23.5295212 ], [ -46.7732419, -23.5296847 ], [ -46.7731055, -23.5297791 ], [ -46.7729643, -23.5298828 ], [ -46.7715822, -23.5309395 ], [ -46.7714425, -23.5310425 ], [ -46.7712933, -23.5311491 ], [ -46.7711538, -23.5312424 ], [ -46.7709962, -23.5313397 ], [ -46.7708581, -23.5314197 ], [ -46.7707159, -23.5314948 ], [ -46.7705704, -23.5315666 ], [ -46.7704108, -23.531638 ], [ -46.7702465, -23.5317053 ], [ -46.7700714, -23.5317726 ], [ -46.7662985, -23.5331273 ], [ -46.7661464, -23.5331788 ], [ -46.7659843, -23.5332303 ], [ -46.765851, -23.5332679 ], [ -46.7657145, -23.5332988 ], [ -46.76557, -23.5333237 ], [ -46.7654223, -23.5333409 ], [ -46.7652869, -23.5333504 ], [ -46.7651448, -23.5333539 ], [ -46.7649987, -23.5333503 ], [ -46.7648332, -23.5333373 ], [ -46.7646815, -23.5333156 ], [ -46.7645417, -23.5332886 ], [ -46.7643973, -23.5332543 ], [ -46.7642388, -23.5332062 ], [ -46.7641099, -23.5331608 ], [ -46.7639849, -23.5331092 ], [ -46.7638598, -23.5330495 ], [ -46.7637502, -23.5329904 ], [ -46.7636362, -23.5329216 ], [ -46.7635222, -23.5328442 ], [ -46.7634121, -23.5327624 ], [ -46.7632951, -23.5326658 ], [ -46.7631829, -23.532566299999989 ], [ -46.7604067, -23.5299479 ], [ -46.760282, -23.5298319 ], [ -46.760164, -23.5297269 ], [ -46.7600608, -23.5296423 ], [ -46.7599621, -23.5295685 ], [ -46.7598542, -23.529495 ], [ -46.7597375, -23.5294259 ], [ -46.7596141, -23.5293613 ], [ -46.7594827, -23.5293012 ], [ -46.7593493, -23.5292446 ], [ -46.7591951, -23.5291825 ], [ -46.7584474, -23.5288965 ], [ -46.7582982, -23.5288416 ], [ -46.7581564, -23.5287939 ], [ -46.7580283, -23.528757 ], [ -46.7578962, -23.5287257 ], [ -46.7577641, -23.528701 ], [ -46.757638, -23.5286843 ], [ -46.7575025, -23.5286728 ], [ -46.7573718, -23.5286654 ], [ -46.7572444, -23.528665499999988 ], [ -46.7571177, -23.5286716 ], [ -46.7569795, -23.5286826 ], [ -46.7568498, -23.5287 ], [ -46.7567102, -23.5287241 ], [ -46.7565732, -23.528757299999988 ], [ -46.7564431, -23.5287951 ], [ -46.7563077, -23.5288406 ], [ -46.7561655, -23.528897 ], [ -46.7560294, -23.5289565 ], [ -46.7558764, -23.5290288 ], [ -46.7535765, -23.5301599 ], [ -46.7534202, -23.5302374 ], [ -46.7532556, -23.5303146 ], [ -46.7530884, -23.5303887 ], [ -46.7529458, -23.5304462 ], [ -46.7528169, -23.5304942 ], [ -46.7526673, -23.5305461 ], [ -46.7525207, -23.53059 ], [ -46.7523791, -23.5306295 ], [ -46.752228, -23.5306671 ], [ -46.7520563, -23.5307035 ], [ -46.7518964, -23.5307321 ], [ -46.7516766, -23.5307639 ], [ -46.7514374, -23.5307927 ], [ -46.7475035, -23.5312122 ], [ -46.7473316, -23.5312353 ], [ -46.7471834, -23.5312599 ], [ -46.7470285, -23.5312924 ], [ -46.7468864, -23.5313292 ], [ -46.7467456, -23.531376 ], [ -46.7466215, -23.5314245 ], [ -46.7465015, -23.5314793 ], [ -46.7463929, -23.5315353 ], [ -46.7462882, -23.531594 ], [ -46.7461883, -23.5316582 ], [ -46.7460951, -23.531724 ], [ -46.7459934, -23.5318047 ], [ -46.745893, -23.5318921 ], [ -46.7457934, -23.5319908 ], [ -46.7457076, -23.5320855 ], [ -46.7456237, -23.5321869 ], [ -46.7455564, -23.532281 ], [ -46.7454842, -23.5323966 ], [ -46.7454266, -23.5324981 ], [ -46.7453717, -23.532606 ], [ -46.74532, -23.5327164 ], [ -46.7452707, -23.5328359 ], [ -46.7452121, -23.5329838 ], [ -46.7443786, -23.5352325 ], [ -46.7443314, -23.5353533 ], [ -46.744287, -23.5354594 ], [ -46.7442242, -23.5355952 ], [ -46.7441606, -23.5357182 ], [ -46.7440919, -23.5358417 ], [ -46.7440206, -23.5359561 ], [ -46.7439473, -23.5360675 ], [ -46.7438758, -23.5361689 ], [ -46.7437895, -23.5362776 ], [ -46.7436885, -23.5363957 ], [ -46.7435927, -23.5365002 ], [ -46.743478, -23.536616399999989 ], [ -46.7433425, -23.5367419 ], [ -46.7418975, -23.5380267 ], [ -46.741764, -23.538147 ], [ -46.7416379, -23.5382654 ], [ -46.7413138, -23.5385877 ], [ -46.7411876, -23.5387141 ], [ -46.7410462, -23.5388491 ], [ -46.7409012, -23.5389827 ], [ -46.7365909, -23.5428089 ], [ -46.7362908, -23.5430708 ], [ -46.7360223, -23.5433009 ], [ -46.7357051, -23.5435667 ], [ -46.7344846, -23.5445634 ], [ -46.7342855, -23.5447318 ], [ -46.7320893, -23.5466257 ], [ -46.7319689, -23.5467323 ], [ -46.7318418, -23.5468494 ], [ -46.7317299, -23.5469555 ], [ -46.7316004, -23.547084399999989 ], [ -46.7306731, -23.5480353 ], [ -46.730547, -23.5481601 ], [ -46.7304163, -23.5482829 ], [ -46.7302876, -23.5483949 ], [ -46.7301689, -23.5484908 ], [ -46.7300435, -23.5485823 ], [ -46.729906, -23.5486751 ], [ -46.7297585, -23.5487655 ], [ -46.729615, -23.5488451 ], [ -46.7294634, -23.5489259 ], [ -46.7291958, -23.5490581 ], [ -46.71358, -23.5566853 ], [ -46.7133508, -23.5568005 ], [ -46.7131224, -23.5569194 ], [ -46.7106846, -23.558233499999989 ], [ -46.7105223, -23.5583193 ], [ -46.7103708, -23.5583958 ], [ -46.7102179, -23.558467 ], [ -46.7100711, -23.5585316 ], [ -46.7098866, -23.5586078 ], [ -46.7089197, -23.5589951 ], [ -46.7087266, -23.5590752 ], [ -46.7085556, -23.5591504 ], [ -46.7083786, -23.5592317 ], [ -46.7081449, -23.559348 ], [ -46.7078938, -23.5594822 ], [ -46.70765810000001, -23.5596182 ], [ -46.7074284, -23.5597603 ], [ -46.7071971, -23.5599121 ], [ -46.7069965, -23.5600548 ], [ -46.706782, -23.5602153 ], [ -46.7065862, -23.560372 ], [ -46.7063884, -23.5605373 ], [ -46.706202, -23.5607032 ], [ -46.7060357, -23.5608582 ], [ -46.7058681, -23.5610229 ], [ -46.7057024, -23.5611955 ], [ -46.7055462, -23.5613646 ], [ -46.7053946, -23.5615367 ], [ -46.7052337, -23.5617322 ], [ -46.7051067, -23.5618947 ], [ -46.7049971, -23.5620413 ], [ -46.7048643, -23.562227 ], [ -46.704751, -23.5623886 ], [ -46.704641, -23.5625508 ], [ -46.7045525, -23.5626922 ], [ -46.7044539, -23.5628563 ], [ -46.7043556, -23.5630284 ], [ -46.7042487, -23.5632251 ], [ -46.7041621, -23.5633959 ], [ -46.7040857, -23.5635545 ], [ -46.7040167, -23.56371 ], [ -46.7039423, -23.5638827 ], [ -46.7038625, -23.5640776 ], [ -46.7037699, -23.5643205 ], [ -46.7036841, -23.5645528 ], [ -46.702595910774683, -23.56753655928815 ] ] ] } },
{ "type": "Feature", "properties": { "fid": 133, "Name": "Linha 9 - Esmeralda > VAR", "description": "Osasco > Varginha • 36.3km • 21 estações • 50min • 439mil pass/d (MDU 2024) • 514mil pass/d (Nov/2024)", "Status_Obra": "Construído", "Modal": "Trem", "N_Linha": 9, "data_abertura": "1981-04-04" }, "geometry": { "type": "MultiLineString", "coordinates": [ [ [ -46.776952, -23.5269783 ], [ -46.7749278, -23.5284497 ], [ -46.7748077, -23.5285376 ], [ -46.7746615, -23.5286469 ], [ -46.7743591, -23.5288769 ], [ -46.7716654, -23.530941 ], [ -46.7715305, -23.5310406 ], [ -46.7713703, -23.5311561 ], [ -46.7712489, -23.5312397 ], [ -46.7711275, -23.5313185 ], [ -46.7710082, -23.531391 ], [ -46.7708808, -23.5314642 ], [ -46.7707346, -23.531541 ], [ -46.7705911, -23.531611699999988 ], [ -46.7704523, -23.5316732 ], [ -46.7702981, -23.5317378 ], [ -46.7701298, -23.5318039 ], [ -46.7699528, -23.5318687 ], [ -46.766384, -23.5331505 ], [ -46.7662184, -23.5332077 ], [ -46.7660494, -23.5332618 ], [ -46.7659294, -23.533295 ], [ -46.7657994, -23.533327 ], [ -46.765682, -23.5333504 ], [ -46.7655499, -23.5333712 ], [ -46.7654197, -23.5333848 ], [ -46.7653011, -23.5333946 ], [ -46.7651798, -23.5333977 ], [ -46.765053, -23.533395199999987 ], [ -46.7649135, -23.5333872 ], [ -46.7647827, -23.5333737 ], [ -46.7646534, -23.5333534 ], [ -46.764524, -23.5333291 ], [ -46.7644005, -23.5332999 ], [ -46.7642866, -23.5332661 ], [ -46.7641719, -23.5332268 ], [ -46.7640579, -23.5331837 ], [ -46.7639432, -23.5331333 ], [ -46.7638239, -23.5330755 ], [ -46.7637005, -23.5330091 ], [ -46.7635818, -23.5329366 ], [ -46.7634792, -23.5328647 ], [ -46.7633914, -23.5327983 ], [ -46.7633022, -23.5327239 ], [ -46.7632076, -23.5326403 ], [ -46.7604302, -23.5300237 ], [ -46.7602914, -23.5298928 ], [ -46.7601748, -23.5297882 ], [ -46.7600634, -23.5296954 ], [ -46.7599601, -23.5296149 ], [ -46.7598468, -23.529536799999988 ], [ -46.7597294, -23.5294667 ], [ -46.7596088, -23.5294028 ], [ -46.7594753, -23.5293401 ], [ -46.7593446, -23.5292853 ], [ -46.7592058, -23.5292288 ], [ -46.7583515, -23.5289017 ], [ -46.758204, -23.5288513 ], [ -46.7580752, -23.5288119 ], [ -46.7579445, -23.5287775 ], [ -46.7578204, -23.5287529 ], [ -46.7576863, -23.5287308 ], [ -46.7575589, -23.528716 ], [ -46.7574315, -23.5287062 ], [ -46.7573021, -23.5287031 ], [ -46.75718, -23.528705 ], [ -46.7570633, -23.5287123 ], [ -46.7569286, -23.5287259 ], [ -46.7568018, -23.5287467 ], [ -46.7566752, -23.5287721 ], [ -46.7565477, -23.5288033 ], [ -46.7564291, -23.5288384 ], [ -46.7563211, -23.5288759 ], [ -46.7561984, -23.5289257 ], [ -46.7560683, -23.528982 ], [ -46.7559308, -23.529045 ], [ -46.7534551, -23.5302617 ], [ -46.7532995, -23.5303361 ], [ -46.7531239, -23.5304141 ], [ -46.7529616, -23.5304805 ], [ -46.7528073, -23.5305395 ], [ -46.7526612, -23.5305881 ], [ -46.7525016, -23.5306361 ], [ -46.7523407, -23.530679 ], [ -46.7521864, -23.5307148 ], [ -46.7520174, -23.5307498 ], [ -46.7518572, -23.5307774 ], [ -46.7516882, -23.5308008 ], [ -46.7515085, -23.5308235 ], [ -46.7477206, -23.5312256 ], [ -46.7475093, -23.531249 ], [ -46.7473188, -23.5312754 ], [ -46.7471681, -23.5313013 ], [ -46.7470339, -23.5313314 ], [ -46.7468791, -23.5313738 ], [ -46.7467429, -23.5314206 ], [ -46.7466115, -23.5314727 ], [ -46.7464753, -23.5315354 ], [ -46.7463486, -23.5316044 ], [ -46.7462252, -23.5316824 ], [ -46.7461066, -23.5317654 ], [ -46.7459953, -23.5318539 ], [ -46.7459021, -23.5319382 ], [ -46.7458001, -23.5320402 ], [ -46.7457109, -23.5321423 ], [ -46.7456237, -23.5322548 ], [ -46.7455574, -23.5323532 ], [ -46.745493, -23.5324583 ], [ -46.7454306, -23.5325726 ], [ -46.7453763, -23.5326858 ], [ -46.7453267, -23.5328032 ], [ -46.7452851, -23.5329108 ], [ -46.7443779, -23.5353496 ], [ -46.7443115, -23.5355174 ], [ -46.7442531, -23.5356532 ], [ -46.74417, -23.5358211 ], [ -46.7440925, -23.5359619 ], [ -46.7440332, -23.5360578 ], [ -46.74395, -23.5361789 ], [ -46.7438596, -23.5363031 ], [ -46.7437583, -23.5364328 ], [ -46.7436335, -23.5365749 ], [ -46.7435209, -23.5366941 ], [ -46.743417, -23.5367937 ], [ -46.7432916, -23.5369074 ], [ -46.7357511, -23.5436044 ], [ -46.7354291, -23.543882 ], [ -46.7342578, -23.5448732 ], [ -46.7341085, -23.5450035 ], [ -46.731766, -23.5470229 ], [ -46.7316089, -23.5471605 ], [ -46.7314573, -23.5473006 ], [ -46.7313239, -23.5474303 ], [ -46.7312052, -23.5475478 ], [ -46.7307426, -23.548026 ], [ -46.7306269, -23.5481419 ], [ -46.7304971, -23.5482663 ], [ -46.7303784, -23.5483745 ], [ -46.7302389, -23.5484895 ], [ -46.7300995, -23.5485934 ], [ -46.729968, -23.5486831 ], [ -46.7298346, -23.5487661 ], [ -46.7296777, -23.5488552 ], [ -46.7295221, -23.5489382 ], [ -46.7293424, -23.5490286 ], [ -46.7153976, -23.5558387 ], [ -46.7149893, -23.5560409 ], [ -46.7146567, -23.5562078 ], [ -46.7143492, -23.5563656 ], [ -46.7140433, -23.5565238 ], [ -46.7137427, -23.556682 ], [ -46.7109619, -23.5581825 ], [ -46.7108272, -23.5582536 ], [ -46.7107078, -23.5583132 ], [ -46.7105905, -23.558368 ], [ -46.7104744, -23.558419 ], [ -46.7103498, -23.5584706 ], [ -46.7094284, -23.5588339 ], [ -46.709244, -23.5589089 ], [ -46.7090723, -23.5589813 ], [ -46.7089007, -23.559057 ], [ -46.708734, -23.5591351 ], [ -46.7085553, -23.5592224 ], [ -46.7083429, -23.5593293 ], [ -46.7081275, -23.5594449 ], [ -46.7079579, -23.5595389 ], [ -46.7077802, -23.5596421 ], [ -46.7076166, -23.5597435 ], [ -46.707449, -23.5598499 ], [ -46.7072861, -23.5599593 ], [ -46.707119, -23.5600779 ], [ -46.7069421, -23.560207 ], [ -46.706781, -23.5603318 ], [ -46.7066188, -23.5604627 ], [ -46.7064525, -23.5606022 ], [ -46.706299, -23.5607387 ], [ -46.7061588, -23.5608672 ], [ -46.7060374, -23.5609846 ], [ -46.7059121, -23.5611087 ], [ -46.7057719, -23.5612556 ], [ -46.7056291, -23.561412 ], [ -46.7055137, -23.5615432 ], [ -46.7053789, -23.5617043 ], [ -46.7052656, -23.5618432 ], [ -46.70514690000001, -23.5619969 ], [ -46.7050172, -23.5621733 ], [ -46.7049163, -23.5623171 ], [ -46.7047943, -23.5624972 ], [ -46.7046903, -23.5626619 ], [ -46.704593, -23.562823 ], [ -46.7045079, -23.5629723 ], [ -46.7044147, -23.5631481 ], [ -46.7043356, -23.5633042 ], [ -46.7042582, -23.563465 ], [ -46.7041948, -23.5636023 ], [ -46.7041243, -23.5637646 ], [ -46.7040623, -23.5639142 ], [ -46.7039982, -23.5640749 ], [ -46.7039406, -23.5642274 ], [ -46.7038816, -23.5643885 ], [ -46.702716455363927, -23.567582568671643 ] ] ] } },
{ "type": "Feature", "properties": { "fid": 134, "Name": "Linha 9 - Esmeralda > OSA", "description": "Varginha > Osasco • 36.3km • 21 estações • 50min • 439mil pass/d (MDU 2024) • 514mil pass/d (Nov/2024)", "Status_Obra": "Construído", "Modal": "Trem", "N_Linha": 9, "data_abertura": "2025-01-27" }, "geometry": { "type": "MultiLineString", "coordinates": [ [ [ -46.70921500570865, -23.754313641986737 ], [ -46.7113731, -23.7591447 ], [ -46.711447, -23.7593221 ], [ -46.7115196, -23.7595117 ], [ -46.7115792, -23.7596821 ], [ -46.7116319, -23.7598495 ], [ -46.7116815, -23.7600232 ], [ -46.7117271, -23.7602058 ], [ -46.711766, -23.7603893 ], [ -46.7118025, -23.760598 ], [ -46.7118337, -23.7608128 ], [ -46.7118538, -23.7609989 ], [ -46.7118672, -23.7611985 ], [ -46.711876, -23.7613933 ], [ -46.7118793, -23.7615949 ], [ -46.7119296, -23.7672554 ], [ -46.7119269, -23.7674346 ], [ -46.7119222, -23.7676196 ], [ -46.7119149, -23.767820499999988 ], [ -46.7118726, -23.7687644 ], [ -46.7118629, -23.7689611 ], [ -46.7118572, -23.7691522 ], [ -46.7118542, -23.7693511 ], [ -46.711903, -23.7757085 ], [ -46.7119003, -23.7758496 ], [ -46.7118923, -23.7759822 ], [ -46.7118789, -23.7760914 ], [ -46.7118534, -23.7762227 ], [ -46.7118252, -23.776351599999987 ], [ -46.7117877, -23.7764866 ], [ -46.7117461, -23.7766142 ], [ -46.7116992, -23.7767443 ], [ -46.7115463, -23.7771383 ] ] ] } },
{ "type": "Feature", "properties": { "fid": 135, "Name": "Linha 9 - Esmeralda > VAR", "description": "Osasco > Varginha • 36.3km • 21 estações • 50min • 439mil pass/d (MDU 2024) • 514mil pass/d (Nov/2024)", "Status_Obra": "Construído", "Modal": "Trem", "N_Linha": 9, "data_abertura": "2025-01-27" }, "geometry": { "type": "MultiLineString", "coordinates": [ [ [ -46.709328030518904, -23.754264262160795 ], [ -46.7099337, -23.7556211 ], [ -46.7100002, -23.7557755 ], [ -46.7100572, -23.7559097 ], [ -46.7101116, -23.7560393 ], [ -46.7101667, -23.7561805 ], [ -46.7103849, -23.7567602 ], [ -46.71045440000001, -23.7569419 ], [ -46.7105346, -23.757147 ], [ -46.7106048, -23.7573186 ], [ -46.7106817, -23.7574945 ], [ -46.7114112, -23.7591331 ], [ -46.7114845, -23.759311 ], [ -46.7115576, -23.759501899999989 ], [ -46.7116166, -23.7596724 ], [ -46.7116695, -23.7598404 ], [ -46.7117192, -23.7600156 ], [ -46.7117654, -23.7601997 ], [ -46.7118043, -23.7603832 ], [ -46.7118419, -23.7605937 ], [ -46.7118727, -23.7608091 ], [ -46.7118928, -23.7609969 ], [ -46.7119076, -23.761197 ], [ -46.7119156, -23.7613918 ], [ -46.7119196, -23.761594 ], [ -46.7120397, -23.7756794 ], [ -46.7120367, -23.7758028 ], [ -46.7120267, -23.7759531 ], [ -46.7120119, -23.7760691 ], [ -46.7119878, -23.7761949 ], [ -46.7119543, -23.776325 ], [ -46.7119087, -23.7764698 ], [ -46.711857, -23.7766146 ], [ -46.7116438, -23.7771816 ] ] ] } },
{ "type": "Feature", "properties": { "fid": 136, "Name": "L9 via 3 [Jurubatuba]", "description": null, "Status_Obra": "Construído", "Modal": "Trem", "N_Linha": 9, "data_abertura": "1987-04-11" }, "geometry": { "type": "MultiLineString", "coordinates": [ [ [ -46.7037689, -23.6749906 ], [ -46.7037038, -23.6751042 ], [ -46.7036482, -23.6752117 ], [ -46.7031507, -23.6762053 ], [ -46.7030783, -23.6763441 ], [ -46.7029931, -23.6764995 ], [ -46.70291, -23.6766469 ], [ -46.702822, -23.6767998 ], [ -46.7027288, -23.676951399999989 ], [ -46.702631, -23.6771032 ], [ -46.702531, -23.6772506 ], [ -46.702411, -23.6774164 ], [ -46.70240061076143, -23.677429991185818 ] ] ] } },
{ "type": "Feature", "properties": { "fid": 137, "Name": "Linha 9 - Esmeralda > OSA", "description": "Varginha > Osasco • 36.3km • 21 estações • 50min • 439mil pass/d (MDU 2024) • 514mil pass/d (Nov/2024)", "Status_Obra": "Construído", "Modal": "Trem", "N_Linha": 9, "data_abertura": "2007-10-17" }, "geometry": { "type": "MultiLineString", "coordinates": [ [ [ -46.702271890140963, -23.677352758760183 ], [ -46.7022378, -23.6773991 ], [ -46.7021246, -23.6775453 ], [ -46.7020088, -23.6776847 ], [ -46.7018824, -23.6778314 ], [ -46.701741, -23.6779874 ], [ -46.7015836, -23.678157 ], [ -46.6992464, -23.6806246 ], [ -46.6991086, -23.6807721 ], [ -46.6989521, -23.6809454 ], [ -46.6987844, -23.6811358 ], [ -46.6986161, -23.6813367 ], [ -46.6984357, -23.6815627 ], [ -46.6983032, -23.6817325 ], [ -46.6981446, -23.6819477 ], [ -46.6979951, -23.6821614 ], [ -46.6978859, -23.6823191 ], [ -46.6977906, -23.6824647 ], [ -46.6976706, -23.6826587 ], [ -46.6975405, -23.6828761 ], [ -46.6974191, -23.6830806 ], [ -46.6963898, -23.6848537 ], [ -46.6962979, -23.6850153 ], [ -46.6962208, -23.6851602 ], [ -46.6961323, -23.6853404 ], [ -46.6960404, -23.6855461 ], [ -46.695958, -23.6857537 ], [ -46.6958769, -23.685973 ], [ -46.6956945, -23.6864967 ], [ -46.6956227, -23.6866846 ], [ -46.6955549, -23.686851 ], [ -46.6954839, -23.6870058 ], [ -46.6953994, -23.6871666 ], [ -46.695317, -23.6873054 ], [ -46.6952298, -23.6874344 ], [ -46.6951178, -23.6875855 ], [ -46.694987, -23.6877427 ], [ -46.6948462, -23.6878974 ], [ -46.6947014, -23.6880466 ], [ -46.6945253, -23.6882161 ], [ -46.6943238, -23.6884003 ], [ -46.6941595, -23.6885434 ], [ -46.6939965, -23.6886797 ], [ -46.6938222, -23.6888178 ], [ -46.6936271, -23.6889658 ], [ -46.693424, -23.6891113 ], [ -46.6931873, -23.6892692 ], [ -46.6929848, -23.6893994 ], [ -46.6927722, -23.6895277 ], [ -46.6925496, -23.6896554 ], [ -46.6923215, -23.6897764 ], [ -46.6921184, -23.6898796 ], [ -46.691926, -23.6899723 ], [ -46.6917141, -23.6900674 ], [ -46.6915008, -23.6901571 ], [ -46.6913037, -23.6902357 ], [ -46.6910924, -23.690314 ], [ -46.6908416, -23.6904021 ], [ -46.6898312, -23.6907527 ], [ -46.6896307, -23.6908243 ], [ -46.6894356, -23.6908958 ], [ -46.6892324, -23.6909747 ], [ -46.6890627, -23.6910468 ], [ -46.6889018, -23.6911187 ], [ -46.6886973, -23.6912207 ], [ -46.6885283, -23.6913115 ], [ -46.6883492, -23.691414099999989 ], [ -46.6881739, -23.6915213 ], [ -46.6880086, -23.6916302 ], [ -46.6878635, -23.6917334 ], [ -46.6877089, -23.6918494 ], [ -46.6875654, -23.6919649 ], [ -46.6874151, -23.6920944 ], [ -46.6872711, -23.6922252 ], [ -46.6871363, -23.6923566 ], [ -46.6869935, -23.6925046 ], [ -46.6868802, -23.6926304 ], [ -46.6867286, -23.6928094 ], [ -46.6866099, -23.6929596 ], [ -46.68649520000001, -23.6931161 ], [ -46.6863887, -23.6932733 ], [ -46.6862881, -23.6934305 ], [ -46.6862036, -23.6935748 ], [ -46.6861144, -23.6937351 ], [ -46.6860352, -23.6938905 ], [ -46.6859507, -23.6940759 ], [ -46.6858789, -23.6942459 ], [ -46.6858159, -23.6944117 ], [ -46.6857455, -23.6946162 ], [ -46.6856946, -23.6947887 ], [ -46.6856483, -23.6949698 ], [ -46.6856127, -23.6951344 ], [ -46.6855799, -23.6953131 ], [ -46.6855518, -23.6955077 ], [ -46.685533, -23.6956895 ], [ -46.6855202, -23.6958786 ], [ -46.6855148, -23.6960665 ], [ -46.6855149, -23.6962446 ], [ -46.6855219, -23.6964168 ], [ -46.6855349, -23.6965848 ], [ -46.6855522, -23.696747 ], [ -46.6855755, -23.6969062 ], [ -46.6856013, -23.6970686 ], [ -46.6856422, -23.6972828 ], [ -46.6856831, -23.6974793 ], [ -46.6857354, -23.6977 ], [ -46.6857944, -23.6979294 ], [ -46.6858741, -23.6982106 ], [ -46.686981, -23.7017838 ], [ -46.6870525, -23.7020292 ], [ -46.6871146, -23.7022462 ], [ -46.6871728, -23.7024496 ], [ -46.6872462, -23.7027202 ], [ -46.6873196, -23.7029956 ], [ -46.6873903, -23.7032685 ], [ -46.6875825, -23.7040446 ], [ -46.6876273, -23.7042206 ], [ -46.6876734, -23.7043879 ], [ -46.6877341, -23.7045913 ], [ -46.6877945, -23.7047744 ], [ -46.6878539, -23.7049409 ], [ -46.6879341, -23.7051554 ], [ -46.688349087158258, -23.706220412105129 ] ] ] } },
{ "type": "Feature", "properties": { "fid": 138, "Name": "Linha 9 - Esmeralda > VAR", "description": "Osasco > Varginha • 36.3km • 21 estações • 50min • 439mil pass/d (MDU 2024) • 514mil pass/d (Nov/2024)", "Status_Obra": "Construído", "Modal": "Trem", "N_Linha": 9, "data_abertura": "2007-10-17" }, "geometry": { "type": "MultiLineString", "coordinates": [ [ [ -46.70230981783746, -23.67737551541509 ], [ -46.7022962, -23.6773943 ], [ -46.7021922, -23.6775294 ], [ -46.7020809, -23.6776681 ], [ -46.7019469, -23.6778241 ], [ -46.7018238, -23.6779605 ], [ -46.7016914, -23.678103 ], [ -46.6993056, -23.6806232 ], [ -46.699154, -23.6807854 ], [ -46.6990119, -23.68094 ], [ -46.6988911, -23.6810764 ], [ -46.69875780000001, -23.6812312 ], [ -46.6986371, -23.6813766 ], [ -46.6985184, -23.6815247 ], [ -46.6984071, -23.6816665 ], [ -46.698271, -23.681847 ], [ -46.6981375, -23.6820313 ], [ -46.6980067, -23.6822148 ], [ -46.6978994, -23.6823739 ], [ -46.6977935, -23.6825391 ], [ -46.6976909, -23.6827038 ], [ -46.6975829, -23.6828837 ], [ -46.697473, -23.6830721 ], [ -46.6964551, -23.6848211 ], [ -46.6963652, -23.6849807 ], [ -46.6962707, -23.6851538 ], [ -46.6961942, -23.685308 ], [ -46.6961191, -23.6854689 ], [ -46.6960488, -23.6856365 ], [ -46.6959837, -23.6858035 ], [ -46.695922, -23.6859724 ], [ -46.6957423, -23.6864846 ], [ -46.6956766, -23.6866657 ], [ -46.695627, -23.6867897 ], [ -46.6955632, -23.6869365 ], [ -46.6955049, -23.6870581 ], [ -46.6954338, -23.6871926 ], [ -46.6953702, -23.6873031 ], [ -46.6952991, -23.6874111 ], [ -46.6952085, -23.6875364 ], [ -46.6951214, -23.6876482 ], [ -46.6950281, -23.68776 ], [ -46.6949229, -23.687876 ], [ -46.6948122, -23.6879909 ], [ -46.6946808, -23.6881235 ], [ -46.6945399, -23.6882579 ], [ -46.6943918, -23.6883937 ], [ -46.6942596, -23.6885104 ], [ -46.6941035, -23.6886442 ], [ -46.6939378, -23.6887786 ], [ -46.6937742, -23.6889045 ], [ -46.6936193, -23.6890193 ], [ -46.693441, -23.689145799999988 ], [ -46.693229, -23.6892902 ], [ -46.6930479, -23.6894074 ], [ -46.6928743, -23.6895131 ], [ -46.6926799, -23.6896261 ], [ -46.6924318, -23.6897618 ], [ -46.6921743, -23.6898944 ], [ -46.6919389, -23.690008 ], [ -46.6917196, -23.6901069 ], [ -46.6915017, -23.6901984 ], [ -46.6912797, -23.6902855 ], [ -46.6910712, -23.6903617 ], [ -46.6898528, -23.6907866 ], [ -46.6896268, -23.6908658 ], [ -46.6894263, -23.6909401 ], [ -46.6892701, -23.6910015 ], [ -46.6891299, -23.6910605 ], [ -46.688977, -23.691128 ], [ -46.6888128, -23.691206 ], [ -46.6886592, -23.691283399999989 ], [ -46.6884976, -23.6913718 ], [ -46.6883455, -23.6914608 ], [ -46.6881922, -23.6915557 ], [ -46.6880551, -23.6916463 ], [ -46.6879136, -23.6917451 ], [ -46.687768, -23.6918538 ], [ -46.6876215, -23.6919696 ], [ -46.6874851, -23.6920859 ], [ -46.6873624, -23.6921947 ], [ -46.6872437, -23.692307 ], [ -46.6871331, -23.6924169 ], [ -46.6870245, -23.6925302 ], [ -46.6869172, -23.692649 ], [ -46.6868125, -23.6927712 ], [ -46.6867052, -23.6929045 ], [ -46.6865986, -23.6930463 ], [ -46.6865067, -23.693174 ], [ -46.6864142, -23.6933085 ], [ -46.6863323, -23.6934373 ], [ -46.6862633, -23.6935528 ], [ -46.6861916, -23.6936811 ], [ -46.6861171, -23.693823 ], [ -46.6860437, -23.693975 ], [ -46.6859784, -23.6941214 ], [ -46.685919, -23.6942617 ], [ -46.6858678, -23.6943938 ], [ -46.6858161, -23.6945384 ], [ -46.6857699, -23.6946857 ], [ -46.6857283, -23.6948306 ], [ -46.6857081, -23.6949049 ], [ -46.6856733, -23.695054699999989 ], [ -46.6856451, -23.6951947 ], [ -46.6856189, -23.6953378 ], [ -46.6855988, -23.6954821 ], [ -46.6855801, -23.6956411 ], [ -46.685568, -23.6957854 ], [ -46.6855592, -23.6959414 ], [ -46.6855559, -23.6960937 ], [ -46.6855566, -23.696238 ], [ -46.685562, -23.6963853 ], [ -46.6855727, -23.6965456 ], [ -46.6855875, -23.6966942 ], [ -46.6856042, -23.696828 ], [ -46.6856263, -23.6969637 ], [ -46.6856572, -23.6971295 ], [ -46.6856854, -23.6972604 ], [ -46.6857256, -23.6974286 ], [ -46.6857725, -23.6976023 ], [ -46.6858282, -23.6977926 ], [ -46.6870513, -23.7017498 ], [ -46.687119, -23.7019764 ], [ -46.6871934, -23.7022343 ], [ -46.6872417, -23.7024066 ], [ -46.6872907, -23.702583 ], [ -46.6875595, -23.7035863 ], [ -46.6876232, -23.7038141 ], [ -46.6876788, -23.7040038 ], [ -46.6877311, -23.7041776 ], [ -46.6877835, -23.7043449 ], [ -46.6878392, -23.7045134 ], [ -46.6879021, -23.7046982 ], [ -46.6879766, -23.7049082 ], [ -46.6880538, -23.7051188 ], [ -46.688465927660239, -23.706179174180875 ] ] ] } },
{ "type": "Feature", "properties": { "fid": 139, "Name": "Linha 9 - Esmeralda > OSA", "description": "Varginha > Osasco • 36.3km • 21 estações • 50min • 439mil pass/d (MDU 2024) • 514mil pass/d (Nov/2024)", "Status_Obra": "Construído", "Modal": "Trem", "N_Linha": 9, "data_abertura": "2008-04-21" }, "geometry": { "type": "MultiLineString", "coordinates": [ [ [ -46.688349087158258, -23.706220412105129 ], [ -46.6888, -23.7073776 ], [ -46.6888685, -23.7075564 ], [ -46.6889297, -23.7077229 ], [ -46.688993, -23.7079055 ], [ -46.6890413, -23.7080522 ], [ -46.6890963, -23.7082297 ], [ -46.6891834, -23.7085373 ], [ -46.6893336, -23.7090988 ], [ -46.6894015, -23.7093406 ], [ -46.6894716, -23.7095824 ], [ -46.6895485, -23.7098378 ], [ -46.6905593, -23.7131072 ], [ -46.6906254, -23.7133232 ], [ -46.690693, -23.7135515 ], [ -46.6909843, -23.714578899999989 ], [ -46.6910551, -23.7148197 ], [ -46.6911225, -23.715042 ], [ -46.6916008, -23.7165749 ], [ -46.6916558, -23.7167584 ], [ -46.6917067, -23.7169359 ], [ -46.6917537, -23.7171139 ], [ -46.6917952, -23.7172822 ], [ -46.6918375, -23.7174749 ], [ -46.6918758, -23.7176726 ], [ -46.6919072, -23.7178563 ], [ -46.691931, -23.7180118 ], [ -46.6919545, -23.7181948 ], [ -46.691973, -23.718378 ], [ -46.691987, -23.7185481 ], [ -46.6919965, -23.7187133 ], [ -46.6920038, -23.7189147 ], [ -46.6920064, -23.7191037 ], [ -46.6920031, -23.7193158 ], [ -46.6919957, -23.7194961 ], [ -46.6919843, -23.7196735 ], [ -46.691955, -23.7200499 ], [ -46.6919319, -23.720316499999988 ], [ -46.6918404, -23.7213407 ], [ -46.6918184, -23.7215866 ], [ -46.6916418, -23.7238714 ], [ -46.6916299, -23.7240547 ], [ -46.6914837, -23.726681 ], [ -46.6914747, -23.7269137 ], [ -46.6914713, -23.7271401 ], [ -46.6914734, -23.727355 ], [ -46.6914821, -23.7275601 ], [ -46.6915023, -23.7278136 ], [ -46.6915278, -23.7280432 ], [ -46.6915606, -23.7282653 ], [ -46.6916002, -23.7284962 ], [ -46.6916478, -23.7287179 ], [ -46.6917051, -23.7289547 ], [ -46.6917759, -23.7292064 ], [ -46.6918419, -23.7294164 ], [ -46.6919214, -23.7296423 ], [ -46.6919898, -23.729818399999989 ], [ -46.6920775, -23.7300253 ], [ -46.6921653, -23.7302162 ], [ -46.6922586, -23.7304065 ], [ -46.6923592, -23.730595 ], [ -46.6924658, -23.730781 ], [ -46.6925731, -23.7309596 ], [ -46.6926831, -23.7311327 ], [ -46.6927903, -23.7312929 ], [ -46.6929029, -23.7314519 ], [ -46.6930378, -23.7316292 ], [ -46.6932319, -23.7318721 ], [ -46.697022931056551, -23.736470840447222 ] ] ] } },
{ "type": "Feature", "properties": { "fid": 140, "Name": "Linha 9 - Esmeralda > VAR", "description": "Osasco > Varginha • 36.3km • 21 estações • 50min • 439mil pass/d (MDU 2024) • 514mil pass/d (Nov/2024)", "Status_Obra": "Construído", "Modal": "Trem", "N_Linha": 9, "data_abertura": "2008-04-21" }, "geometry": { "type": "MultiLineString", "coordinates": [ [ [ -46.688465927660239, -23.706179174180875 ], [ -46.6889482, -23.70742 ], [ -46.689032, -23.7076545 ], [ -46.6890951, -23.7078412 ], [ -46.6891447, -23.7079983 ], [ -46.689191, -23.7081623 ], [ -46.6892352, -23.7083397 ], [ -46.6892715, -23.708503 ], [ -46.689362, -23.7089245 ], [ -46.6894083, -23.7091298 ], [ -46.6894589, -23.7093389 ], [ -46.6894967, -23.7094878 ], [ -46.689541, -23.7096489 ], [ -46.6895839, -23.7098046 ], [ -46.6896309, -23.7099673 ], [ -46.6896811, -23.7101275 ], [ -46.6905596, -23.7129652 ], [ -46.6906196, -23.7131641 ], [ -46.6906737, -23.7133375 ], [ -46.6907239, -23.7135103 ], [ -46.690978, -23.7144055 ], [ -46.6910269, -23.7145756 ], [ -46.6910799, -23.7147548 ], [ -46.6911396, -23.7149537 ], [ -46.6916465, -23.7165825 ], [ -46.6917126, -23.7168041 ], [ -46.6917692, -23.717006 ], [ -46.6918108, -23.7171676 ], [ -46.6918551, -23.7173548 ], [ -46.6918973, -23.717558 ], [ -46.6919329, -23.7177495 ], [ -46.6919611, -23.7179264 ], [ -46.6919845, -23.718097 ], [ -46.6920073, -23.7182965 ], [ -46.692024, -23.7184905 ], [ -46.6920375, -23.7186937 ], [ -46.6920442, -23.7188735 ], [ -46.6920475, -23.7190571 ], [ -46.6920462, -23.7192401 ], [ -46.6920414, -23.7194298 ], [ -46.6920335, -23.7196569 ], [ -46.6919671, -23.7209117 ], [ -46.6919585, -23.7210668 ], [ -46.6919392, -23.7214515 ], [ -46.6919288, -23.7216211 ], [ -46.6917478, -23.7239794 ], [ -46.6917317, -23.724182 ], [ -46.6915648, -23.7261482 ], [ -46.6915339, -23.7265662 ], [ -46.6915218, -23.7267683 ], [ -46.6915152, -23.7269512 ], [ -46.6915125, -23.7271237 ], [ -46.6915144, -23.7272993 ], [ -46.6915198, -23.7274668 ], [ -46.6915305, -23.7276436 ], [ -46.6915439, -23.727808799999988 ], [ -46.691562, -23.7279769 ], [ -46.6915822, -23.7281354 ], [ -46.6916076, -23.7283011 ], [ -46.6916418, -23.7284877 ], [ -46.6916875, -23.7287106 ], [ -46.6917391, -23.7289229 ], [ -46.691792, -23.729115 ], [ -46.6918558, -23.7293263 ], [ -46.6919194, -23.7295141 ], [ -46.6919879, -23.7297019 ], [ -46.6920717, -23.7299094 ], [ -46.6921534, -23.7300954 ], [ -46.6922367, -23.7302691 ], [ -46.6923352, -23.7304655 ], [ -46.6924298, -23.7306399 ], [ -46.6925189, -23.730794 ], [ -46.6926202, -23.7309603 ], [ -46.6927369, -23.7311408 ], [ -46.6928415, -23.7312943 ], [ -46.6929876, -23.7314968 ], [ -46.6931244, -23.7316761 ], [ -46.6932613, -23.7318492 ], [ -46.6960011, -23.7351706 ], [ -46.6961111, -23.7353002 ], [ -46.6962351, -23.7354389 ], [ -46.6963773, -23.7355881 ], [ -46.6965409, -23.7357514 ], [ -46.696671, -23.7358852 ], [ -46.696791, -23.7360211 ], [ -46.6969197, -23.7361737 ], [ -46.697114365008446, -23.736410093242103 ] ] ] } },
{ "type": "Feature", "properties": { "fid": 141, "Name": "Linha 9 - Esmeralda > OSA", "description": "Varginha > Osasco • 36.3km • 21 estações • 50min • 439mil pass/d (MDU 2024) • 514mil pass/d (Nov/2024)", "Status_Obra": "Construído", "Modal": "Trem", "N_Linha": 9, "data_abertura": "2021-08-10" }, "geometry": { "type": "MultiLineString", "coordinates": [ [ [ -46.697022931056551, -23.736470840447222 ], [ -46.7053598, -23.7465824 ], [ -46.7054771, -23.7467279 ], [ -46.7056001, -23.7468849 ], [ -46.7057094, -23.7470316 ], [ -46.7058143, -23.7471773 ], [ -46.7059243, -23.7473328 ], [ -46.7060283, -23.7474885 ], [ -46.7061369, -23.7476609 ], [ -46.7062327, -23.7478162 ], [ -46.7063443, -23.7480037 ], [ -46.706437, -23.7481683 ], [ -46.706525, -23.7483338 ], [ -46.7066072, -23.7484938 ], [ -46.7066932, -23.7486719 ], [ -46.7067679, -23.7488351 ], [ -46.70921500570865, -23.754313641986737 ] ] ] } },
{ "type": "Feature", "properties": { "fid": 142, "Name": "Linha 9 - Esmeralda > VAR", "description": "Osasco > Varginha • 36.3km • 21 estações • 50min • 439mil pass/d (MDU 2024) • 514mil pass/d (Nov/2024)", "Status_Obra": "Construído", "Modal": "Trem", "N_Linha": 9, "data_abertura": "2021-08-10" }, "geometry": { "type": "MultiLineString", "coordinates": [ [ [ -46.697114365008446, -23.736410093242103 ], [ -46.7002121, -23.7401717 ], [ -46.700341, -23.7403295 ], [ -46.7004375, -23.7404494 ], [ -46.7005414, -23.740586 ], [ -46.7011992, -23.7414583 ], [ -46.7013273, -23.7416234 ], [ -46.7014808, -23.7418154 ], [ -46.7016605, -23.7420346 ], [ -46.7052365, -23.7463674 ], [ -46.7053856, -23.7465491 ], [ -46.7055194, -23.7467166 ], [ -46.7056455, -23.7468805 ], [ -46.7057541, -23.7470253 ], [ -46.7058641, -23.7471782 ], [ -46.7059795, -23.7473439 ], [ -46.7060686, -23.7474771 ], [ -46.7061766, -23.7476453 ], [ -46.7062758, -23.7478067 ], [ -46.7063814, -23.747985 ], [ -46.7064743, -23.7481526 ], [ -46.7065611, -23.7483183 ], [ -46.7066443, -23.7484812 ], [ -46.7067314, -23.7486593 ], [ -46.7068069, -23.7488238 ], [ -46.7078402, -23.7511395 ], [ -46.7079314, -23.7513396 ], [ -46.708042, -23.7515759 ], [ -46.7081299, -23.7517581 ], [ -46.7082078, -23.751916 ], [ -46.7085622, -23.7525964 ], [ -46.7086757, -23.7528168 ], [ -46.7087666, -23.7530065 ], [ -46.709328030518904, -23.754264262160795 ] ] ] } },
{ "type": "Feature", "properties": { "fid": 143, "Name": "Linha 10 - Turquesa > BFU", "description": "Rio Grande da Serra > Palmeiras-Barra Funda • 41.1km • 15 estações • 58min • 409mil pass/d • ATP • Headway: 360s", "Status_Obra": "Construído", "Modal": "Trem", "N_Linha": 10, "data_abertura": "2023-05-04" }, "geometry": { "type": "MultiLineString", "coordinates": [ [ [ -46.617098215110765, -23.544579903652856 ], [ -46.6178897, -23.5434102 ], [ -46.6180504, -23.5431896 ], [ -46.6185187, -23.5425594 ], [ -46.6187064, -23.5423148 ], [ -46.6189076, -23.5420566 ], [ -46.619102, -23.5418119 ], [ -46.619297, -23.5415743 ], [ -46.6194673, -23.5413764 ], [ -46.6196765, -23.5411514 ], [ -46.6199005, -23.5409128 ], [ -46.6201339, -23.5406669 ], [ -46.6203538, -23.5404555 ], [ -46.6205429, -23.5402858 ], [ -46.6207615, -23.5401026 ], [ -46.6209721, -23.5399363 ], [ -46.621188, -23.5397756 ], [ -46.6214548, -23.5395862 ], [ -46.6217204, -23.5394128 ], [ -46.6220315, -23.5392186 ], [ -46.6223118, -23.5390526 ], [ -46.6226457, -23.5388706 ], [ -46.622973, -23.5386973 ], [ -46.6233351, -23.5385153 ], [ -46.6236449, -23.5383715 ], [ -46.6239573, -23.5382448 ], [ -46.6243074, -23.5381231 ], [ -46.6246252, -23.5380272 ], [ -46.6249833, -23.5379325 ], [ -46.6284474, -23.537038699999989 ], [ -46.6288188, -23.5369415 ], [ -46.6302279, -23.5365604 ], [ -46.6307259, -23.5364313 ], [ -46.6330688, -23.5358276 ], [ -46.633443, -23.5357378 ], [ -46.6338476, -23.5356415 ], [ -46.6341846, -23.5355558 ], [ -46.6365754, -23.5349389 ], [ -46.63695, -23.5348378 ], [ -46.6373147, -23.5347284 ], [ -46.6377198, -23.534598 ], [ -46.638102, -23.5344665 ], [ -46.6383997, -23.5343496 ], [ -46.6386748, -23.5342196 ], [ -46.6389187, -23.5340816 ], [ -46.6391842, -23.5339156 ], [ -46.639427, -23.5337496 ], [ -46.6396375, -23.533591 ], [ -46.63984, -23.5334263 ], [ -46.6400358, -23.5332467 ], [ -46.640237, -23.5330414 ], [ -46.6404342, -23.5328152 ], [ -46.6406235, -23.5325726 ], [ -46.6408137, -23.5323024 ], [ -46.6409733, -23.5320491 ], [ -46.6411154, -23.5318032 ], [ -46.6416438, -23.530838 ], [ -46.6417833, -23.5305958 ], [ -46.6419027, -23.5304003 ], [ -46.6420582, -23.5301716 ], [ -46.6422017, -23.529981 ], [ -46.6423707, -23.529783 ], [ -46.6425271, -23.5296204 ], [ -46.6427006, -23.529451 ], [ -46.6428656, -23.5293022 ], [ -46.64306, -23.5291399 ], [ -46.6432625, -23.5289862 ], [ -46.6434878, -23.5288276 ], [ -46.6437292, -23.5286751 ], [ -46.6439747, -23.5285374 ], [ -46.6442214, -23.528412 ], [ -46.6444965, -23.5282875 ], [ -46.6447874, -23.5281722 ], [ -46.6450838, -23.5280726 ], [ -46.6453493, -23.5279952 ], [ -46.6456122, -23.52793 ], [ -46.6458576, -23.5278808 ], [ -46.6461271, -23.5278365 ], [ -46.6464101, -23.527807 ], [ -46.6467159, -23.5277874 ], [ -46.6469962, -23.5277812 ], [ -46.6472859, -23.5277886 ], [ -46.6475755, -23.5278058 ], [ -46.6510758, -23.5280763 ], [ -46.6514768, -23.5281046 ], [ -46.6518282, -23.5281206 ], [ -46.6521313, -23.5281206 ], [ -46.6524236, -23.5281046 ], [ -46.6527039, -23.5280751 ], [ -46.6529668, -23.5280357 ], [ -46.6532432, -23.5279776 ], [ -46.6534979, -23.5279189 ], [ -46.6566307, -23.5270152 ], [ -46.6570799, -23.526891 ], [ -46.6575466, -23.5267668 ], [ -46.6592914, -23.5263032 ], [ -46.6596669, -23.5262085 ], [ -46.6600089, -23.5261348 ], [ -46.6603201, -23.5260745 ], [ -46.6607479, -23.5260093 ], [ -46.6611086, -23.52597 ], [ -46.6614882, -23.525938 ], [ -46.6633726, -23.5257895 ], [ -46.6635229, -23.5257732 ], [ -46.6636594, -23.5257555 ], [ -46.6639762, -23.5257089 ], [ -46.6641095, -23.5256903 ], [ -46.6642535, -23.5256716 ], [ -46.6644101, -23.5256564 ], [ -46.6682275, -23.5253618 ] ] ] } },
{ "type": "Feature", "properties": { "fid": 144, "Name": "Linha 10 - Turquesa > RGS", "description": "Palmeiras-Barra Funda > Rio Grande da Serra • 41.1km • 15 estações • 58min • 409mil pass/d • ATP • Headway: 360s", "Status_Obra": "Construído", "Modal": "Trem", "N_Linha": 10, "data_abertura": "2023-05-04" }, "geometry": { "type": "MultiLineString", "coordinates": [ [ [ -46.617063535644995, -23.544560199411212 ], [ -46.6176214, -23.5437343 ], [ -46.6177837, -23.5434946 ], [ -46.6179757, -23.5432196 ], [ -46.6184019, -23.5426512 ], [ -46.6188405, -23.5420856 ], [ -46.619106, -23.5417438 ], [ -46.6193635, -23.5414438 ], [ -46.61968, -23.5410983 ], [ -46.6199804, -23.5407787 ], [ -46.6202379, -23.5405106 ], [ -46.6205168, -23.5402561 ], [ -46.6208079, -23.5400176 ], [ -46.621115, -23.5397852 ], [ -46.6214744, -23.5395295 ], [ -46.6218419, -23.5392897 ], [ -46.6222293, -23.539055799999989 ], [ -46.6226184, -23.5388447 ], [ -46.6230663, -23.5386074 ], [ -46.6233828, -23.53845 ], [ -46.6236953, -23.5383098 ], [ -46.6240335, -23.5381787 ], [ -46.6243806, -23.538059 ], [ -46.6248298, -23.5379225 ], [ -46.6252094, -23.5378143 ], [ -46.6255513, -23.5377246 ], [ -46.6326552, -23.5358913 ], [ -46.6329583, -23.5358151 ], [ -46.6337763, -23.5356233 ], [ -46.6341156, -23.5355372 ], [ -46.6366235, -23.5348868 ], [ -46.6370862, -23.5347552 ], [ -46.6375194, -23.5346188 ], [ -46.6379123, -23.5344909 ], [ -46.63821, -23.5343839 ], [ -46.6384863, -23.5342646 ], [ -46.6387331, -23.5341429 ], [ -46.6389932, -23.5339929 ], [ -46.6392735, -23.5338122 ], [ -46.639535, -23.5336253 ], [ -46.6398033, -23.5334052 ], [ -46.6400876, -23.5331396 ], [ -46.6403303, -23.5328789 ], [ -46.6405382, -23.5326207 ], [ -46.6407246, -23.5323674 ], [ -46.6408842, -23.5321277 ], [ -46.6410223, -23.5318916 ], [ -46.6415829, -23.5308698 ], [ -46.6417117, -23.5306374 ], [ -46.6418471, -23.5304124 ], [ -46.6420013, -23.5301898 ], [ -46.642169, -23.5299648 ], [ -46.6423675, -23.5297386 ], [ -46.6425753, -23.5295222 ], [ -46.64278, -23.5293292 ], [ -46.64299780000001, -23.5291435 ], [ -46.6432284, -23.5289676 ], [ -46.6434752, -23.528793 ], [ -46.6437662, -23.5286123 ], [ -46.6441002, -23.5284315 ], [ -46.6443979, -23.5282901 ], [ -46.6447452, -23.5281499 ], [ -46.6451114, -23.5280257 ], [ -46.6454761, -23.5279249 ], [ -46.6458128, -23.5278511 ], [ -46.6461534, -23.527797 ], [ -46.6465142, -23.5277614 ], [ -46.6468307, -23.5277491 ], [ -46.6471713, -23.5277491 ], [ -46.6475133, -23.5277663 ], [ -46.6513241, -23.5280622 ], [ -46.6517686, -23.5280811 ], [ -46.6521186, -23.5280811 ], [ -46.6524338, -23.5280663 ], [ -46.6527731, -23.5280257 ], [ -46.6531338, -23.5279643 ], [ -46.6534731, -23.527888 ], [ -46.653787, -23.5278007 ], [ -46.6555693, -23.5272818 ], [ -46.6562868, -23.527074 ], [ -46.6568889, -23.5269043 ], [ -46.6592292, -23.5262785 ], [ -46.6596194, -23.5261801 ], [ -46.6599882, -23.526094 ], [ -46.6603383, -23.5260251 ], [ -46.6607916, -23.5259551 ], [ -46.6611724, -23.5259133 ], [ -46.6644101, -23.5256564 ] ] ] } },
{ "type": "Feature", "properties": { "fid": 145, "Name": "Linha 11 - Coral > BFU", "description": "Estudantes > Barra Funda • 54.5km • 17 estações • 67min • 686mil pass/d • ATP • Headway: 210s", "Status_Obra": "Construído", "Modal": "Trem", "N_Linha": 11, "data_abertura": "1976-11-10" }, "geometry": { "type": "MultiLineString", "coordinates": [ [ [ -46.307933856333271, -23.534199027292004 ], [ -46.3070306, -23.5345125 ], [ -46.3069238, -23.5345479 ], [ -46.3068205, -23.5345778 ], [ -46.3067139, -23.5346063 ], [ -46.3062982, -23.5347085 ], [ -46.3061818, -23.5347407 ], [ -46.3060561, -23.5347793 ], [ -46.3059296, -23.5348217 ], [ -46.302558, -23.53598 ], [ -46.3023388, -23.5360513 ], [ -46.302137, -23.5361116 ], [ -46.3019358, -23.5361635 ], [ -46.3017205, -23.5362081 ], [ -46.3014986, -23.5362437 ], [ -46.301286, -23.536269 ], [ -46.3010821, -23.5362849 ], [ -46.3008737, -23.5362923 ], [ -46.3006617, -23.5362905 ], [ -46.3004491, -23.5362807 ], [ -46.3002272, -23.5362634 ], [ -46.2999362, -23.5362314 ], [ -46.297252, -23.5359369 ], [ -46.2969193, -23.5359066 ], [ -46.296436, -23.53587 ], [ -46.2962446, -23.5358533 ], [ -46.2960521, -23.5358315 ], [ -46.2958945, -23.5358066 ], [ -46.2957107, -23.5357726 ], [ -46.2954128, -23.535713 ], [ -46.2952359, -23.5356817 ], [ -46.295051, -23.5356541 ], [ -46.2948453, -23.535629 ], [ -46.2824549, -23.5342562 ], [ -46.2821961, -23.5342328 ], [ -46.2819862, -23.5342199 ], [ -46.2817783, -23.5342144 ], [ -46.2815973, -23.534215 ], [ -46.2814068, -23.5342249 ], [ -46.2812017, -23.5342439 ], [ -46.2810247, -23.5342672 ], [ -46.2808422, -23.5342993 ], [ -46.2806672, -23.5343368 ], [ -46.2804768, -23.5343847 ], [ -46.2803005, -23.5344382 ], [ -46.2801287, -23.5344978 ], [ -46.2799403, -23.5345721 ], [ -46.2797687, -23.5346484 ], [ -46.2795963, -23.5347332 ], [ -46.2794246, -23.5348285 ], [ -46.2792617, -23.5349281 ], [ -46.2791001, -23.5350369 ], [ -46.278946, -23.5351472 ], [ -46.2787652, -23.5352846 ], [ -46.2785436, -23.5354607 ], [ -46.2732295, -23.5397456 ], [ -46.2730484, -23.5398877 ], [ -46.2728963, -23.5399995 ], [ -46.2727454, -23.540104 ], [ -46.2725857, -23.5402062 ], [ -46.2724174, -23.5403033 ], [ -46.2722216, -23.540401599999988 ], [ -46.2720352, -23.5404828 ], [ -46.2718454, -23.5405547 ], [ -46.2716712, -23.5406119 ], [ -46.2714814, -23.5406635 ], [ -46.2712701, -23.5407114 ], [ -46.2709946, -23.5407624 ], [ -46.2707518, -23.5408033 ], [ -46.2703381, -23.5408681 ], [ -46.2536766, -23.5434469 ], [ -46.253282, -23.5435029 ], [ -46.2529283, -23.5435465 ], [ -46.2526634, -23.5435729 ], [ -46.2523771, -23.5435938 ], [ -46.2520579, -23.5436117 ], [ -46.2517502, -23.5436209 ], [ -46.2514062, -23.543624 ], [ -46.2510809, -23.5436191 ], [ -46.25078460000001, -23.5436073 ], [ -46.2504909, -23.5435914 ], [ -46.25019850000001, -23.5435699 ], [ -46.2498719, -23.5435398 ], [ -46.2495521, -23.5435016 ], [ -46.2492409, -23.5434574 ], [ -46.2489586, -23.5434094 ], [ -46.2486891, -23.5433584 ], [ -46.2484015, -23.5432958 ], [ -46.2481098, -23.5432256 ], [ -46.2477959, -23.5431421 ], [ -46.2474506, -23.5430442 ], [ -46.247016, -23.5429152 ], [ -46.2202261, -23.5347777 ], [ -46.2197969, -23.53464 ], [ -46.2194872, -23.5345341 ], [ -46.2192237, -23.5344377 ], [ -46.218991, -23.5343479 ], [ -46.2187556, -23.5342515 ], [ -46.2185115, -23.5341469 ], [ -46.2182658, -23.5340359 ], [ -46.2179966, -23.5339071 ], [ -46.2177544, -23.5337849 ], [ -46.2174923, -23.5336458 ], [ -46.2172897, -23.533533399999989 ], [ -46.2170645, -23.5334024 ], [ -46.2168338, -23.5332628 ], [ -46.216577, -23.5330999 ], [ -46.2163141, -23.5329272 ], [ -46.2160278, -23.5327354 ], [ -46.2040927, -23.5246249 ], [ -46.2037939, -23.5244275 ], [ -46.2035032, -23.5242437 ], [ -46.2032263, -23.5240783 ], [ -46.2029523, -23.5239231 ], [ -46.2026899, -23.5237819 ], [ -46.2024491, -23.523659 ], [ -46.2022098, -23.5235416 ], [ -46.2019141, -23.5234014 ], [ -46.19678050000001, -23.5210541 ], [ -46.1935649, -23.519587799999989 ], [ -46.1933083, -23.5194723 ], [ -46.1930537, -23.5193635 ], [ -46.1926167, -23.519182 ], [ -46.1923607, -23.5190742 ], [ -46.1921131, -23.5189656 ], [ -46.191883, -23.5188617 ], [ -46.1873905, -23.5168066 ], [ -46.1871442, -23.5166978 ], [ -46.1869167, -23.5166031 ], [ -46.1865121, -23.5164444 ], [ -46.1863051, -23.516358 ], [ -46.1861027, -23.5162692 ], [ -46.1856109, -23.516043 ], [ -46.1852797, -23.5158941 ], [ -46.1850014, -23.5157736 ], [ -46.184711, -23.5156525 ], [ -46.1844475, -23.5155473 ], [ -46.1841517, -23.5154373 ], [ -46.1838889, -23.5153451 ] ] ] } },
{ "type": "Feature", "properties": { "fid": 146, "Name": "Linha 11 - Coral > EST", "description": "Barra Funda > Estudantes • 54.3km • 17 estações • 67min • 686mil pass/d • ATP • Headway: 210s", "Status_Obra": "Construído", "Modal": "Trem", "N_Linha": 11, "data_abertura": "1976-11-10" }, "geometry": { "type": "MultiLineString", "coordinates": [ [ [ -46.307893110887598, -23.534101238190491 ], [ -46.3060997, -23.5347209 ], [ -46.3025475, -23.5359408 ], [ -46.3022686, -23.5360315 ], [ -46.3020957, -23.5360807 ], [ -46.3019119, -23.5361268 ], [ -46.3017148, -23.5361674 ], [ -46.3015176, -23.5362 ], [ -46.3013198, -23.5362246 ], [ -46.3011428, -23.5362393 ], [ -46.3009537, -23.5362479 ], [ -46.3007633, -23.5362505 ], [ -46.3005742, -23.5362443 ], [ -46.3003582, -23.5362307 ], [ -46.30015310000001, -23.5362117 ], [ -46.2999513, -23.5361908 ], [ -46.2968962, -23.535860599999989 ], [ -46.2966542, -23.5358317 ], [ -46.2964148, -23.5358004 ], [ -46.2958032, -23.5357094 ], [ -46.2955712, -23.5356768 ], [ -46.2953358, -23.5356449 ], [ -46.2951125, -23.535619 ], [ -46.2826087, -23.5342324 ], [ -46.282309, -23.5342023 ], [ -46.2820898, -23.5341857 ], [ -46.2818746, -23.5341752 ], [ -46.281662, -23.5341734 ], [ -46.281481, -23.5341789 ], [ -46.2813065, -23.5341918 ], [ -46.2811262, -23.5342121 ], [ -46.2809304, -23.534241 ], [ -46.2807332, -23.5342797 ], [ -46.2805603, -23.5343209 ], [ -46.2803806, -23.5343713 ], [ -46.2802249, -23.5344211 ], [ -46.2800439, -23.5344857 ], [ -46.279879, -23.5345533 ], [ -46.2797107, -23.5346286 ], [ -46.2795531, -23.5347089 ], [ -46.2793975, -23.5347967 ], [ -46.2792439, -23.5348902 ], [ -46.2790857, -23.5349966 ], [ -46.2789348, -23.5351053 ], [ -46.2787772, -23.535224 ], [ -46.2786204, -23.5353476 ], [ -46.2732499, -23.5396798 ], [ -46.2730313, -23.5398507 ], [ -46.2728549, -23.5399798 ], [ -46.2726859, -23.5400948 ], [ -46.2725344, -23.5401901 ], [ -46.2723869, -23.5402737 ], [ -46.2722374, -23.5403493 ], [ -46.2720751, -23.5404212 ], [ -46.2718974, -23.5404906 ], [ -46.271721, -23.5405485 ], [ -46.271542, -23.5405976 ], [ -46.2713468, -23.5406431 ], [ -46.2711564, -23.5406806 ], [ -46.2708443, -23.5407326 ], [ -46.2703055, -23.5408189 ], [ -46.2634855, -23.5418879 ], [ -46.2571843, -23.5428644 ], [ -46.2540415, -23.5433513 ], [ -46.2537045, -23.5434011 ], [ -46.253381, -23.5434484 ], [ -46.2530786, -23.5434871 ], [ -46.2528043, -23.5435172 ], [ -46.2525113, -23.5435431 ], [ -46.2522484, -23.5435603 ], [ -46.2519843, -23.5435725 ], [ -46.2516938, -23.5435812 ], [ -46.2513787, -23.5435818 ], [ -46.251022, -23.5435744 ], [ -46.2507316, -23.5435627 ], [ -46.250387, -23.5435406 ], [ -46.2500912, -23.5435166 ], [ -46.2498244, -23.5434899 ], [ -46.2495206, -23.5434521 ], [ -46.249227, -23.5434084 ], [ -46.2489594, -23.5433617 ], [ -46.2486972, -23.5433101 ], [ -46.248433, -23.5432511 ], [ -46.2481621, -23.543184099999987 ], [ -46.2479133, -23.5431152 ], [ -46.2475056, -23.5429972 ], [ -46.2468122, -23.5427894 ], [ -46.220513, -23.5348242 ], [ -46.2200309, -23.5346742 ], [ -46.2196916, -23.5345623 ], [ -46.2194247, -23.5344707 ], [ -46.219139, -23.534365 ], [ -46.2188715, -23.5342599 ], [ -46.2185999, -23.5341455 ], [ -46.2183196, -23.5340183 ], [ -46.2180661, -23.5338965 ], [ -46.2178342, -23.5337809 ], [ -46.2175773, -23.5336456 ], [ -46.2173466, -23.5335184 ], [ -46.2171126, -23.5333845 ], [ -46.2168739, -23.5332393 ], [ -46.216611, -23.5330734 ], [ -46.2163442, -23.5328981 ], [ -46.2161108, -23.5327413 ], [ -46.2047346, -23.5250152 ], [ -46.2043722, -23.5247671 ], [ -46.2040627, -23.5245578 ], [ -46.2037952, -23.5243826 ], [ -46.2035182, -23.5242092 ], [ -46.2031756, -23.5240075 ], [ -46.2029087, -23.5238587 ], [ -46.2025995, -23.5236946 ], [ -46.2023361, -23.523561199999989 ], [ -46.2020591, -23.523429 ], [ -46.2017587, -23.5232882 ], [ -46.1968426, -23.5210398 ], [ -46.1934829, -23.5195085 ], [ -46.1931752, -23.519372 ], [ -46.192923, -23.5192669 ], [ -46.1925482, -23.5191151 ], [ -46.1922398, -23.5189823 ], [ -46.1919655, -23.5188575 ], [ -46.1871857, -23.5166737 ], [ -46.186358, -23.5162961 ], [ -46.1856061, -23.515952899999988 ], [ -46.1853137, -23.515822599999989 ], [ -46.1850703, -23.5157168 ], [ -46.1847444, -23.5155803 ], [ -46.1844741, -23.5154721 ], [ -46.1841908, -23.5153667 ], [ -46.1839197, -23.5152723 ] ] ] } },
{ "type": "Feature", "properties": { "fid": 147, "Name": "L11 via 3 [Suzano]\n", "description": null, "Status_Obra": "Construído", "Modal": "Trem", "N_Linha": 11, "data_abertura": null }, "geometry": { "type": "MultiLineString", "coordinates": [ [ [ -46.307950174024249, -23.534238189716334 ], [ -46.3068824, -23.5346051 ], [ -46.3067617, -23.5346426 ], [ -46.3066424, -23.5346733 ], [ -46.3065062, -23.5347053 ], [ -46.305894, -23.534849099999988 ], [ -46.3057794, -23.5348799 ], [ -46.3056728, -23.5349125 ], [ -46.3055661, -23.5349463 ] ] ] } },
{ "type": "Feature", "properties": { "fid": 148, "Name": "Linha 11 - Coral > BFU", "description": "Estudantes > Barra Funda • 54.5km • 17 estações • 67min • 686mil pass/d • ATP • Headway: 210s", "Status_Obra": "Construído", "Modal": "Trem", "N_Linha": 11, "data_abertura": "2023-08-31" }, "geometry": { "type": "MultiLineString", "coordinates": [ [ [ -46.6754719, -23.52476 ], [ -46.6614318, -23.5258531 ], [ -46.6611025, -23.5258821 ], [ -46.6608423, -23.5259098 ], [ -46.6605963, -23.5259423 ], [ -46.6603636, -23.5259792 ], [ -46.66013430000001, -23.526021 ], [ -46.6599211, -23.5260658 ], [ -46.6596702, -23.5261224 ], [ -46.6593759, -23.5261962 ], [ -46.6570249, -23.5268289 ], [ -46.65664, -23.5269359 ], [ -46.6561646, -23.5270723 ], [ -46.6540665, -23.5276829 ], [ -46.6538297, -23.5277517 ], [ -46.6536346, -23.5278046 ], [ -46.6534461, -23.5278544 ], [ -46.6532423, -23.5279011 ], [ -46.6530539, -23.5279368 ], [ -46.6528635, -23.5279681 ], [ -46.6526764, -23.5279933 ], [ -46.6524806, -23.5280142 ], [ -46.65226, -23.5280315 ], [ -46.6520186, -23.5280406 ], [ -46.6518188, -23.5280425 ], [ -46.651588, -23.5280376 ], [ -46.6513856, -23.5280278 ], [ -46.6511844, -23.5280142 ], [ -46.65094770000001, -23.5279964 ], [ -46.6477217, -23.5277437 ], [ -46.6474971, -23.5277277 ], [ -46.6472503, -23.5277148 ], [ -46.6469982, -23.5277093 ], [ -46.6467983, -23.5277129 ], [ -46.6465844, -23.5277222 ], [ -46.6463551, -23.52774 ], [ -46.6461385, -23.527764 ], [ -46.6459225, -23.527796 ], [ -46.6457348, -23.5278298 ], [ -46.6455457, -23.527871 ], [ -46.6453586, -23.5279171 ], [ -46.6451528, -23.527975499999989 ], [ -46.6449711, -23.528032 ], [ -46.6447712, -23.5281016 ], [ -46.6445721, -23.5281777 ], [ -46.6443844, -23.5282571 ], [ -46.6441952, -23.5283431 ], [ -46.6439908, -23.5284452 ], [ -46.6438084, -23.5285441 ], [ -46.6436059, -23.5286641 ], [ -46.6434235, -23.528779 ], [ -46.6432619, -23.5288928 ], [ -46.6431049, -23.5290083 ], [ -46.6429561, -23.5291264 ], [ -46.6428039, -23.5292537 ], [ -46.6426563, -23.5293846 ], [ -46.6425243, -23.5295113 ], [ -46.6423841, -23.5296545 ], [ -46.6422747, -23.529775 ], [ -46.6421434, -23.5299262 ], [ -46.6420501, -23.5300456 ], [ -46.6419522, -23.530182 ], [ -46.641863, -23.5303155 ], [ -46.6417698, -23.5304667 ], [ -46.64167590000001, -23.5306253 ], [ -46.6415573, -23.5308322 ], [ -46.6410939, -23.5316809 ], [ -46.640996, -23.5318585 ], [ -46.6409035, -23.5320165 ], [ -46.6407902, -23.5321985 ], [ -46.6406849, -23.5323553 ], [ -46.6405716, -23.5325121 ], [ -46.6404535, -23.5326682 ], [ -46.6403348, -23.5328108 ], [ -46.6402028, -23.5329633 ], [ -46.6400714, -23.5331029 ], [ -46.6399426, -23.5332289 ], [ -46.6398187, -23.5333427 ], [ -46.6396591, -23.5334775 ], [ -46.6394976, -23.5336024 ], [ -46.6393314, -23.533720099999989 ], [ -46.6391565, -23.5338339 ], [ -46.6389899, -23.5339318 ], [ -46.6388227, -23.5340259 ], [ -46.6386393, -23.5341182 ], [ -46.6384532, -23.5342055 ], [ -46.638272, -23.5342819 ], [ -46.6380698, -23.5343602 ], [ -46.6378649, -23.5344311 ], [ -46.6376501, -23.5344965 ], [ -46.6374403, -23.5345554 ], [ -46.635313740827897, -23.535101895100016 ] ] ] } },
{ "type": "Feature", "properties": { "fid": 149, "Name": "Linha 11 - Coral > EST", "description": "Barra Funda > Estudantes • 54.3km • 17 estações • 67min • 686mil pass/d • ATP • Headway: 210s", "Status_Obra": "Construído", "Modal": "Trem", "N_Linha": 11, "data_abertura": "2023-08-31" }, "geometry": { "type": "MultiLineString", "coordinates": [ [ [ -46.6754663, -23.5247089 ], [ -46.6704609, -23.5250982 ], [ -46.6702121, -23.5251156 ], [ -46.6699763, -23.5251261 ], [ -46.6697178, -23.5251323 ], [ -46.6691638, -23.5251399 ], [ -46.6688693, -23.5251518 ], [ -46.668611, -23.5251692 ], [ -46.6660919, -23.5253631 ], [ -46.6658344, -23.5253853 ], [ -46.6655661, -23.5254124 ], [ -46.6653127, -23.5254424 ], [ -46.6650948, -23.5254714 ], [ -46.6646173, -23.5255414 ], [ -46.6644557, -23.5255648 ], [ -46.6643223, -23.5255814 ], [ -46.664103, -23.5256023 ], [ -46.6615019, -23.5258045 ], [ -46.6612639, -23.5258249 ], [ -46.6610333, -23.525847 ], [ -46.6608073, -23.5258734 ], [ -46.6605732, -23.5259067 ], [ -46.6603486, -23.5259429 ], [ -46.6601213, -23.525986 ], [ -46.6598859, -23.5260358 ], [ -46.6595976, -23.5261034 ], [ -46.6593065, -23.5261784 ], [ -46.657366, -23.5266985 ], [ -46.6570173, -23.5267932 ], [ -46.6567095, -23.5268781 ], [ -46.6563689, -23.5269758 ], [ -46.6540655, -23.5276472 ], [ -46.653861, -23.5277056 ], [ -46.6536458, -23.5277664 ], [ -46.6534279, -23.5278224 ], [ -46.6531958, -23.5278722 ], [ -46.6529846, -23.527911 ], [ -46.6527498, -23.5279466 ], [ -46.6525306, -23.5279731 ], [ -46.6523328, -23.527989 ], [ -46.6521357, -23.5280007 ], [ -46.6519339, -23.5280069 ], [ -46.6517212, -23.5280056 ], [ -46.6515201, -23.5279982 ], [ -46.6512981, -23.5279856 ], [ -46.650883, -23.5279546 ], [ -46.6476544, -23.5277032 ], [ -46.6474404, -23.5276877 ], [ -46.6472319, -23.5276761 ], [ -46.6469892, -23.5276706 ], [ -46.6467464, -23.5276755 ], [ -46.6465211, -23.5276877 ], [ -46.6462811, -23.5277093 ], [ -46.6460866, -23.5277338 ], [ -46.6458929, -23.5277628 ], [ -46.6456916, -23.5278003 ], [ -46.6454724, -23.5278495 ], [ -46.6452894, -23.5278962 ], [ -46.6451043, -23.5279509 ], [ -46.6448991, -23.5280161 ], [ -46.6447053, -23.52808550000001 ], [ -46.6444974, -23.5281692 ], [ -46.6442956, -23.5282552 ], [ -46.6440857, -23.5283548 ], [ -46.6439012, -23.5284495 ], [ -46.6437062, -23.5285595 ], [ -46.6435211, -23.5286709 ], [ -46.6433514, -23.5287809 ], [ -46.6431938, -23.5288934 ], [ -46.643051, -23.5289998 ], [ -46.6428794, -23.5291375 ], [ -46.6427365, -23.5292604 ], [ -46.6425897, -23.5293951 ], [ -46.6424737, -23.5295082 ], [ -46.642355, -23.5296318 ], [ -46.6422357, -23.5297658 ], [ -46.6421197, -23.5299017 ], [ -46.642013, -23.5300387 ], [ -46.6419097, -23.530182 ], [ -46.6418206, -23.5303142 ], [ -46.6417301, -23.5304549 ], [ -46.6416529, -23.5305847 ], [ -46.6415812, -23.5307113 ], [ -46.6410648, -23.5316556 ], [ -46.640981, -23.5318091 ], [ -46.6409005, -23.5319459 ], [ -46.6408114, -23.532094 ], [ -46.6407222, -23.5322342 ], [ -46.6406263, -23.5323725 ], [ -46.640531, -23.5325004 ], [ -46.6404098, -23.5326584 ], [ -46.6402924, -23.5328016 ], [ -46.6401818, -23.5329282 ], [ -46.640057, -23.5330616 ], [ -46.6399289, -23.5331914 ], [ -46.6397975, -23.5333122 ], [ -46.6396608, -23.5334278 ], [ -46.6395454, -23.5335206 ], [ -46.6394053, -23.5336251 ], [ -46.6392598, -23.5337259 ], [ -46.6390922, -23.5338323 ], [ -46.6389293, -23.5339269 ], [ -46.6387408, -23.5340278 ], [ -46.6385644, -23.5341157 ], [ -46.6383565, -23.5342078 ], [ -46.6381613, -23.5342859 ], [ -46.6379508, -23.534364 ], [ -46.6377638, -23.534424 ], [ -46.6375338, -23.5344913 ], [ -46.635303032662449, -23.535066711127577 ] ] ] } },
{ "type": "Feature", "properties": { "fid": 150, "Name": "Linha 11 - Coral > BFU", "description": "Estudantes > Barra Funda • 54.5km • 17 estações • 67min • 686mil pass/d • ATP • Headway: 210s", "Status_Obra": "Construído", "Modal": "Trem", "N_Linha": 11, "data_abertura": "2003-11-08" }, "geometry": { "type": "MultiLineString", "coordinates": [ [ [ -46.635313740827897, -23.535101895100016 ], [ -46.6335645, -23.5355514 ], [ -46.6333707, -23.5356032 ], [ -46.6332062, -23.5356504 ], [ -46.6330028, -23.5357132 ], [ -46.6324942, -23.5358805 ], [ -46.6323006, -23.5359413 ], [ -46.6321236, -23.5359929 ], [ -46.6318492, -23.536064 ], [ -46.6253503, -23.5377376 ], [ -46.6251682, -23.5377868 ], [ -46.6249659, -23.5378434 ], [ -46.6243767, -23.5380216 ], [ -46.6241682, -23.5380904 ], [ -46.6239466, -23.5381694 ], [ -46.6237745, -23.5382355 ], [ -46.6235744, -23.5383201 ], [ -46.6233882, -23.5384046 ], [ -46.6232087, -23.538493599999988 ], [ -46.6230299, -23.5385857 ], [ -46.6228168, -23.5386974 ], [ -46.6225621, -23.5388319 ], [ -46.6223247, -23.5389616 ], [ -46.6221202, -23.539079 ], [ -46.6218919, -23.5392152 ], [ -46.6216622, -23.53936 ], [ -46.6214953, -23.5394701 ], [ -46.621271, -23.5396247 ], [ -46.6210769, -23.5397658 ], [ -46.620924, -23.5398801 ], [ -46.6207426, -23.5400209 ], [ -46.6205954, -23.5401408 ], [ -46.6204532, -23.5402619 ], [ -46.6203158, -23.5403854 ], [ -46.6201916, -23.5405052 ], [ -46.6200622, -23.5406361 ], [ -46.6196351, -23.5410899 ], [ -46.6195015, -23.5412329 ], [ -46.61934440000001, -23.5414064 ], [ -46.6191954, -23.541577 ], [ -46.6190712, -23.5417236 ], [ -46.6189552, -23.5418663 ], [ -46.6187121, -23.5421755 ], [ -46.618174, -23.5428892 ], [ -46.6180836, -23.5430085 ], [ -46.6180086, -23.543102699999988 ], [ -46.6179332, -23.543190700000011 ], [ -46.6177964, -23.5433297 ], [ -46.6177029, -23.5434311 ], [ -46.6176229, -23.5435244 ], [ -46.6175552, -23.5436146 ], [ -46.6170563, -23.5443332 ], [ -46.616988177935959, -23.544431141875545 ] ] ] } },
{ "type": "Feature", "properties": { "fid": 151, "Name": "Linha 11 - Coral > EST", "description": "Barra Funda > Estudantes • 54.3km • 17 estações • 67min • 686mil pass/d • ATP • Headway: 210s", "Status_Obra": "Construído", "Modal": "Trem", "N_Linha": 11, "data_abertura": "2003-11-08" }, "geometry": { "type": "MultiLineString", "coordinates": [ [ [ -46.635303032662449, -23.535066711127577 ], [ -46.6337511, -23.535467 ], [ -46.6335138, -23.5355278 ], [ -46.6333052, -23.5355838 ], [ -46.633082, -23.535645899999988 ], [ -46.6326555, -23.5357712 ], [ -46.6304011, -23.5363953 ], [ -46.6301718, -23.5364546 ], [ -46.6300028, -23.5364949 ], [ -46.6292881, -23.5366646 ], [ -46.6290906, -23.5367128 ], [ -46.62889710000001, -23.5367611 ], [ -46.62573, -23.5375794 ], [ -46.6254947, -23.5376421 ], [ -46.6252077, -23.5377207 ], [ -46.6250628, -23.537763 ], [ -46.6249364, -23.5378021 ], [ -46.6243849, -23.5379776 ], [ -46.6241998, -23.5380391 ], [ -46.6239746, -23.5381165 ], [ -46.6237808, -23.5381891 ], [ -46.6236151, -23.5382544 ], [ -46.6234572, -23.5383213 ], [ -46.6232946, -23.5383957 ], [ -46.6231048, -23.5384891 ], [ -46.6229332, -23.5385776 ], [ -46.6227531, -23.538675399999988 ], [ -46.6225082, -23.5388119 ], [ -46.6222552, -23.5389558 ], [ -46.6220822, -23.5390584 ], [ -46.6219139, -23.5391592 ], [ -46.6217463, -23.5392619 ], [ -46.6215864, -23.5393649 ], [ -46.6214312, -23.5394691 ], [ -46.6212433, -23.5395988 ], [ -46.6210771, -23.5397199 ], [ -46.6209054, -23.539849 ], [ -46.6207488, -23.5399695 ], [ -46.620603, -23.5400881 ], [ -46.6204703, -23.5401976 ], [ -46.6203381, -23.5403156 ], [ -46.6202053, -23.5404409 ], [ -46.6200642, -23.5405796 ], [ -46.6199505, -23.5406986 ], [ -46.6197604, -23.5408974 ], [ -46.6195824, -23.5410889 ], [ -46.6193223, -23.5413747 ], [ -46.6191157, -23.5416121 ], [ -46.6189604, -23.5418003 ], [ -46.6188233, -23.5419711 ], [ -46.6186708, -23.5421663 ], [ -46.618468, -23.5424364 ], [ -46.6183686, -23.5425674 ], [ -46.6182779, -23.5426787 ], [ -46.6181803, -23.5427923 ], [ -46.6180757, -23.5429037 ], [ -46.6178756, -23.5431239 ], [ -46.6177846, -23.5432322 ], [ -46.6176982, -23.5433434 ], [ -46.6175955, -23.543485799999988 ], [ -46.6170273, -23.5443086 ], [ -46.616954946817053, -23.544412822159099 ] ] ] } },
{ "type": "Feature", "properties": { "fid": 152, "Name": "Linha 13 Exp. Aeroporto > AGU\n", "description": "Palmeiras Barra-Funda > Aeroporto-Guarulhos • 27.3km • 2 estações • 28min • 15mil pass/d • ATO GoA2/ATP • Headway: 1h", "Status_Obra": "Construído", "Modal": "Trem", "N_Linha": 13, "data_abertura": "2023-09-01" }, "geometry": { "type": "MultiLineString", "coordinates": [ [ [ -46.6754655, -23.5247023 ], [ -46.6708668, -23.5250608 ], [ -46.6706864, -23.5250737 ], [ -46.6704906, -23.5250811 ], [ -46.6702881, -23.5250823 ], [ -46.6701003, -23.525078 ], [ -46.6699381, -23.52507 ], [ -46.6693004, -23.5250282 ], [ -46.6691642, -23.5250215 ], [ -46.6690509, -23.525019 ], [ -46.668951, -23.5250196 ], [ -46.6688377, -23.5250245 ], [ -46.6687304, -23.5250325 ], [ -46.6658645, -23.5252532 ], [ -46.6657196, -23.5252655 ], [ -46.6656023, -23.5252791 ], [ -46.6654648, -23.5253006 ], [ -46.6653535, -23.5253215 ], [ -46.6651698, -23.5253602 ], [ -46.6643309, -23.5255373 ], [ -46.6641639, -23.5255687 ], [ -46.664009, -23.525592 ], [ -46.6638615, -23.5256111 ], [ -46.6637321, -23.525624 ], [ -46.6635631, -23.5256375 ], [ -46.6613711, -23.5258084 ], [ -46.6611384, -23.5258279 ], [ -46.660954, -23.5258482 ], [ -46.660781, -23.5258697 ], [ -46.6605899, -23.5258961 ], [ -46.6603746, -23.5259312 ], [ -46.6601963, -23.525963799999989 ], [ -46.6599804, -23.5260068 ], [ -46.6597671, -23.5260541 ], [ -46.6595572, -23.5261045 ], [ -46.6593386, -23.5261623 ], [ -46.6591509, -23.5262121 ], [ -46.6570521, -23.5267741 ], [ -46.6568086, -23.5268411 ], [ -46.6565706, -23.5269093 ], [ -46.6537744, -23.5277221 ], [ -46.6536208, -23.5277658 ], [ -46.6534867, -23.5278002 ], [ -46.6533312, -23.5278359 ], [ -46.6532017, -23.5278641 ], [ -46.65307030000001, -23.52789 ], [ -46.6528464, -23.5279268 ], [ -46.6526754, -23.5279502 ], [ -46.6524393, -23.5279736 ], [ -46.6522455, -23.5279883 ], [ -46.6520759, -23.5279957 ], [ -46.6519284, -23.528 ], [ -46.6517748, -23.5279994 ], [ -46.6515998, -23.5279951 ], [ -46.6514603, -23.5279883 ], [ -46.6512866, -23.527976 ], [ -46.6476395, -23.5276957 ], [ -46.6474531, -23.5276809 ], [ -46.64728680000001, -23.5276711 ], [ -46.6471433, -23.5276656 ], [ -46.6469891, -23.5276631 ], [ -46.646861, -23.5276649 ], [ -46.646694, -23.5276705 ], [ -46.6465358, -23.5276797 ], [ -46.6463842, -23.5276932 ], [ -46.6462193, -23.5277104 ], [ -46.6460691, -23.5277295 ], [ -46.6458927, -23.5277565 ], [ -46.6457191, -23.5277885 ], [ -46.6455709, -23.5278199 ], [ -46.6454166, -23.5278561 ], [ -46.6452503, -23.5279004 ], [ -46.6450921, -23.5279477 ], [ -46.6449405, -23.5279951 ], [ -46.6447944, -23.5280455 ], [ -46.6446576, -23.5280941 ], [ -46.6445094, -23.5281543 ], [ -46.6443585, -23.5282195 ], [ -46.6441982, -23.5282927 ], [ -46.6440279, -23.528375 ], [ -46.6438455, -23.5284722 ], [ -46.6436879, -23.5285607 ], [ -46.6435377, -23.5286505 ], [ -46.6434056, -23.5287359 ], [ -46.6432601, -23.5288331 ], [ -46.6431368, -23.5289228 ], [ -46.6430174, -23.5290138 ], [ -46.6428987, -23.529111 ], [ -46.6427653, -23.5292235 ], [ -46.6426379, -23.5293366 ], [ -46.6425058, -23.5294638 ], [ -46.6423891, -23.5295819 ], [ -46.6422852, -23.529695 ], [ -46.6421933, -23.5298001 ], [ -46.64208940000001, -23.5299268 ], [ -46.6420029, -23.5300387 ], [ -46.6419049, -23.5301727 ], [ -46.6418305, -23.5302852 ], [ -46.6417581, -23.5303965 ], [ -46.6416736, -23.5305336 ], [ -46.6410124, -23.5317337 ], [ -46.6409461, -23.5318517 ], [ -46.640875, -23.5319728 ], [ -46.6408066, -23.5320872 ], [ -46.6407254, -23.5322132 ], [ -46.6406483, -23.5323245 ], [ -46.6405585, -23.5324493 ], [ -46.6404733, -23.5325636 ], [ -46.6403848, -23.532676099999989 ], [ -46.6402882, -23.5327929 ], [ -46.640193, -23.532903 ], [ -46.6400992, -23.533005 ], [ -46.6399852, -23.5331237 ], [ -46.6398946, -23.5332116 ], [ -46.639788, -23.5333094 ], [ -46.6396814, -23.533401 ], [ -46.6395647, -23.5334963 ], [ -46.6394313, -23.5335965 ], [ -46.6392871, -23.5336991 ], [ -46.6391577, -23.5337803 ], [ -46.6390269, -23.5338614 ], [ -46.6388794, -23.5339438 ], [ -46.6387446, -23.5340157 ], [ -46.6385877, -23.5340938 ], [ -46.6384395, -23.5341621 ], [ -46.6382699, -23.5342346 ], [ -46.638125, -23.5342918 ], [ -46.6379909, -23.534341 ], [ -46.6378535, -23.5343889 ], [ -46.6377113, -23.5344319 ], [ -46.637592, -23.5344664 ], [ -46.6374545, -23.5345033 ], [ -46.635298080675021, -23.535059208207667 ] ] ] } },
{ "type": "Feature", "properties": { "fid": 153, "Name": "Linha 13 Exp. Aeroporto > BFU\n", "description": "Aeroporto-Guarulhos > Palmeiras Barra-Funda • 27.3km • 4 estações • 30min • 15mil pass/d • ATO GoA2/ATP • Headway: 1h", "Status_Obra": "Construído", "Modal": "Trem", "N_Linha": 13, "data_abertura": "2023-09-01" }, "geometry": { "type": "MultiLineString", "coordinates": [ [ [ -46.635314331458801, -23.535108976242228 ], [ -46.6374442, -23.5345612 ], [ -46.6376687, -23.5344986 ], [ -46.6378551, -23.5344426 ], [ -46.6380288, -23.5343836 ], [ -46.6381851, -23.534324 ], [ -46.638344, -23.53426 ], [ -46.6384969, -23.5341942 ], [ -46.6386383, -23.5341279 ], [ -46.6387658, -23.5340633 ], [ -46.6389012, -23.5339908 ], [ -46.6390293, -23.5339176 ], [ -46.6391667, -23.5338358 ], [ -46.6392975, -23.533751 ], [ -46.6394303, -23.5336606 ], [ -46.6395496, -23.5335721 ], [ -46.639679, -23.5334713 ], [ -46.6397883, -23.5333809 ], [ -46.6399057, -23.5332764 ], [ -46.6400123, -23.5331737 ], [ -46.6401256, -23.53306 ], [ -46.6402242, -23.5329505 ], [ -46.6403201, -23.5328417 ], [ -46.6404093, -23.5327366 ], [ -46.6405119, -23.5326044 ], [ -46.6406098, -23.5324753 ], [ -46.6407184, -23.5323216 ], [ -46.6408103, -23.5321827 ], [ -46.6408968, -23.5320437 ], [ -46.6409826, -23.531898 ], [ -46.6410631, -23.5317542 ], [ -46.6411355, -23.5316226 ], [ -46.6415673, -23.5308308 ], [ -46.6416491, -23.5306869 ], [ -46.6417182, -23.5305664 ], [ -46.6417893, -23.5304471 ], [ -46.641855, -23.5303395 ], [ -46.6419341, -23.530219 ], [ -46.6420092, -23.5301145 ], [ -46.6420964, -23.5299977 ], [ -46.6421782, -23.5298957 ], [ -46.6422694, -23.5297918 ], [ -46.6423633, -23.529689099999988 ], [ -46.6424592, -23.5295864 ], [ -46.6425611, -23.5294862 ], [ -46.6426529, -23.5293989 ], [ -46.6427649, -23.5292975 ], [ -46.6428809, -23.5291966 ], [ -46.6429956, -23.5291026 ], [ -46.643127, -23.5290005 ], [ -46.6432551, -23.5289071 ], [ -46.6433812, -23.5288173 ], [ -46.6435287, -23.5287202 ], [ -46.6436568, -23.5286421 ], [ -46.6437982, -23.5285585 ], [ -46.6439498, -23.5284767 ], [ -46.6440953, -23.5284005 ], [ -46.6442462, -23.5283273 ], [ -46.6443977, -23.5282591 ], [ -46.6445473, -23.5281963 ], [ -46.6446995, -23.5281361 ], [ -46.6448584, -23.5280783 ], [ -46.6450307, -23.5280217 ], [ -46.6451836, -23.5279738 ], [ -46.6453358, -23.5279308 ], [ -46.6455014, -23.5278896 ], [ -46.6456503, -23.5278564 ], [ -46.6458166, -23.5278219 ], [ -46.6459809, -23.5277943 ], [ -46.6461331, -23.5277727 ], [ -46.6462826, -23.5277549 ], [ -46.6464335, -23.5277402 ], [ -46.6465877, -23.5277297 ], [ -46.6467379, -23.5277229 ], [ -46.6468908, -23.5277193 ], [ -46.6470357, -23.5277186 ], [ -46.6471926, -23.5277211 ], [ -46.6473676, -23.5277285 ], [ -46.6475292, -23.5277389 ], [ -46.6477143, -23.5277518 ], [ -46.6509462, -23.5280031 ], [ -46.6511929, -23.5280216 ], [ -46.6513961, -23.5280357 ], [ -46.6515671, -23.5280443 ], [ -46.6517227, -23.5280505 ], [ -46.6518736, -23.5280511 ], [ -46.6520217, -23.5280499 ], [ -46.6521746, -23.5280437 ], [ -46.652349, -23.5280326 ], [ -46.6525139, -23.5280191 ], [ -46.6526661, -23.5280025 ], [ -46.6528304, -23.5279804 ], [ -46.6529961, -23.5279552 ], [ -46.6531422, -23.5279287 ], [ -46.6532958, -23.527898 ], [ -46.6534675, -23.5278574 ], [ -46.6536291, -23.5278156 ], [ -46.6538289, -23.5277603 ], [ -46.6540207, -23.5277037 ], [ -46.656173, -23.5270785 ], [ -46.6565056, -23.526982 ], [ -46.6567872, -23.5269027 ], [ -46.6570367, -23.5268332 ], [ -46.6593773, -23.5262055 ], [ -46.6595503, -23.52616 ], [ -46.6597374, -23.5261151 ], [ -46.6599071, -23.5260763 ], [ -46.6600754, -23.5260407 ], [ -46.6602544, -23.526007499999988 ], [ -46.6604053, -23.5259798 ], [ -46.6605897, -23.5259503 ], [ -46.6607774, -23.5259257 ], [ -46.6609632, -23.5259036 ], [ -46.6611583, -23.5258833 ], [ -46.66134670000001, -23.5258673 ], [ -46.6616331, -23.5258427 ], [ -46.6617507, -23.525832 ], [ -46.6618718, -23.525819 ], [ -46.6619864, -23.525804 ], [ -46.6623623, -23.5257477 ], [ -46.6624751, -23.5257316 ], [ -46.6625966, -23.5257173 ], [ -46.6627227, -23.525705 ], [ -46.66286190000001, -23.5256918 ], [ -46.6635631, -23.5256375 ], [ -46.6637297, -23.5256234 ], [ -46.6638615, -23.5256111 ], [ -46.664009, -23.525592 ], [ -46.6641639, -23.5255687 ], [ -46.6643309, -23.5255373 ], [ -46.6651698, -23.5253602 ], [ -46.6653535, -23.5253215 ], [ -46.6654648, -23.5253006 ], [ -46.6656023, -23.5252791 ], [ -46.6657196, -23.5252655 ], [ -46.6658645, -23.5252532 ], [ -46.6687304, -23.5250325 ], [ -46.6688377, -23.5250245 ], [ -46.668951, -23.5250196 ], [ -46.6690509, -23.525019 ], [ -46.6691642, -23.5250215 ], [ -46.6693004, -23.5250282 ], [ -46.6699381, -23.52507 ], [ -46.6701003, -23.525078 ], [ -46.6702881, -23.5250823 ], [ -46.6704906, -23.5250811 ], [ -46.6706864, -23.5250737 ], [ -46.6708668, -23.5250608 ], [ -46.6709979, -23.5250504 ], [ -46.6711031, -23.5250439 ], [ -46.6712133, -23.5250395 ], [ -46.6713264, -23.5250369 ], [ -46.6718317, -23.5250326 ], [ -46.6719541, -23.5250307 ], [ -46.6720731, -23.525027 ], [ -46.6721941, -23.5250209 ], [ -46.6723319, -23.525012 ], [ -46.6754728, -23.5247685 ] ] ] } }
]
}
